cod_mun,municipio,cod_uf,alpha_pareto,gini_inf,gini_sup,gini_lognormal,ln_sigma,ln_mad,ln_converged,ln_outside_bounds,pct_sem_declaracao,populacao_considerada,gini_2010,gini_inf_a1_2,gini_sup_a1_2,gini_inf_a1_5,gini_sup_a1_5,gini_inf_a2_0,gini_sup_a2_0
1100015,Alta Floresta D'Oeste - RO,11,1.5,0.4131,0.4475,0.4475,0.752,0.0097,True,True,0.0,21445,0.58,0.4131,0.4475,0.4131,0.4475,0.4131,0.4475
1100023,Ariquemes - RO,11,1.5,0.4462,0.4757,0.4571,0.8037,0.004,True,False,0.0,96130,0.53,0.4615,0.4902,0.4462,0.4757,0.4409,0.4707
1100031,Cabixi - RO,11,1.5,0.4062,0.4427,0.3984,0.711,0.009,True,False,0.0,5345,0.51,0.4293,0.4643,0.4062,0.4427,0.3982,0.4351
1100049,Cacoal - RO,11,1.5,0.4707,0.497,0.4901,0.8451,0.0067,True,False,0.0,86514,0.57,0.4791,0.505,0.4707,0.497,0.4678,0.4943
1100056,Cerejeiras - RO,11,1.5,0.4505,0.4823,0.4406,0.7643,0.0076,True,False,0.0,15800,0.5,0.4972,0.5265,0.4505,0.4823,0.4329,0.4657
1100064,Colorado do Oeste - RO,11,1.5,0.4441,0.4741,0.4446,0.8,0.0162,True,False,0.0,15653,0.49,0.4441,0.4741,0.4441,0.4741,0.4441,0.4741
1100072,Corumbiara - RO,11,1.5,0.3997,0.4356,0.4092,0.7159,0.0093,True,False,0.0,7499,0.48,0.4267,0.461,0.3997,0.4356,0.3901,0.4266
1100080,Costa Marques - RO,11,1.5,0.4536,0.4856,0.4421,0.7916,0.0112,True,False,0.0,12528,0.52,0.481,0.5114,0.4536,0.4856,0.4438,0.4763
1100098,Espigão D'Oeste - RO,11,1.5,0.4129,0.4472,0.4355,0.7728,0.0086,True,False,0.0,29347,0.52,0.4129,0.4472,0.4129,0.4472,0.4129,0.4472
1100106,Guajará-Mirim - RO,11,1.5,0.5547,0.5779,0.5843,1.0541,0.0103,True,True,0.0,38904,0.54,0.5547,0.5779,0.5547,0.5779,0.5547,0.5779
1100114,Jaru - RO,11,1.5,0.4607,0.49,0.4883,0.8149,0.0074,True,False,0.0,50526,0.49,0.4607,0.49,0.4607,0.49,0.4607,0.49
1100122,Ji-Paraná - RO,11,1.5,0.4508,0.4804,0.4704,0.8156,0.0042,True,False,0.0,123729,0.53,0.4645,0.4934,0.4508,0.4804,0.446,0.4759
1100130,Machadinho D'Oeste - RO,11,1.5,0.4114,0.4465,0.4612,0.7968,0.018,True,True,0.0,30412,0.55,0.4114,0.4465,0.4114,0.4465,0.4114,0.4465
1100148,Nova Brasilândia D'Oeste - RO,11,1.5,0.4494,0.4818,0.5002,0.8135,0.0132,True,True,0.0,15679,0.56,0.4494,0.4818,0.4494,0.4818,0.4494,0.4818
1100155,Ouro Preto do Oeste - RO,11,1.5,0.454,0.4839,0.4789,0.7844,0.0107,True,False,0.0,34828,0.48,0.4622,0.4916,0.454,0.4839,0.4513,0.4812
1100189,Pimenta Bueno - RO,11,1.5,0.4258,0.4594,0.4466,0.7786,0.0066,True,False,0.0,34780,0.54,0.4335,0.4667,0.4258,0.4594,0.4232,0.4569
1100205,Porto Velho - RO,11,1.5,0.5454,0.5669,0.5657,0.9631,0.0077,True,False,0.0,457315,0.56,0.5595,0.5804,0.5454,0.5669,0.5405,0.5623
1100254,Presidente Médici - RO,11,1.5,0.4587,0.4887,0.5108,0.7688,0.0099,True,True,0.0,19268,0.53,0.4587,0.4887,0.4587,0.4887,0.4587,0.4887
1100262,Rio Crespo - RO,11,1.5,0.4109,0.446,0.4118,0.7265,0.0168,True,False,0.0,3444,0.58,0.4401,0.4735,0.4109,0.446,0.4005,0.4362
1100288,Rolim de Moura - RO,11,1.5,0.4191,0.4519,0.4401,0.768,0.0106,True,False,0.0,56155,0.53,0.4259,0.4583,0.4191,0.4519,0.4168,0.4498
1100296,Santa Luzia D'Oeste - RO,11,1.5,0.3981,0.4347,0.4395,0.739,0.0158,True,True,0.0,7388,0.49,0.3981,0.4347,0.3981,0.4347,0.3981,0.4347
1100304,Vilhena - RO,11,1.5,0.4464,0.4761,0.4623,0.7864,0.0074,True,False,0.0,95354,0.5,0.4636,0.4924,0.4464,0.4761,0.4404,0.4704
1100320,São Miguel do Guaporé - RO,11,1.5,0.4271,0.4584,0.4497,0.7813,0.0084,True,False,0.0,21556,0.62,0.4271,0.4584,0.4271,0.4584,0.4271,0.4584
1100338,Nova Mamoré - RO,11,1.5,0.4528,0.4834,0.4777,0.8342,0.0117,True,False,0.0,25368,0.52,0.4528,0.4834,0.4528,0.4834,0.4528,0.4834
1100346,Alvorada D'Oeste - RO,11,1.5,0.4578,0.4885,0.4871,0.7849,0.0107,True,False,0.0,13119,0.53,0.4578,0.4885,0.4578,0.4885,0.4578,0.4885
1100379,Alto Alegre dos Parecis - RO,11,1.5,0.4584,0.4895,0.4618,0.8107,0.0128,True,False,0.0,11479,0.54,0.4859,0.5155,0.4584,0.4895,0.4485,0.4802
1100403,Alto Paraíso - RO,11,1.5,0.4597,0.4911,0.5004,0.7921,0.0079,True,True,0.0,16307,0.54,0.4597,0.4911,0.4597,0.4911,0.4597,0.4911
1100452,Buritis - RO,11,1.5,0.3961,0.4319,0.4198,0.7453,0.0047,True,False,0.0,27800,0.5,0.3961,0.4319,0.3961,0.4319,0.3961,0.4319
1100502,Novo Horizonte do Oeste - RO,11,1.5,0.4762,0.5058,0.5166,0.8239,0.007,True,True,0.0,7657,0.51,0.4762,0.5058,0.4762,0.5058,0.4762,0.5058
1100601,Cacaulândia - RO,11,1.5,0.4159,0.45,0.4483,0.7517,0.0122,True,False,0.0,4151,0.56,0.4159,0.45,0.4159,0.45,0.4159,0.45
1100700,Campo Novo de Rondônia - RO,11,1.5,0.4516,0.4837,0.5087,0.7859,0.0019,True,True,0.0,8833,0.67,0.4516,0.4837,0.4516,0.4837,0.4516,0.4837
1100809,Candeias do Jamari - RO,11,1.5,0.4187,0.4543,0.465,0.7766,0.0077,True,True,0.0,22294,0.47,0.4187,0.4543,0.4187,0.4543,0.4187,0.4543
1100908,Castanheiras - RO,11,1.5,0.4039,0.4411,0.4392,0.7377,0.0104,True,False,0.0,3224,0.5,0.4039,0.4411,0.4039,0.4411,0.4039,0.4411
1100924,Chupinguaia - RO,11,1.5,0.4179,0.452,0.4437,0.7753,0.0098,True,False,0.0,9313,0.47,0.4179,0.452,0.4179,0.452,0.4179,0.452
1100940,Cujubim - RO,11,1.5,0.4428,0.4737,0.4946,0.8068,0.0049,True,True,0.0,14864,0.52,0.4428,0.4737,0.4428,0.4737,0.4428,0.4737
1101005,Governador Jorge Teixeira - RO,11,1.5,0.4863,0.5161,0.5656,0.821,0.0052,True,True,0.0,7966,0.55,0.4863,0.5161,0.4863,0.5161,0.4863,0.5161
1101104,Itapuã do Oeste - RO,11,1.5,0.4029,0.4378,0.442,0.754,0.0053,True,True,0.0,8548,0.47,0.4029,0.4378,0.4029,0.4378,0.4029,0.4378
1101203,Ministro Andreazza - RO,11,1.5,0.4349,0.468,0.4657,0.7768,0.0123,True,False,0.0,6467,0.54,0.4349,0.468,0.4349,0.468,0.4349,0.468
1101302,Mirante da Serra - RO,11,1.5,0.416,0.4487,0.4267,0.7689,0.014,True,False,0.0,9235,0.6,0.416,0.4487,0.416,0.4487,0.416,0.4487
1101401,Monte Negro - RO,11,1.5,0.4391,0.4708,0.4643,0.7972,0.0035,True,False,0.0,11529,0.47,0.4391,0.4708,0.4391,0.4708,0.4391,0.4708
1101435,Nova União - RO,11,1.5,0.4347,0.4692,0.4864,0.7659,0.0142,True,True,0.0,6197,0.47,0.4347,0.4692,0.4347,0.4692,0.4347,0.4692
1101450,Parecis - RO,11,1.5,0.4747,0.5083,0.5612,0.8424,0.0331,True,True,0.0,4125,0.52,0.4747,0.5083,0.4747,0.5083,0.4747,0.5083
1101468,Pimenteiras do Oeste - RO,11,1.5,0.4598,0.4926,0.5357,0.796,0.0116,True,True,0.0,2116,0.49,0.4598,0.4926,0.4598,0.4926,0.4598,0.4926
1101476,Primavera de Rondônia - RO,11,1.5,0.4488,0.4833,0.5218,0.767,0.0209,True,True,0.0,3077,0.52,0.4488,0.4833,0.4488,0.4833,0.4488,0.4833
1101484,São Felipe D'Oeste - RO,11,1.5,0.3998,0.4369,0.4176,0.7542,0.0202,True,False,0.0,5256,0.47,0.3998,0.4369,0.3998,0.4369,0.3998,0.4369
1101492,São Francisco do Guaporé - RO,11,1.5,0.3799,0.4173,0.4091,0.7156,0.0106,True,False,0.0,16250,0.56,0.3799,0.4173,0.3799,0.4173,0.3799,0.4173
1101500,Seringueiras - RO,11,1.5,0.4501,0.4817,0.4914,0.8202,0.0127,True,True,0.0,11158,0.63,0.4501,0.4817,0.4501,0.4817,0.4501,0.4817
1101559,Teixeirópolis - RO,11,1.5,0.4398,0.4726,0.4768,0.7843,0.0139,True,True,0.0,4256,0.43,0.4398,0.4726,0.4398,0.4726,0.4398,0.4726
1101609,Theobroma - RO,11,1.5,0.4961,0.526,0.4681,0.8129,0.0077,True,False,0.0,8115,0.57,0.5461,0.5732,0.4961,0.526,0.4768,0.5078
1101708,Urupá - RO,11,1.5,0.4392,0.4715,0.4933,0.7634,0.0058,True,True,0.0,10725,0.51,0.4392,0.4715,0.4392,0.4715,0.4392,0.4715
1101757,Vale do Anari - RO,11,1.5,0.4133,0.4491,0.433,0.746,0.0059,True,False,0.0,7740,0.57,0.4133,0.4491,0.4133,0.4491,0.4133,0.4491
1101807,Vale do Paraíso - RO,11,1.5,0.4225,0.4549,0.4469,0.8077,0.0088,True,False,0.0,6476,0.59,0.4225,0.4549,0.4225,0.4549,0.4225,0.4549
1200013,Acrelândia - AC,12,1.5,0.4149,0.4503,0.4431,0.7972,0.0073,True,False,0.0,13993,0.54,0.4149,0.4503,0.4149,0.4503,0.4149,0.4503
1200054,Assis Brasil - AC,12,1.5,0.518,0.5506,0.5602,1.0323,0.0072,True,True,0.0,8092,0.61,0.518,0.5506,0.518,0.5506,0.518,0.5506
1200104,Brasiléia - AC,12,1.5,0.4649,0.496,0.4887,0.8433,0.0083,True,False,0.0,25757,0.58,0.4649,0.496,0.4649,0.496,0.4649,0.496
1200138,Bujari - AC,12,1.5,0.4964,0.5304,0.5275,0.9103,0.0091,True,False,0.0,12919,0.58,0.4964,0.5304,0.4964,0.5304,0.4964,0.5304
1200179,Capixaba - AC,12,1.5,0.4113,0.4478,0.4202,0.7685,0.0068,True,False,0.0,10371,0.56,0.4267,0.4622,0.4113,0.4478,0.406,0.4429
1200203,Cruzeiro do Sul - AC,12,1.5,0.4984,0.5273,0.5273,0.9687,0.0029,True,True,0.0,91095,0.64,0.4984,0.5273,0.4984,0.5273,0.4984,0.5273
1200252,Epitaciolândia - AC,12,1.5,0.4809,0.5096,0.4889,0.8785,0.0102,True,False,0.0,18725,0.6,0.4889,0.517,0.4809,0.5096,0.4783,0.507
1200302,Feijó - AC,12,1.5,0.4992,0.5404,0.5368,0.9601,0.0057,True,False,0.0,35286,0.68,0.4992,0.5404,0.4992,0.5404,0.4992,0.5404
1200328,Jordão - AC,12,1.5,0.5383,0.5934,0.5701,1.1002,0.011,True,False,0.0,9176,0.71,0.5383,0.5934,0.5383,0.5934,0.5383,0.5934
1200336,Mâncio Lima - AC,12,1.5,0.4741,0.5106,0.4954,0.9049,0.0035,True,False,0.0,19171,0.61,0.4856,0.5213,0.4741,0.5106,0.4701,0.5069
1200344,Manoel Urbano - AC,12,1.5,0.4301,0.4712,0.4665,0.8464,0.0017,True,False,0.0,11967,0.59,0.4301,0.4712,0.4301,0.4712,0.4301,0.4712
1200351,Marechal Thaumaturgo - AC,12,1.5,0.4697,0.5231,0.4957,0.9134,0.0047,True,False,0.0,17089,0.59,0.4697,0.5231,0.4697,0.5231,0.4697,0.5231
1200385,Plácido de Castro - AC,12,1.5,0.4688,0.4988,0.4812,0.8894,0.0089,True,False,0.0,16560,0.55,0.4688,0.4988,0.4688,0.4988,0.4688,0.4988
1200393,Porto Walter - AC,12,1.5,0.4746,0.5145,0.515,0.8799,0.0075,True,True,0.0,10736,0.61,0.4746,0.5145,0.4746,0.5145,0.4746,0.5145
1200401,Rio Branco - AC,12,1.5,0.5387,0.5601,0.5496,1.0069,0.0086,True,False,0.0,361804,0.59,0.5467,0.5678,0.5387,0.5601,0.536,0.5575
1200427,Rodrigues Alves - AC,12,1.5,0.487,0.5276,0.519,0.9672,0.0019,True,False,0.0,14919,0.63,0.487,0.5276,0.487,0.5276,0.487,0.5276
1200435,Santa Rosa do Purus - AC,12,1.5,0.5199,0.5896,0.5469,1.024,0.006,True,False,0.0,6704,0.78,0.5525,0.6174,0.5199,0.5896,0.508,0.5793
1200450,Senador Guiomard - AC,12,1.5,0.4349,0.4682,0.4526,0.8315,0.0135,True,False,0.0,20992,0.55,0.4349,0.4682,0.4349,0.4682,0.4349,0.4682
1200500,Sena Madureira - AC,12,1.5,0.5234,0.5552,0.5322,0.9837,0.0064,True,False,0.0,40781,0.54,0.535,0.5661,0.5234,0.5552,0.5193,0.5515
1200609,Tarauacá - AC,12,1.5,0.5803,0.6236,0.6059,1.1191,0.0042,True,False,0.0,42741,0.65,0.5803,0.6236,0.5803,0.6236,0.5803,0.6236
1200708,Xapuri - AC,12,1.5,0.471,0.5031,0.4892,0.8967,0.0117,True,False,0.0,18229,0.58,0.471,0.5031,0.471,0.5031,0.471,0.5031
1200807,Porto Acre - AC,12,1.5,0.4309,0.4684,0.465,0.8313,0.0054,True,False,0.0,16672,0.6,0.4309,0.4684,0.4309,0.4684,0.4309,0.4684
1300029,Alvarães - AM,13,1.5,0.4011,0.455,0.4313,0.7882,0.0037,True,False,0.0,15830,0.58,0.4011,0.455,0.4011,0.455,0.4011,0.455
1300060,Amaturá - AM,13,1.5,0.516,0.5651,0.5241,0.9887,0.0062,True,False,0.0,10795,0.64,0.516,0.5651,0.516,0.5651,0.516,0.5651
1300086,Anamã - AM,13,1.5,0.4168,0.4639,0.44,0.8003,0.0151,True,False,0.0,9935,0.58,0.4168,0.4639,0.4168,0.4639,0.4168,0.4639
1300102,Anori - AM,13,1.5,0.4433,0.4857,0.4672,0.8605,0.0072,True,False,0.0,17116,0.6,0.4433,0.4857,0.4433,0.4857,0.4433,0.4857
1300144,Apuí - AM,13,1.5,0.4602,0.4908,0.4826,0.8755,0.0095,True,False,0.0,20534,0.56,0.4602,0.4908,0.4602,0.4908,0.4602,0.4908
1300201,Atalaia do Norte - AM,13,1.5,0.5668,0.6105,0.6153,1.0647,0.0026,True,True,0.0,15195,0.65,0.5668,0.6105,0.5668,0.6105,0.5668,0.6105
1300300,Autazes - AM,13,1.5,0.4594,0.4985,0.4582,0.8419,0.0051,True,False,0.0,41538,0.59,0.4865,0.5236,0.4594,0.4985,0.4498,0.4895
1300409,Barcelos - AM,13,1.5,0.5535,0.586,0.5962,0.9202,0.0042,True,True,0.0,18717,0.74,0.5823,0.6127,0.5535,0.586,0.543,0.5762
1300508,Barreirinha - AM,13,1.5,0.4349,0.4836,0.4656,0.8238,0.0087,True,False,0.0,30899,0.6,0.4349,0.4836,0.4349,0.4836,0.4349,0.4836
1300607,Benjamin Constant - AM,13,1.5,0.5372,0.5831,0.5632,1.0336,0.0116,True,False,0.0,37530,0.56,0.5372,0.5831,0.5372,0.5831,0.5372,0.5831
1300631,Beruri - AM,13,1.5,0.5862,0.6261,0.5241,0.9699,0.004,True,False,0.0,20687,0.65,0.6625,0.6953,0.5862,0.6261,0.5524,0.5954
1300680,Boa Vista do Ramos - AM,13,1.5,0.3902,0.4424,0.427,0.7469,0.0098,True,False,0.0,23745,0.59,0.3902,0.4424,0.3902,0.4424,0.3902,0.4424
1300706,Boca do Acre - AM,13,1.5,0.4856,0.5245,0.5181,0.949,0.0089,True,False,0.0,35267,0.63,0.4856,0.5245,0.4856,0.5245,0.4856,0.5245
1300805,Borba - AM,13,1.5,0.48,0.5245,0.5101,0.9265,0.0038,True,False,0.0,33022,0.64,0.48,0.5245,0.48,0.5245,0.48,0.5245
1300839,Caapiranga - AM,13,1.5,0.4644,0.5217,0.505,0.9222,0.0036,True,False,0.0,13356,0.58,0.4644,0.5217,0.4644,0.5217,0.4644,0.5217
1300904,Canutama - AM,13,1.5,0.4314,0.4755,0.464,0.8475,0.0068,True,False,0.0,16860,0.61,0.4314,0.4755,0.4314,0.4755,0.4314,0.4755
1301001,Carauari - AM,13,1.5,0.4694,0.5164,0.4938,0.9124,0.0062,True,False,0.0,28675,0.54,0.4718,0.5186,0.4694,0.5164,0.4686,0.5156
1301100,Careiro - AM,13,1.5,0.4644,0.5025,0.5111,0.9073,0.0147,True,True,0.0,30706,0.66,0.4644,0.5025,0.4644,0.5025,0.4644,0.5025
1301159,Careiro da Várzea - AM,13,1.5,0.4588,0.4984,0.498,0.8829,0.004,True,False,0.0,19571,0.57,0.4588,0.4984,0.4588,0.4984,0.4588,0.4984
1301209,Coari - AM,13,1.5,0.491,0.5345,0.5157,0.9282,0.0048,True,False,0.0,70524,0.64,0.491,0.5345,0.491,0.5345,0.491,0.5345
1301308,Codajás - AM,13,1.5,0.4687,0.5105,0.4975,0.8937,0.0087,True,False,0.0,23462,0.61,0.4687,0.5105,0.4687,0.5105,0.4687,0.5105
1301407,Eirunepé - AM,13,1.5,0.4883,0.5329,0.5177,0.9516,0.0045,True,False,0.0,33069,0.62,0.4883,0.5329,0.4883,0.5329,0.4883,0.5329
1301506,Envira - AM,13,1.5,0.4648,0.5068,0.4914,0.8292,0.0078,True,False,0.0,17116,0.64,0.4648,0.5068,0.4648,0.5068,0.4648,0.5068
1301605,Fonte Boa - AM,13,1.5,0.4491,0.4892,0.4521,0.8303,0.0076,True,False,0.0,25725,0.62,0.4824,0.5201,0.4491,0.4892,0.437,0.4779
1301654,Guajará - AM,13,1.5,0.3973,0.442,0.4256,0.7881,0.0063,True,False,0.0,13796,0.74,0.3973,0.442,0.3973,0.442,0.3973,0.442
1301704,Humaitá - AM,13,1.5,0.4971,0.5264,0.5097,0.9075,0.0109,True,False,0.0,57421,0.66,0.4971,0.5264,0.4971,0.5264,0.4971,0.5264
1301803,Ipixuna - AM,13,1.5,0.4412,0.4948,0.4832,0.8925,0.0076,True,False,0.0,24032,0.58,0.4412,0.4948,0.4412,0.4948,0.4412,0.4948
1301852,Iranduba - AM,13,1.5,0.4462,0.4809,0.4688,0.8439,0.0055,True,False,0.0,60869,0.56,0.4462,0.4809,0.4462,0.4809,0.4462,0.4809
1301902,Itacoatiara - AM,13,1.5,0.4967,0.5301,0.5245,0.9346,0.0053,True,False,0.0,103128,0.59,0.4967,0.5301,0.4967,0.5301,0.4967,0.5301
1301951,Itamarati - AM,13,1.5,0.5266,0.5758,0.5373,0.9906,0.0084,True,False,0.0,10914,0.8,0.5436,0.591,0.5266,0.5758,0.5207,0.5705
1302009,Itapiranga - AM,13,1.5,0.4512,0.4883,0.4673,0.8338,0.0079,True,False,0.0,10103,0.67,0.4512,0.4883,0.4512,0.4883,0.4512,0.4883
1302108,Japurá - AM,13,1.5,0.4846,0.5163,0.4821,0.8799,0.0158,True,False,0.0,8766,0.59,0.4947,0.5258,0.4846,0.5163,0.4811,0.513
1302207,Juruá - AM,13,1.5,0.467,0.515,0.5336,0.8863,0.0156,True,True,0.0,10729,0.6,0.467,0.515,0.467,0.515,0.467,0.515
1302306,Jutaí - AM,13,1.5,0.4625,0.5067,0.483,0.8752,0.0071,True,False,0.0,24979,0.69,0.468,0.5118,0.4625,0.5067,0.4606,0.505
1302405,Lábrea - AM,13,1.5,0.4574,0.4984,0.4862,0.8825,0.0027,True,False,0.0,45294,0.59,0.4574,0.4984,0.4574,0.4984,0.4574,0.4984
1302504,Manacapuru - AM,13,1.5,0.4644,0.5019,0.4907,0.8944,0.0042,True,False,0.0,101684,0.56,0.4644,0.5019,0.4644,0.5019,0.4644,0.5019
1302553,Manaquiri - AM,13,1.5,0.4906,0.5381,0.5335,0.9706,0.0082,True,False,0.0,17107,0.57,0.4906,0.5381,0.4906,0.5381,0.4906,0.5381
1302603,Manaus - AM,13,1.5,0.5728,0.5939,0.5641,0.9968,0.0119,True,False,0.0,2057265,0.61,0.5964,0.6164,0.5728,0.5939,0.5643,0.5858
1302702,Manicoré - AM,13,1.5,0.4959,0.5326,0.5062,0.9475,0.0023,True,False,0.0,53861,0.6,0.5093,0.5451,0.4959,0.5326,0.4913,0.5283
1302801,Maraã - AM,13,1.5,0.4724,0.5259,0.4864,0.9117,0.0059,True,False,0.0,15404,0.69,0.4724,0.5259,0.4724,0.5259,0.4724,0.5259
1302900,Maués - AM,13,1.5,0.4535,0.5083,0.493,0.8734,0.0037,True,False,0.0,61001,0.64,0.4535,0.5083,0.4535,0.5083,0.4535,0.5083
1303007,Nhamundá - AM,13,1.5,0.4547,0.4994,0.4732,0.7998,0.0129,True,False,0.0,20067,0.65,0.4547,0.4994,0.4547,0.4994,0.4547,0.4994
1303106,Nova Olinda do Norte - AM,13,1.5,0.4009,0.4488,0.4376,0.7796,0.0041,True,False,0.0,26873,0.63,0.4009,0.4488,0.4009,0.4488,0.4009,0.4488
1303205,Novo Airão - AM,13,1.5,0.5519,0.5814,0.5831,0.9251,0.0086,True,True,0.0,15730,0.59,0.5768,0.6047,0.5519,0.5814,0.5429,0.573
1303304,Novo Aripuanã - AM,13,1.5,0.4373,0.4797,0.441,0.8091,0.0187,True,False,0.0,23678,0.57,0.4373,0.4797,0.4373,0.4797,0.4373,0.4797
1303403,Parintins - AM,13,1.5,0.5081,0.5401,0.5006,0.9318,0.0111,True,False,0.0,96033,0.59,0.5201,0.5513,0.5081,0.5401,0.5039,0.5362
1303502,Pauini - AM,13,1.5,0.5169,0.5637,0.6027,0.9152,0.0067,True,True,0.0,19319,0.72,0.5169,0.5637,0.5169,0.5637,0.5169,0.5637
1303536,Presidente Figueiredo - AM,13,1.5,0.4813,0.5109,0.4989,0.8694,0.0074,True,False,0.0,30648,0.52,0.4913,0.5203,0.4813,0.5109,0.4779,0.5077
1303569,Rio Preto da Eva - AM,13,1.5,0.4367,0.4717,0.455,0.8231,0.0059,True,False,0.0,24863,0.55,0.4367,0.4717,0.4367,0.4717,0.4367,0.4717
1303601,Santa Isabel do Rio Negro - AM,13,1.5,0.4288,0.4851,0.4871,0.8073,0.0057,True,True,0.0,14102,0.72,0.4288,0.4851,0.4288,0.4851,0.4288,0.4851
1303700,Santo Antônio do Içá - AM,13,1.5,0.494,0.5491,0.5143,0.9152,0.009,True,False,0.0,28147,0.67,0.494,0.5491,0.494,0.5491,0.494,0.5491
1303809,São Gabriel da Cachoeira - AM,13,1.5,0.5541,0.5948,0.5942,1.0258,0.0053,True,False,0.0,51508,0.8,0.5541,0.5948,0.5541,0.5948,0.5541,0.5948
1303908,São Paulo de Olivença - AM,13,1.5,0.4932,0.5537,0.564,0.8913,0.0086,True,True,0.0,32945,0.64,0.4932,0.5537,0.4932,0.5537,0.4932,0.5537
1303957,São Sebastião do Uatumã - AM,13,1.5,0.4473,0.4858,0.4833,0.8983,0.005,True,False,0.0,11581,0.58,0.4473,0.4858,0.4473,0.4858,0.4473,0.4858
1304005,Silves - AM,13,1.5,0.4541,0.502,0.4862,0.9053,0.0098,True,False,0.0,11536,0.56,0.4662,0.513,0.4541,0.502,0.4499,0.4982
1304062,Tabatinga - AM,13,1.5,0.5075,0.5441,0.5082,0.9263,0.0128,True,False,0.0,66361,0.65,0.5075,0.5441,0.5075,0.5441,0.5075,0.5441
1304104,Tapauá - AM,13,1.5,0.477,0.5239,0.497,0.8974,0.0027,True,False,0.0,19484,0.6,0.4944,0.5397,0.477,0.5239,0.4709,0.5184
1304203,Tefé - AM,13,1.5,0.4996,0.5328,0.491,0.906,0.0074,True,False,0.0,73575,0.62,0.5137,0.5459,0.4996,0.5328,0.4948,0.5283
1304237,Tonantins - AM,13,1.5,0.4056,0.4694,0.4473,0.816,0.0045,True,False,0.0,19234,0.54,0.4056,0.4694,0.4056,0.4694,0.4056,0.4694
1304260,Uarini - AM,13,1.5,0.4233,0.4764,0.4508,0.8414,0.0043,True,False,0.0,14245,0.61,0.4233,0.4764,0.4233,0.4764,0.4233,0.4764
1304302,Urucará - AM,13,1.5,0.4115,0.4506,0.4366,0.8007,0.0058,True,False,0.0,18553,0.6,0.4115,0.4506,0.4115,0.4506,0.4115,0.4506
1304401,Urucurituba - AM,13,1.5,0.4181,0.4602,0.4325,0.7686,0.006,True,False,0.0,23463,0.58,0.424,0.4657,0.4181,0.4602,0.4161,0.4584
1400027,Amajari - RR,14,1.5,0.6115,0.639,0.7326,0.9167,0.0055,True,True,0.0,13755,0.75,0.6115,0.639,0.6115,0.639,0.6115,0.639
1400050,Alto Alegre - RR,14,1.5,0.7035,0.7245,0.8252,1.0255,0.0036,True,True,0.0,20907,0.73,0.7035,0.7245,0.7035,0.7245,0.7035,0.7245
1400100,Boa Vista - RR,14,1.5,0.5559,0.5762,0.5656,1.0221,0.0071,True,False,0.0,402747,0.58,0.5709,0.5905,0.5559,0.5762,0.5507,0.5712
1400159,Bonfim - RR,14,1.5,0.4871,0.5285,0.5262,0.9174,0.0058,True,False,0.0,13843,0.72,0.4871,0.5285,0.4871,0.5285,0.4871,0.5285
1400175,Cantá - RR,14,1.5,0.503,0.5352,0.5193,0.9464,0.0147,True,False,0.0,18521,0.66,0.503,0.5352,0.503,0.5352,0.503,0.5352
1400209,Caracaraí - RR,14,1.5,0.4997,0.5322,0.5516,0.9066,0.0052,True,True,0.0,20863,0.56,0.4997,0.5322,0.4997,0.5322,0.4997,0.5322
1400233,Caroebe - RR,14,1.5,0.4591,0.49,0.4773,0.8687,0.0091,True,False,0.0,10493,0.55,0.4591,0.49,0.4591,0.49,0.4591,0.49
1400282,Iracema - RR,14,1.5,0.4994,0.5306,0.563,0.8114,0.0096,True,True,0.0,9934,0.62,0.5175,0.5475,0.4994,0.5306,0.4931,0.5246
1400308,Mucajaí - RR,14,1.5,0.4193,0.4558,0.4494,0.7789,0.0103,True,False,0.0,17953,0.71,0.4193,0.4558,0.4193,0.4558,0.4193,0.4558
1400407,Normandia - RR,14,1.5,0.505,0.5579,0.5705,0.9794,0.0102,True,True,0.0,13898,0.7,0.505,0.5579,0.505,0.5579,0.505,0.5579
1400456,Pacaraima - RR,14,1.5,0.5572,0.5956,0.6067,1.0238,0.0065,True,True,0.0,17411,0.74,0.5572,0.5956,0.5572,0.5956,0.5572,0.5956
1400472,Rorainópolis - RR,14,1.5,0.4926,0.5222,0.5388,0.8914,0.0079,True,True,0.0,32550,0.57,0.4926,0.5222,0.4926,0.5222,0.4926,0.5222
1400506,São João da Baliza - RR,14,1.5,0.455,0.4875,0.4724,0.8332,0.0124,True,False,0.0,8711,0.53,0.455,0.4875,0.455,0.4875,0.455,0.4875
1400605,São Luiz do Anauá - RR,14,1.5,0.4689,0.501,0.4924,0.8588,0.0087,True,False,0.0,7120,0.55,0.4689,0.501,0.4689,0.501,0.4689,0.501
1400704,Uiramutã - RR,14,1.5,0.4736,0.5867,0.5758,0.9196,0.0023,True,False,0.0,13719,0.78,0.4736,0.5867,0.4736,0.5867,0.4736,0.5867
1500107,Abaetetuba - PA,15,1.5,0.4587,0.4932,0.4656,0.8523,0.0057,True,False,0.0,157735,0.53,0.4717,0.5054,0.4587,0.4932,0.4542,0.489
1500131,Abel Figueiredo - PA,15,1.5,0.4387,0.4717,0.4364,0.7683,0.0129,True,False,0.0,6129,0.57,0.4662,0.4976,0.4387,0.4717,0.4289,0.4624
1500206,Acará - PA,15,1.5,0.4576,0.5009,0.5282,0.7814,0.0044,True,True,0.0,58887,0.53,0.4576,0.5009,0.4576,0.5009,0.4576,0.5009
1500305,Afuá - PA,15,1.5,0.4535,0.5057,0.5024,0.8372,0.0069,True,False,0.0,37663,0.66,0.4535,0.5057,0.4535,0.5057,0.4535,0.5057
1500347,Água Azul do Norte - PA,15,1.5,0.373,0.4135,0.4086,0.7311,0.0123,True,False,0.0,17895,0.49,0.373,0.4135,0.373,0.4135,0.373,0.4135
1500404,Alenquer - PA,15,1.5,0.4784,0.5227,0.5091,0.8757,0.0043,True,False,0.0,69163,0.58,0.4874,0.5309,0.4784,0.5227,0.4754,0.52
1500503,Almeirim - PA,15,1.5,0.5106,0.5421,0.522,0.9256,0.0053,True,False,0.0,34148,0.65,0.525,0.5555,0.5106,0.5421,0.5057,0.5374
1500602,Altamira - PA,15,1.5,0.508,0.5337,0.5158,0.9064,0.0067,True,False,0.0,125787,0.56,0.522,0.547,0.508,0.5337,0.5031,0.5291
1500701,Anajás - PA,15,1.5,0.521,0.5736,0.5386,0.9849,0.011,True,False,0.0,27990,0.62,0.521,0.5736,0.521,0.5736,0.521,0.5736
1500800,Ananindeua - PA,15,1.5,0.4781,0.5056,0.4942,0.8639,0.0076,True,False,0.0,477390,0.52,0.4808,0.5081,0.4781,0.5056,0.4772,0.5048
1500859,Anapu - PA,15,1.5,0.5125,0.5436,0.5362,0.9203,0.0088,True,False,0.0,31516,0.58,0.5125,0.5436,0.5125,0.5436,0.5125,0.5436
1500909,Augusto Corrêa - PA,15,1.5,0.5245,0.5785,0.5394,0.9292,0.0057,True,False,0.0,44448,0.56,0.5602,0.6102,0.5245,0.5785,0.5113,0.5667
1500958,Aurora do Pará - PA,15,1.5,0.4294,0.474,0.4575,0.8343,0.0052,True,False,0.0,23314,0.56,0.4294,0.474,0.4294,0.474,0.4294,0.474
1501006,Aveiro - PA,15,1.5,0.4828,0.5378,0.5451,0.9379,0.0082,True,True,0.0,18189,0.6,0.4828,0.5378,0.4828,0.5378,0.4828,0.5378
1501105,Bagre - PA,15,1.5,0.4916,0.5733,0.5857,0.9658,0.0056,True,True,0.0,31745,0.48,0.4916,0.5733,0.4916,0.5733,0.4916,0.5733
1501204,Baião - PA,15,1.5,0.486,0.532,0.5763,0.8385,0.0038,True,True,0.0,51067,0.53,0.486,0.532,0.486,0.532,0.486,0.532
1501253,Bannach - PA,15,1.5,0.4476,0.4798,0.4816,0.8225,0.003,True,True,0.0,3992,0.62,0.4476,0.4798,0.4476,0.4798,0.4476,0.4798
1501303,Barcarena - PA,15,1.5,0.4616,0.4927,0.4821,0.8637,0.006,True,False,0.0,126360,0.55,0.467,0.4978,0.4616,0.4927,0.4598,0.491
1501402,Belém - PA,15,1.5,0.5895,0.6079,0.5675,1.0336,0.0162,True,False,0.0,1300936,0.61,0.6165,0.6338,0.5895,0.6079,0.5796,0.5985
1501451,Belterra - PA,15,1.5,0.4839,0.5181,0.5124,0.9102,0.0053,True,False,0.0,18052,0.58,0.4839,0.5181,0.4839,0.5181,0.4839,0.5181
1501501,Benevides - PA,15,1.5,0.424,0.4598,0.471,0.7729,0.0081,True,True,0.0,63394,0.48,0.424,0.4598,0.424,0.4598,0.424,0.4598
1501576,Bom Jesus do Tocantins - PA,15,1.5,0.4441,0.4768,0.506,0.8181,0.0084,True,True,0.0,17922,0.52,0.4441,0.4768,0.4441,0.4768,0.4441,0.4768
1501600,Bonito - PA,15,1.5,0.3877,0.4289,0.4021,0.7192,0.0151,True,False,0.0,12596,0.5,0.3877,0.4289,0.3877,0.4289,0.3877,0.4289
1501709,Bragança - PA,15,1.5,0.4777,0.51,0.4866,0.8924,0.0079,True,False,0.0,122806,0.58,0.4816,0.5136,0.4777,0.51,0.4764,0.5087
1501725,Brasil Novo - PA,15,1.5,0.482,0.5143,0.5283,0.8291,0.0057,True,True,0.0,24548,0.67,0.492,0.5237,0.482,0.5143,0.4786,0.5111
1501758,Brejo Grande do Araguaia - PA,15,1.5,0.4378,0.4742,0.4619,0.7801,0.0129,True,False,0.0,6780,0.57,0.4378,0.4742,0.4378,0.4742,0.4378,0.4742
1501782,Breu Branco - PA,15,1.5,0.4464,0.4821,0.4472,0.7894,0.0047,True,False,0.0,45610,0.53,0.4777,0.5114,0.4464,0.4821,0.4351,0.4715
1501808,Breves - PA,15,1.5,0.516,0.5577,0.5384,0.9823,0.0047,True,False,0.0,106596,0.58,0.5188,0.5603,0.516,0.5577,0.5151,0.5569
1501907,Bujaru - PA,15,1.5,0.4337,0.4863,0.4705,0.8677,0.0067,True,False,0.0,24337,0.52,0.4337,0.4863,0.4337,0.4863,0.4337,0.4863
1501956,Cachoeira do Piriá - PA,15,1.5,0.4546,0.5026,0.4851,0.9008,0.0036,True,False,0.0,19621,0.58,0.4546,0.5026,0.4546,0.5026,0.4546,0.5026
1502004,Cachoeira do Arari - PA,15,1.5,0.4358,0.4911,0.4889,0.8518,0.0118,True,False,0.0,23953,0.6,0.4358,0.4911,0.4358,0.4911,0.4358,0.4911
1502103,Cametá - PA,15,1.5,0.4884,0.5312,0.5168,0.9485,0.005,True,False,0.0,133808,0.58,0.4884,0.5312,0.4884,0.5312,0.4884,0.5312
1502152,Canaã dos Carajás - PA,15,1.5,0.4441,0.4741,0.4616,0.8177,0.0062,True,False,0.0,76815,0.55,0.4524,0.4819,0.4441,0.4741,0.4413,0.4714
1502202,Capanema - PA,15,1.5,0.4517,0.4842,0.4582,0.837,0.0078,True,False,0.0,70218,0.53,0.4576,0.4897,0.4517,0.4842,0.4497,0.4823
1502301,Capitão Poço - PA,15,1.5,0.4331,0.4721,0.4477,0.8015,0.0089,True,False,0.0,56361,0.62,0.4415,0.48,0.4331,0.4721,0.4302,0.4694
1502400,Castanhal - PA,15,1.5,0.4936,0.5215,0.4942,0.8687,0.0095,True,False,0.0,191676,0.54,0.5078,0.535,0.4936,0.5215,0.4886,0.5169
1502509,Chaves - PA,15,1.5,0.4638,0.5072,0.482,0.888,0.0234,True,False,0.0,20678,0.67,0.4638,0.5072,0.4638,0.5072,0.4638,0.5072
1502608,Colares - PA,15,1.5,0.4739,0.5144,0.4968,0.8846,0.0103,True,False,0.0,12852,0.56,0.4739,0.5144,0.4739,0.5144,0.4739,0.5144
1502707,Conceição do Araguaia - PA,15,1.5,0.469,0.4996,0.4776,0.8298,0.0095,True,False,0.0,44542,0.54,0.48,0.51,0.469,0.4996,0.4652,0.496
1502756,Concórdia do Pará - PA,15,1.5,0.4162,0.4553,0.4408,0.7999,0.0073,True,False,0.0,26880,0.5,0.4162,0.4553,0.4162,0.4553,0.4162,0.4553
1502764,Cumaru do Norte - PA,15,1.5,0.5147,0.5423,0.5731,0.9449,0.014,True,True,0.0,13224,0.64,0.5147,0.5423,0.5147,0.5423,0.5147,0.5423
1502772,Curionópolis - PA,15,1.5,0.4369,0.4715,0.4403,0.7983,0.0118,True,False,0.0,19949,0.54,0.4467,0.4807,0.4369,0.4715,0.4336,0.4684
1502806,Curralinho - PA,15,1.5,0.5265,0.5946,0.5718,1.0744,0.0033,True,False,0.0,33835,0.57,0.5265,0.5946,0.5265,0.5946,0.5265,0.5946
1502855,Curuá - PA,15,1.5,0.426,0.4735,0.4501,0.824,0.011,True,False,0.0,14107,0.6,0.426,0.4735,0.426,0.4735,0.426,0.4735
1502905,Curuçá - PA,15,1.5,0.4817,0.5241,0.519,0.9319,0.0035,True,False,0.0,41099,0.56,0.4817,0.5241,0.4817,0.5241,0.4817,0.5241
1502939,Dom Eliseu - PA,15,1.5,0.4008,0.439,0.4403,0.7106,0.0098,True,True,0.0,57894,0.52,0.4008,0.439,0.4008,0.439,0.4008,0.439
1502954,Eldorado do Carajás - PA,15,1.5,0.46,0.4928,0.4684,0.8242,0.0129,True,False,0.0,28069,0.57,0.46,0.4928,0.46,0.4928,0.46,0.4928
1503002,Faro - PA,15,1.5,0.4194,0.4641,0.4516,0.8231,0.0086,True,False,0.0,8701,0.56,0.4194,0.4641,0.4194,0.4641,0.4194,0.4641
1503044,Floresta do Araguaia - PA,15,1.5,0.4955,0.5263,0.4905,0.8754,0.0086,True,False,0.0,17843,0.62,0.5234,0.5525,0.4955,0.5263,0.4855,0.5169
1503077,Garrafão do Norte - PA,15,1.5,0.4532,0.4947,0.4738,0.8654,0.0041,True,False,0.0,24702,0.55,0.4532,0.4947,0.4532,0.4947,0.4532,0.4947
1503093,Goianésia do Pará - PA,15,1.5,0.4617,0.4942,0.5062,0.8017,0.0068,True,True,0.0,26324,0.54,0.4617,0.4942,0.4617,0.4942,0.4617,0.4942
1503101,Gurupá - PA,15,1.5,0.4665,0.5068,0.4814,0.8827,0.0067,True,False,0.0,31717,0.56,0.4665,0.5068,0.4665,0.5068,0.4665,0.5068
1503200,Igarapé-Açu - PA,15,1.5,0.4628,0.4981,0.4891,0.8561,0.0086,True,False,0.0,35600,0.56,0.4628,0.4981,0.4628,0.4981,0.4628,0.4981
1503309,Igarapé-Miri - PA,15,1.5,0.446,0.4873,0.4587,0.8223,0.0126,True,False,0.0,64631,0.53,0.446,0.4873,0.446,0.4873,0.446,0.4873
1503408,Inhangapi - PA,15,1.5,0.3725,0.4161,0.4049,0.7335,0.004,True,False,0.0,10309,0.52,0.3725,0.4161,0.3725,0.4161,0.3725,0.4161
1503457,Ipixuna do Pará - PA,15,1.5,0.4449,0.485,0.4853,0.8037,0.0078,True,True,0.0,30261,0.57,0.4449,0.485,0.4449,0.485,0.4449,0.485
1503507,Irituia - PA,15,1.5,0.4214,0.4651,0.4523,0.8196,0.013,True,False,0.0,30947,0.58,0.4214,0.4651,0.4214,0.4651,0.4214,0.4651
1503606,Itaituba - PA,15,1.5,0.4481,0.4801,0.476,0.8154,0.0063,True,False,0.0,122241,0.57,0.4515,0.4833,0.4481,0.4801,0.447,0.479
1503705,Itupiranga - PA,15,1.5,0.3916,0.4332,0.4345,0.7111,0.0064,True,True,0.0,49131,0.62,0.3916,0.4332,0.3916,0.4332,0.3916,0.4332
1503754,Jacareacanga - PA,15,1.5,0.5818,0.6097,0.61,1.0723,0.008,True,True,0.0,23881,0.69,0.6168,0.6424,0.5818,0.6097,0.5686,0.5974
1503804,Jacundá - PA,15,1.5,0.4364,0.4714,0.4504,0.811,0.0122,True,False,0.0,37644,0.59,0.4364,0.4714,0.4364,0.4714,0.4364,0.4714
1503903,Juruti - PA,15,1.5,0.5374,0.5721,0.5605,1.0346,0.0049,True,False,0.0,50595,0.59,0.5374,0.5721,0.5374,0.5721,0.5374,0.5721
1504000,Limoeiro do Ajuru - PA,15,1.5,0.4744,0.533,0.5174,0.9101,0.0039,True,False,0.0,29510,0.58,0.4744,0.533,0.4744,0.533,0.4744,0.533
1504059,Mãe do Rio - PA,15,1.5,0.4632,0.4966,0.4756,0.8505,0.0047,True,False,0.0,34306,0.58,0.4732,0.506,0.4632,0.4966,0.4597,0.4933
1504109,Magalhães Barata - PA,15,1.5,0.4652,0.5063,0.4781,0.8677,0.0101,True,False,0.0,8083,0.54,0.4652,0.5063,0.4652,0.5063,0.4652,0.5063
1504208,Marabá - PA,15,1.5,0.4878,0.5152,0.4956,0.882,0.007,True,False,0.0,265595,0.58,0.4973,0.5242,0.4878,0.5152,0.4845,0.5121
1504307,Maracanã - PA,15,1.5,0.4725,0.5109,0.4989,0.8552,0.0063,True,False,0.0,25852,0.59,0.4725,0.5109,0.4725,0.5109,0.4725,0.5109
1504406,Marapanim - PA,15,1.5,0.4653,0.5057,0.5248,0.8212,0.0052,True,True,0.0,26475,0.54,0.4653,0.5057,0.4653,0.5057,0.4653,0.5057
1504422,Marituba - PA,15,1.5,0.4401,0.474,0.4618,0.8137,0.0021,True,False,0.0,110515,0.42,0.4488,0.4822,0.4401,0.474,0.4371,0.4712
1504455,Medicilândia - PA,15,1.5,0.4559,0.4916,0.4739,0.8594,0.006,True,False,0.0,27002,0.61,0.4559,0.4916,0.4559,0.4916,0.4559,0.4916
1504505,Melgaço - PA,15,1.5,0.5293,0.5953,0.5885,1.1341,0.0079,True,False,0.0,27706,0.55,0.5293,0.5953,0.5293,0.5953,0.5293,0.5953
1504604,Mocajuba - PA,15,1.5,0.499,0.535,0.5099,0.9296,0.0094,True,False,0.0,27073,0.58,0.499,0.535,0.499,0.535,0.499,0.535
1504703,Moju - PA,15,1.5,0.4135,0.4554,0.4438,0.7804,0.0038,True,False,0.0,83897,0.63,0.4135,0.4554,0.4135,0.4554,0.4135,0.4554
1504752,Mojuí dos Campos - PA,15,1.5,0.3811,0.4228,0.4158,0.744,0.008,True,False,0.0,23489,,0.3811,0.4228,0.3811,0.4228,0.3811,0.4228
1504802,Monte Alegre - PA,15,1.5,0.4898,0.526,0.5075,0.9048,0.0078,True,False,0.0,59993,0.59,0.5066,0.5416,0.4898,0.526,0.484,0.5206
1504901,Muaná - PA,15,1.5,0.4477,0.5002,0.4764,0.8406,0.0121,True,False,0.0,45240,0.56,0.4477,0.5002,0.4477,0.5002,0.4477,0.5002
1504950,Nova Esperança do Piriá - PA,15,1.5,0.4691,0.52,0.5043,0.9374,0.0067,True,False,0.0,20447,0.63,0.4691,0.52,0.4691,0.52,0.4691,0.52
1504976,Nova Ipixuna - PA,15,1.5,0.4757,0.508,0.4762,0.8364,0.0102,True,False,0.0,13913,0.59,0.4949,0.5261,0.4757,0.508,0.469,0.5017
1505007,Nova Timboteua - PA,15,1.5,0.494,0.5293,0.5168,0.9059,0.0109,True,False,0.0,12751,0.52,0.494,0.5293,0.494,0.5293,0.494,0.5293
1505031,Novo Progresso - PA,15,1.5,0.4438,0.4743,0.4981,0.8021,0.0036,True,True,0.0,33435,0.54,0.4438,0.4743,0.4438,0.4743,0.4438,0.4743
1505064,Novo Repartimento - PA,15,1.5,0.4529,0.4881,0.5064,0.7886,0.0077,True,True,0.0,60663,0.59,0.4529,0.4881,0.4529,0.4881,0.4529,0.4881
1505106,Óbidos - PA,15,1.5,0.4929,0.5325,0.5117,0.9379,0.0055,True,False,0.0,51932,0.59,0.5038,0.5425,0.4929,0.5325,0.4892,0.529
1505205,Oeiras do Pará - PA,15,1.5,0.4634,0.5194,0.5256,0.8801,0.0037,True,True,0.0,33727,0.56,0.4634,0.5194,0.4634,0.5194,0.4634,0.5194
1505304,Oriximiná - PA,15,1.5,0.5032,0.537,0.5277,0.9553,0.0048,True,False,0.0,68063,0.64,0.5032,0.537,0.5032,0.537,0.5032,0.537
1505403,Ourém - PA,15,1.5,0.5159,0.551,0.4887,0.8936,0.0097,True,False,0.0,17837,0.62,0.5631,0.5948,0.5159,0.551,0.4978,0.5341
1505437,Ourilândia do Norte - PA,15,1.5,0.4689,0.4995,0.5044,0.8882,0.0039,True,True,0.0,32434,0.55,0.4689,0.4995,0.4689,0.4995,0.4689,0.4995
1505486,Pacajá - PA,15,1.5,0.482,0.5181,0.5333,0.9163,0.0098,True,True,0.0,41045,0.65,0.482,0.5181,0.482,0.5181,0.482,0.5181
1505494,Palestina do Pará - PA,15,1.5,0.4318,0.467,0.4571,0.8369,0.0137,True,False,0.0,6882,0.55,0.4318,0.467,0.4318,0.467,0.4318,0.467
1505502,Paragominas - PA,15,1.5,0.4789,0.5089,0.5043,0.8373,0.0054,True,False,0.0,105059,0.6,0.4908,0.5201,0.4789,0.5089,0.4748,0.505
1505536,Parauapebas - PA,15,1.5,0.4715,0.499,0.4913,0.8757,0.0044,True,False,0.0,267172,0.53,0.4737,0.5011,0.4715,0.499,0.4708,0.4983
1505551,Pau D'Arco - PA,15,1.5,0.4421,0.4787,0.4878,0.8785,0.026,True,True,0.0,6920,0.51,0.4421,0.4787,0.4421,0.4787,0.4421,0.4787
1505601,Peixe-Boi - PA,15,1.5,0.4527,0.4897,0.4783,0.8916,0.016,True,False,0.0,8287,0.55,0.4527,0.4897,0.4527,0.4897,0.4527,0.4897
1505635,Piçarra - PA,15,1.5,0.4103,0.447,0.4464,0.7362,0.0074,True,False,0.0,12815,0.52,0.4103,0.447,0.4103,0.447,0.4103,0.447
1505650,Placas - PA,15,1.5,0.4959,0.5275,0.5272,0.9363,0.0075,True,False,0.0,18655,0.59,0.4959,0.5275,0.4959,0.5275,0.4959,0.5275
1505700,Ponta de Pedras - PA,15,1.5,0.5322,0.5691,0.6091,0.9573,0.0059,True,True,0.0,24954,0.61,0.5322,0.5691,0.5322,0.5691,0.5322,0.5691
1505809,Portel - PA,15,1.5,0.4756,0.5293,0.5188,0.9478,0.0021,True,False,0.0,61735,0.64,0.4756,0.5293,0.4756,0.5293,0.4756,0.5293
1505908,Porto de Moz - PA,15,1.5,0.4857,0.542,0.5184,0.9434,0.007,True,False,0.0,40590,0.59,0.4857,0.542,0.4857,0.542,0.4857,0.542
1506005,Prainha - PA,15,1.5,0.4568,0.5129,0.5266,0.8625,0.0104,True,True,0.0,35393,0.68,0.4568,0.5129,0.4568,0.5129,0.4568,0.5129
1506104,Primavera - PA,15,1.5,0.5188,0.5533,0.5018,0.9161,0.0053,True,False,0.0,10805,0.65,0.5596,0.5913,0.5188,0.5533,0.5034,0.539
1506112,Quatipuru - PA,15,1.5,0.4281,0.4682,0.447,0.8123,0.0113,True,False,0.0,11512,0.6,0.4281,0.4682,0.4281,0.4682,0.4281,0.4682
1506138,Redenção - PA,15,1.5,0.4492,0.479,0.4581,0.8178,0.0144,True,False,0.0,85201,0.53,0.4492,0.479,0.4492,0.479,0.4492,0.479
1506161,Rio Maria - PA,15,1.5,0.5011,0.5301,0.4867,0.8306,0.0071,True,False,0.0,18379,0.53,0.54,0.5668,0.5011,0.5301,0.4867,0.5165
1506187,Rondon do Pará - PA,15,1.5,0.4654,0.4979,0.4795,0.8083,0.0043,True,False,0.0,52400,0.54,0.4887,0.5198,0.4654,0.4979,0.4572,0.4902
1506195,Rurópolis - PA,15,1.5,0.399,0.4382,0.4385,0.7593,0.0108,True,True,0.0,35658,0.57,0.399,0.4382,0.399,0.4382,0.399,0.4382
1506203,Salinópolis - PA,15,1.5,0.442,0.4759,0.4631,0.8176,0.0122,True,False,0.0,44614,0.52,0.442,0.4759,0.442,0.4759,0.442,0.4759
1506302,Salvaterra - PA,15,1.5,0.5598,0.5924,0.5358,0.9722,0.0109,True,False,0.0,24019,0.57,0.5873,0.6179,0.5598,0.5924,0.5498,0.5831
1506351,Santa Bárbara do Pará - PA,15,1.5,0.3831,0.4236,0.4007,0.7116,0.0077,True,False,0.0,21052,0.52,0.3831,0.4236,0.3831,0.4236,0.3831,0.4236
1506401,Santa Cruz do Arari - PA,15,1.5,0.3739,0.4248,0.4152,0.7046,0.0062,True,False,0.0,7417,0.49,0.3739,0.4248,0.3739,0.4248,0.3739,0.4248
1506500,Santa Izabel do Pará - PA,15,1.5,0.4681,0.5,0.4756,0.837,0.0079,True,False,0.0,66528,0.51,0.477,0.5084,0.4681,0.5,0.4651,0.4972
1506559,Santa Luzia do Pará - PA,15,1.5,0.4471,0.4851,0.4503,0.8183,0.0072,True,False,0.0,20318,0.56,0.4615,0.4984,0.4471,0.4851,0.4422,0.4805
1506583,Santa Maria das Barreiras - PA,15,1.5,0.5017,0.5307,0.4603,0.8057,0.0154,True,False,0.0,16420,0.56,0.553,0.5792,0.5017,0.5307,0.4818,0.512
1506609,Santa Maria do Pará - PA,15,1.5,0.45,0.4846,0.4862,0.8366,0.0122,True,True,0.0,24535,0.52,0.45,0.4846,0.45,0.4846,0.45,0.4846
1506708,Santana do Araguaia - PA,15,1.5,0.4606,0.4922,0.4856,0.8115,0.0086,True,False,0.0,32212,0.46,0.4606,0.4922,0.4606,0.4922,0.4606,0.4922
1506807,Santarém - PA,15,1.5,0.5065,0.5339,0.5086,0.9234,0.0088,True,False,0.0,330379,0.58,0.5183,0.545,0.5065,0.5339,0.5025,0.53
1506906,Santarém Novo - PA,15,1.5,0.4238,0.4611,0.44,0.7989,0.0107,True,False,0.0,6092,0.56,0.4238,0.4611,0.4238,0.4611,0.4238,0.4611
1507003,Santo Antônio do Tauá - PA,15,1.5,0.4351,0.4723,0.4605,0.8029,0.0095,True,False,0.0,27437,0.52,0.4351,0.4723,0.4351,0.4723,0.4351,0.4723
1507102,São Caetano de Odivelas - PA,15,1.5,0.4956,0.5347,0.535,0.9236,0.0061,True,True,0.0,16658,0.48,0.4956,0.5347,0.4956,0.5347,0.4956,0.5347
1507151,São Domingos do Araguaia - PA,15,1.5,0.4485,0.4819,0.4459,0.8062,0.0154,True,False,0.0,21070,0.59,0.4485,0.4819,0.4485,0.4819,0.4485,0.4819
1507201,São Domingos do Capim - PA,15,1.5,0.4229,0.4753,0.4628,0.8417,0.0058,True,False,0.0,30591,0.6,0.4229,0.4753,0.4229,0.4753,0.4229,0.4753
1507300,São Félix do Xingu - PA,15,1.5,0.4488,0.4819,0.476,0.8358,0.0107,True,False,0.0,65199,0.62,0.4582,0.4908,0.4488,0.4819,0.4456,0.4789
1507409,São Francisco do Pará - PA,15,1.5,0.4384,0.4764,0.4826,0.8085,0.0061,True,True,0.0,14887,0.48,0.4384,0.4764,0.4384,0.4764,0.4384,0.4764
1507458,São Geraldo do Araguaia - PA,15,1.5,0.4226,0.458,0.4676,0.7648,0.0058,True,True,0.0,24160,0.53,0.4226,0.458,0.4226,0.458,0.4226,0.458
1507466,São João da Ponta - PA,15,1.5,0.424,0.4724,0.4654,0.8263,0.0069,True,False,0.0,4430,0.51,0.424,0.4724,0.424,0.4724,0.424,0.4724
1507474,São João de Pirabas - PA,15,1.5,0.4497,0.49,0.4754,0.8205,0.009,True,False,0.0,20661,0.58,0.4497,0.49,0.4497,0.49,0.4497,0.49
1507508,São João do Araguaia - PA,15,1.5,0.4417,0.4785,0.4616,0.7869,0.0155,True,False,0.0,13637,0.55,0.4417,0.4785,0.4417,0.4785,0.4417,0.4785
1507607,São Miguel do Guamá - PA,15,1.5,0.4401,0.4762,0.454,0.8264,0.0085,True,False,0.0,52819,0.53,0.4401,0.4762,0.4401,0.4762,0.4401,0.4762
1507706,São Sebastião da Boa Vista - PA,15,1.5,0.4624,0.5103,0.5027,0.8801,0.0035,True,False,0.0,25540,0.54,0.4624,0.5103,0.4624,0.5103,0.4624,0.5103
1507755,Sapucaia - PA,15,1.5,0.4108,0.4484,0.4423,0.7933,0.0068,True,False,0.0,5795,0.52,0.4108,0.4484,0.4108,0.4484,0.4108,0.4484
1507805,Senador José Porfírio - PA,15,1.5,0.4596,0.5003,0.4883,0.8813,0.004,True,False,0.0,22195,0.54,0.4596,0.5003,0.4596,0.5003,0.4596,0.5003
1507904,Soure - PA,15,1.5,0.503,0.5374,0.5306,0.9306,0.01,True,False,0.0,24166,0.52,0.503,0.5374,0.503,0.5374,0.503,0.5374
1507953,Tailândia - PA,15,1.5,0.447,0.4814,0.4546,0.8041,0.0059,True,False,0.0,72311,0.52,0.4651,0.4985,0.447,0.4814,0.4407,0.4755
1507961,Terra Alta - PA,15,1.5,0.4478,0.4843,0.4648,0.8483,0.0067,True,False,0.0,10400,0.54,0.4478,0.4843,0.4478,0.4843,0.4478,0.4843
1507979,Terra Santa - PA,15,1.5,0.4305,0.4688,0.4573,0.7886,0.0076,True,False,0.0,18685,0.58,0.4305,0.4688,0.4305,0.4688,0.4305,0.4688
1508001,Tomé-Açu - PA,15,1.5,0.4161,0.4542,0.4454,0.7728,0.0052,True,False,0.0,67375,0.54,0.4161,0.4542,0.4161,0.4542,0.4161,0.4542
1508035,Tracuateua - PA,15,1.5,0.4464,0.496,0.4905,0.878,0.011,True,False,0.0,28572,0.59,0.4464,0.496,0.4464,0.496,0.4464,0.496
1508050,Trairão - PA,15,1.5,0.462,0.4964,0.4387,0.7752,0.0149,True,False,0.0,15231,0.55,0.5069,0.5386,0.462,0.4964,0.4451,0.4806
1508084,Tucumã - PA,15,1.5,0.4607,0.4905,0.4891,0.8605,0.0074,True,False,0.0,39500,0.53,0.4607,0.4905,0.4607,0.4905,0.4607,0.4905
1508100,Tucuruí - PA,15,1.5,0.5002,0.5283,0.4785,0.8675,0.0103,True,False,0.0,90680,0.57,0.5258,0.5525,0.5002,0.5283,0.4911,0.5197
1508126,Ulianópolis - PA,15,1.5,0.4066,0.4443,0.4562,0.7195,0.0084,True,True,0.0,37706,0.7,0.4066,0.4443,0.4066,0.4443,0.4066,0.4443
1508159,Uruará - PA,15,1.5,0.4521,0.4856,0.4965,0.8365,0.0137,True,True,0.0,43488,0.57,0.4521,0.4856,0.4521,0.4856,0.4521,0.4856
1508209,Vigia - PA,15,1.5,0.4171,0.4565,0.4481,0.7636,0.0076,True,False,0.0,50832,0.5,0.4171,0.4565,0.4171,0.4565,0.4171,0.4565
1508308,Viseu - PA,15,1.5,0.4624,0.515,0.5093,0.9054,0.0031,True,False,0.0,58586,0.62,0.4624,0.515,0.4624,0.515,0.4624,0.515
1508357,Vitória do Xingu - PA,15,1.5,0.4423,0.4769,0.4838,0.8419,0.0153,True,True,0.0,15581,0.6,0.4423,0.4769,0.4423,0.4769,0.4423,0.4769
1508407,Xinguara - PA,15,1.5,0.4441,0.4758,0.4487,0.8032,0.0133,True,False,0.0,52581,0.55,0.4441,0.4758,0.4441,0.4758,0.4441,0.4758
1600055,Serra do Navio - AP,16,1.5,0.4068,0.4433,0.4355,0.7875,0.0162,True,False,0.0,4620,0.6,0.4068,0.4433,0.4068,0.4433,0.4068,0.4433
1600105,Amapá - AP,16,1.5,0.467,0.4983,0.4872,0.9005,0.0103,True,False,0.0,7930,0.66,0.467,0.4983,0.467,0.4983,0.467,0.4983
1600154,Pedra Branca do Amapari - AP,16,1.5,0.4412,0.4748,0.477,0.8424,0.0058,True,True,0.0,12734,0.61,0.4412,0.4748,0.4412,0.4748,0.4412,0.4748
1600204,Calçoene - AP,16,1.5,0.4611,0.4939,0.4815,0.9037,0.0029,True,False,0.0,10460,0.67,0.4611,0.4939,0.4611,0.4939,0.4611,0.4939
1600212,Cutias - AP,16,1.5,0.4388,0.4786,0.4503,0.8134,0.0162,True,False,0.0,4417,0.61,0.4388,0.4786,0.4388,0.4786,0.4388,0.4786
1600238,Ferreira Gomes - AP,16,1.5,0.5045,0.5373,0.5463,0.9768,0.0048,True,True,0.0,6626,0.6,0.5045,0.5373,0.5045,0.5373,0.5045,0.5373
1600253,Itaubal - AP,16,1.5,0.4481,0.4897,0.4783,0.8611,0.0056,True,False,0.0,5599,0.61,0.4481,0.4897,0.4481,0.4897,0.4481,0.4897
1600279,Laranjal do Jari - AP,16,1.5,0.5012,0.5308,0.5157,0.9361,0.0064,True,False,0.0,35074,0.55,0.5012,0.5308,0.5012,0.5308,0.5012,0.5308
1600303,Macapá - AP,16,1.5,0.5399,0.5616,0.5611,1.0234,0.0073,True,False,0.0,439910,0.59,0.5399,0.5616,0.5399,0.5616,0.5399,0.5616
1600402,Mazagão - AP,16,1.5,0.518,0.5561,0.5538,1.0191,0.0013,True,False,0.0,21761,0.65,0.518,0.5561,0.518,0.5561,0.518,0.5561
1600501,Oiapoque - AP,16,1.5,0.4896,0.5203,0.5133,0.9206,0.0112,True,False,0.0,27166,0.69,0.4896,0.5203,0.4896,0.5203,0.4896,0.5203
1600535,Porto Grande - AP,16,1.5,0.4721,0.5038,0.508,0.928,0.0047,True,True,0.0,17792,0.56,0.4721,0.5038,0.4721,0.5038,0.4721,0.5038
1600550,Pracuúba - AP,16,1.5,0.4747,0.5196,0.5031,0.9413,0.017,True,False,0.0,3793,0.65,0.4747,0.5196,0.4747,0.5196,0.4747,0.5196
1600600,Santana - AP,16,1.5,0.4639,0.4938,0.475,0.8656,0.0067,True,False,0.0,107172,0.55,0.4723,0.5017,0.4639,0.4938,0.461,0.4911
1600709,Tartarugalzinho - AP,16,1.5,0.5391,0.5733,0.5718,0.9904,0.0077,True,False,0.0,12911,0.65,0.5391,0.5733,0.5391,0.5733,0.5391,0.5733
1600808,Vitória do Jari - AP,16,1.5,0.4604,0.4983,0.4964,0.8524,0.005,True,False,0.0,11244,0.58,0.4604,0.4983,0.4604,0.4983,0.4604,0.4983
1700251,Abreulândia - TO,17,1.5,0.4541,0.4894,0.439,0.7562,0.027,True,False,0.0,2573,0.71,0.494,0.5269,0.4541,0.4894,0.4393,0.4756
1700301,Aguiarnópolis - TO,17,1.5,0.4109,0.4475,0.4099,0.7581,0.0115,True,False,0.0,4493,0.48,0.4109,0.4475,0.4109,0.4475,0.4109,0.4475
1700350,Aliança do Tocantins - TO,17,1.5,0.3973,0.4366,0.4316,0.7143,0.0161,True,False,0.0,5128,0.47,0.3973,0.4366,0.3973,0.4366,0.3973,0.4366
1700400,Almas - TO,17,1.5,0.37,0.4113,0.3963,0.7097,0.0133,True,False,0.0,6472,0.57,0.37,0.4113,0.37,0.4113,0.37,0.4113
1700707,Alvorada - TO,17,1.5,0.4079,0.4449,0.3993,0.7149,0.024,True,False,0.0,8757,0.47,0.4253,0.4613,0.4079,0.4449,0.4018,0.4393
1701002,Ananás - TO,17,1.5,0.4114,0.4491,0.4187,0.7549,0.0109,True,False,0.0,10181,0.48,0.4114,0.4491,0.4114,0.4491,0.4114,0.4491
1701051,Angico - TO,17,1.5,0.3825,0.421,0.4217,0.7557,0.0212,True,True,0.0,2867,0.47,0.3825,0.421,0.3825,0.421,0.3825,0.421
1701101,Aparecida do Rio Negro - TO,17,1.5,0.4147,0.4511,0.4287,0.7764,0.016,True,False,0.0,4834,0.48,0.4147,0.4511,0.4147,0.4511,0.4147,0.4511
1701309,Aragominas - TO,17,1.5,0.4171,0.4528,0.4352,0.7625,0.0096,True,False,0.0,5282,0.54,0.4171,0.4528,0.4171,0.4528,0.4171,0.4528
1701903,Araguacema - TO,17,1.5,0.4906,0.5214,0.4219,0.7641,0.0137,True,False,0.0,5917,0.56,0.5564,0.5835,0.4906,0.5214,0.4641,0.4964
1702000,Araguaçu - TO,17,1.5,0.4345,0.4678,0.4484,0.7719,0.0144,True,False,0.0,8044,0.49,0.4345,0.4678,0.4345,0.4678,0.4345,0.4678
1702109,Araguaína - TO,17,1.5,0.4941,0.5201,0.4806,0.8596,0.0102,True,False,0.0,170714,0.56,0.5189,0.5437,0.4941,0.5201,0.4853,0.5117
1702158,Araguanã - TO,17,1.5,0.3795,0.4196,0.4022,0.7319,0.014,True,False,0.0,4301,0.52,0.3795,0.4196,0.3795,0.4196,0.3795,0.4196
1702208,Araguatins - TO,17,1.5,0.4775,0.507,0.4956,0.9107,0.0066,True,False,0.0,31746,0.57,0.4775,0.507,0.4775,0.507,0.4775,0.507
1702307,Arapoema - TO,17,1.5,0.4424,0.4756,0.4561,0.7763,0.0182,True,False,0.0,5529,0.51,0.4424,0.4756,0.4424,0.4756,0.4424,0.4756
1702406,Arraias - TO,17,1.5,0.5006,0.5284,0.4866,0.9136,0.0123,True,False,0.0,10197,0.61,0.5216,0.5481,0.5006,0.5284,0.4933,0.5214
1702554,Augustinópolis - TO,17,1.5,0.5097,0.538,0.4885,0.882,0.0102,True,False,0.0,17380,0.52,0.5336,0.5605,0.5097,0.538,0.5012,0.53
1702703,Aurora do Tocantins - TO,17,1.5,0.467,0.4989,0.4779,0.8438,0.0139,True,False,0.0,3338,0.68,0.467,0.4989,0.467,0.4989,0.467,0.4989
1702901,Axixá do Tocantins - TO,17,1.5,0.4343,0.4709,0.4559,0.8071,0.0094,True,False,0.0,10260,0.5,0.4343,0.4709,0.4343,0.4709,0.4343,0.4709
1703008,Babaçulândia - TO,17,1.5,0.4358,0.4719,0.4597,0.7878,0.0171,True,False,0.0,7874,0.49,0.4358,0.4719,0.4358,0.4719,0.4358,0.4719
1703057,Bandeirantes do Tocantins - TO,17,1.5,0.3672,0.4072,0.3904,0.6913,0.0217,True,False,0.0,3393,0.55,0.3672,0.4072,0.3672,0.4072,0.3672,0.4072
1703073,Barra do Ouro - TO,17,1.5,0.4035,0.4417,0.4291,0.75,0.0029,True,False,0.0,4474,0.55,0.4035,0.4417,0.4035,0.4417,0.4035,0.4417
1703107,Barrolândia - TO,17,1.5,0.3768,0.419,0.3949,0.6996,0.0263,True,False,0.0,4795,0.44,0.3768,0.419,0.3768,0.419,0.3768,0.419
1703206,Bernardo Sayão - TO,17,1.5,0.4314,0.4645,0.4434,0.8034,0.0123,True,False,0.0,4228,0.42,0.4314,0.4645,0.4314,0.4645,0.4314,0.4645
1703305,Bom Jesus do Tocantins - TO,17,1.5,0.4658,0.4969,0.4747,0.868,0.0168,True,False,0.0,4037,0.5,0.4658,0.4969,0.4658,0.4969,0.4658,0.4969
1703602,Brasilândia do Tocantins - TO,17,1.5,0.4235,0.4607,0.4194,0.7455,0.0151,True,False,0.0,1968,0.53,0.4651,0.4997,0.4235,0.4607,0.4081,0.4463
1703701,Brejinho de Nazaré - TO,17,1.5,0.3914,0.4304,0.4382,0.7346,0.0172,True,True,0.0,4726,0.55,0.3914,0.4304,0.3914,0.4304,0.3914,0.4304
1703800,Buriti do Tocantins - TO,17,1.5,0.3495,0.3947,0.3923,0.7031,0.0138,True,False,0.0,10302,0.56,0.3495,0.3947,0.3495,0.3947,0.3495,0.3947
1703826,Cachoeirinha - TO,17,1.5,0.3803,0.4208,0.4086,0.7592,0.0137,True,False,0.0,1961,0.47,0.3803,0.4208,0.3803,0.4208,0.3803,0.4208
1703842,Campos Lindos - TO,17,1.5,0.447,0.4811,0.4481,0.8021,0.0165,True,False,0.0,8631,0.67,0.447,0.4811,0.447,0.4811,0.447,0.4811
1703867,Cariri do Tocantins - TO,17,1.5,0.3574,0.401,0.3954,0.6876,0.0312,True,False,0.0,3631,0.46,0.3574,0.401,0.3574,0.401,0.3574,0.401
1703883,Carmolândia - TO,17,1.5,0.3837,0.4228,0.4008,0.7061,0.0159,True,False,0.0,2201,0.48,0.3837,0.4228,0.3837,0.4228,0.3837,0.4228
1703891,Carrasco Bonito - TO,17,1.5,0.3507,0.3989,0.3723,0.6738,0.0154,True,False,0.0,3318,0.56,0.3507,0.3989,0.3507,0.3989,0.3507,0.3989
1703909,Caseara - TO,17,1.5,0.4324,0.4664,0.4436,0.8027,0.0136,True,False,0.0,4825,0.61,0.4324,0.4664,0.4324,0.4664,0.4324,0.4664
1704105,Centenário - TO,17,1.5,0.4206,0.4562,0.4487,0.7831,0.0111,True,False,0.0,2132,0.63,0.4206,0.4562,0.4206,0.4562,0.4206,0.4562
1704600,Chapada de Areia - TO,17,1.5,0.3037,0.3549,0.36,0.5902,0.0207,True,True,0.0,1501,0.51,0.3037,0.3549,0.3037,0.3549,0.3037,0.3549
1705102,Chapada da Natividade - TO,17,1.5,0.4359,0.4734,0.441,0.7919,0.0141,True,False,0.0,3111,0.62,0.4359,0.4734,0.4359,0.4734,0.4359,0.4734
1705508,Colinas do Tocantins - TO,17,1.5,0.4647,0.4936,0.4537,0.8224,0.011,True,False,0.0,34100,0.56,0.48,0.5081,0.4647,0.4936,0.4593,0.4886
1705557,Combinado - TO,17,1.5,0.4418,0.4744,0.4337,0.7959,0.0143,True,False,0.0,4734,0.52,0.4418,0.4744,0.4418,0.4744,0.4418,0.4744
1705607,Conceição do Tocantins - TO,17,1.5,0.407,0.4428,0.4189,0.7634,0.0081,True,False,0.0,3871,0.55,0.407,0.4428,0.407,0.4428,0.407,0.4428
1706001,Couto Magalhães - TO,17,1.5,0.4364,0.4716,0.453,0.8065,0.0157,True,False,0.0,5331,0.55,0.4364,0.4716,0.4364,0.4716,0.4364,0.4716
1706100,Cristalândia - TO,17,1.5,0.4343,0.4661,0.4308,0.7842,0.0155,True,False,0.0,6324,0.57,0.4343,0.4661,0.4343,0.4661,0.4343,0.4661
1706258,Crixás do Tocantins - TO,17,1.5,0.3559,0.3999,0.3818,0.6861,0.0168,True,False,0.0,1464,0.48,0.3559,0.3999,0.3559,0.3999,0.3559,0.3999
1706506,Darcinópolis - TO,17,1.5,0.3664,0.409,0.4009,0.6977,0.0152,True,False,0.0,5805,0.51,0.3664,0.409,0.3664,0.409,0.3664,0.409
1707009,Dianópolis - TO,17,1.5,0.4807,0.5096,0.5002,0.8049,0.0217,True,False,0.0,17685,0.57,0.4807,0.5096,0.4807,0.5096,0.4807,0.5096
1707108,Divinópolis do Tocantins - TO,17,1.5,0.4482,0.4798,0.4403,0.7855,0.0137,True,False,0.0,7007,0.64,0.4622,0.493,0.4482,0.4798,0.4434,0.4753
1707207,Dois Irmãos do Tocantins - TO,17,1.5,0.3809,0.4217,0.4032,0.6918,0.014,True,False,0.0,6323,0.56,0.3809,0.4217,0.3809,0.4217,0.3809,0.4217
1707306,Dueré - TO,17,1.5,0.3765,0.4147,0.4066,0.6983,0.006,True,False,0.0,4200,0.56,0.3765,0.4147,0.3765,0.4147,0.3765,0.4147
1707405,Esperantina - TO,17,1.5,0.4568,0.494,0.4938,0.8978,0.0112,True,False,0.0,7530,0.55,0.4568,0.494,0.4568,0.494,0.4568,0.494
1707553,Fátima - TO,17,1.5,0.5038,0.5315,0.4886,0.8493,0.0297,True,False,0.0,3462,0.56,0.5038,0.5315,0.5038,0.5315,0.5038,0.5315
1707652,Figueirópolis - TO,17,1.5,0.4183,0.454,0.4188,0.7373,0.0142,True,False,0.0,5202,0.52,0.4183,0.454,0.4183,0.454,0.4183,0.454
1707702,Filadélfia - TO,17,1.5,0.4581,0.492,0.4716,0.8664,0.0232,True,False,0.0,7712,0.54,0.4581,0.492,0.4581,0.492,0.4581,0.492
1708205,Formoso do Araguaia - TO,17,1.5,0.4953,0.5243,0.4884,0.8463,0.0132,True,False,0.0,18799,0.52,0.5312,0.5583,0.4953,0.5243,0.4821,0.5118
1708254,Tabocão - TO,17,1.5,0.3933,0.4322,0.4125,0.7523,0.0165,True,False,0.0,3454,0.46,0.3933,0.4322,0.3933,0.4322,0.3933,0.4322
1708304,Goianorte - TO,17,1.5,0.4162,0.455,0.4176,0.7547,0.0282,True,False,0.0,4735,0.54,0.4162,0.455,0.4162,0.455,0.4162,0.455
1709005,Goiatins - TO,17,1.5,0.4987,0.5316,0.5194,0.9771,0.005,True,False,0.0,12426,0.61,0.4987,0.5316,0.4987,0.5316,0.4987,0.5316
1709302,Guaraí - TO,17,1.5,0.4872,0.5126,0.4753,0.848,0.02,True,False,0.0,24639,0.61,0.4978,0.5226,0.4872,0.5126,0.4836,0.5091
1709500,Gurupi - TO,17,1.5,0.4737,0.5,0.4675,0.841,0.0095,True,False,0.0,85058,0.54,0.4917,0.5171,0.4737,0.5,0.4675,0.4941
1709807,Ipueiras - TO,17,1.5,0.4777,0.5082,0.4851,0.8476,0.0135,True,False,0.0,1585,0.43,0.4777,0.5082,0.4777,0.5082,0.4777,0.5082
1710508,Itacajá - TO,17,1.5,0.4747,0.5057,0.4986,0.9239,0.0122,True,False,0.0,6819,0.58,0.4747,0.5057,0.4747,0.5057,0.4747,0.5057
1710706,Itaguatins - TO,17,1.5,0.4495,0.4866,0.4681,0.8374,0.0231,True,False,0.0,5171,0.57,0.4495,0.4866,0.4495,0.4866,0.4495,0.4866
1710904,Itapiratins - TO,17,1.5,0.3694,0.4094,0.3873,0.6929,0.0075,True,False,0.0,3575,0.52,0.3694,0.4094,0.3694,0.4094,0.3694,0.4094
1711100,Itaporã do Tocantins - TO,17,1.5,0.3694,0.414,0.3862,0.682,0.0301,True,False,0.0,2380,0.44,0.3694,0.414,0.3694,0.414,0.3694,0.414
1711506,Jaú do Tocantins - TO,17,1.5,0.3327,0.3775,0.3635,0.6259,0.0102,True,False,0.0,3334,0.64,0.3327,0.3775,0.3327,0.3775,0.3327,0.3775
1711803,Juarina - TO,17,1.5,0.3436,0.388,0.3681,0.672,0.0082,True,False,0.0,2243,0.52,0.3436,0.388,0.3436,0.388,0.3436,0.388
1711902,Lagoa da Confusão - TO,17,1.5,0.4992,0.5261,0.5079,0.8849,0.0082,True,False,0.0,15261,0.51,0.5068,0.5333,0.4992,0.5261,0.4966,0.5237
1711951,Lagoa do Tocantins - TO,17,1.5,0.3924,0.4321,0.4322,0.7393,0.0115,True,True,0.0,3515,0.6,0.3924,0.4321,0.3924,0.4321,0.3924,0.4321
1712009,Lajeado - TO,17,1.5,0.4896,0.5145,0.4799,0.8602,0.0285,True,False,0.0,3335,0.58,0.4896,0.5145,0.4896,0.5145,0.4896,0.5145
1712157,Lavandeira - TO,17,1.5,0.3874,0.4263,0.4245,0.6924,0.0042,True,False,0.0,1626,0.51,0.3874,0.4263,0.3874,0.4263,0.3874,0.4263
1712405,Lizarda - TO,17,1.5,0.5649,0.5921,0.5229,0.9502,0.0128,True,False,0.0,2993,0.74,0.6063,0.6309,0.5649,0.5921,0.5491,0.5772
1712454,Luzinópolis - TO,17,1.5,0.4273,0.4702,0.4848,0.8334,0.0205,True,True,0.0,2694,0.49,0.4273,0.4702,0.4273,0.4702,0.4273,0.4702
1712504,Marianópolis do Tocantins - TO,17,1.5,0.4039,0.4403,0.3912,0.7167,0.0073,True,False,0.0,4535,0.53,0.4262,0.4612,0.4039,0.4403,0.396,0.4329
1712702,Mateiros - TO,17,1.5,0.4409,0.4767,0.4794,0.8095,0.0104,True,True,0.0,2702,0.52,0.4409,0.4767,0.4409,0.4767,0.4409,0.4767
1712801,Maurilândia do Tocantins - TO,17,1.5,0.4702,0.5042,0.4962,0.8922,0.0046,True,False,0.0,3092,0.52,0.4702,0.5042,0.4702,0.5042,0.4702,0.5042
1713205,Miracema do Tocantins - TO,17,1.5,0.508,0.5336,0.4834,0.8883,0.0081,True,False,0.0,18413,0.54,0.5445,0.5683,0.508,0.5336,0.4945,0.5208
1713304,Miranorte - TO,17,1.5,0.4151,0.4512,0.4247,0.7565,0.0156,True,False,0.0,12662,0.48,0.4151,0.4512,0.4151,0.4512,0.4151,0.4512
1713601,Monte do Carmo - TO,17,1.5,0.4666,0.4989,0.454,0.7926,0.019,True,False,0.0,5686,0.62,0.4932,0.524,0.4666,0.4989,0.457,0.49
1713700,Monte Santo do Tocantins - TO,17,1.5,0.372,0.4115,0.388,0.6795,0.0161,True,False,0.0,2391,0.48,0.372,0.4115,0.372,0.4115,0.372,0.4115
1713809,Palmeiras do Tocantins - TO,17,1.5,0.3871,0.4268,0.4008,0.7206,0.0129,True,False,0.0,4873,0.51,0.3871,0.4268,0.3871,0.4268,0.3871,0.4268
1713957,Muricilândia - TO,17,1.5,0.3874,0.4271,0.4095,0.7437,0.0201,True,False,0.0,3354,0.54,0.3874,0.4271,0.3874,0.4271,0.3874,0.4271
1714203,Natividade - TO,17,1.5,0.4704,0.4989,0.4562,0.823,0.021,True,False,0.0,8734,0.59,0.4885,0.5161,0.4704,0.4989,0.464,0.493
1714302,Nazaré - TO,17,1.5,0.3983,0.4386,0.4509,0.7645,0.0214,True,True,0.0,4521,0.52,0.3983,0.4386,0.3983,0.4386,0.3983,0.4386
1714880,Nova Olinda - TO,17,1.5,0.3824,0.4223,0.4172,0.7301,0.0143,True,False,0.0,10355,0.52,0.3824,0.4223,0.3824,0.4223,0.3824,0.4223
1715002,Nova Rosalândia - TO,17,1.5,0.4235,0.4565,0.4462,0.8233,0.0193,True,False,0.0,3347,0.52,0.4235,0.4565,0.4235,0.4565,0.4235,0.4565
1715101,Novo Acordo - TO,17,1.5,0.5031,0.5312,0.4698,0.8585,0.0186,True,False,0.0,3966,0.55,0.5284,0.5551,0.5031,0.5312,0.494,0.5226
1715150,Novo Alegre - TO,17,1.5,0.4782,0.5081,0.4745,0.8729,0.0134,True,False,0.0,1842,0.52,0.4782,0.5081,0.4782,0.5081,0.4782,0.5081
1715259,Novo Jardim - TO,17,1.5,0.3691,0.4104,0.4117,0.7243,0.0153,True,True,0.0,2206,0.45,0.3691,0.4104,0.3691,0.4104,0.3691,0.4104
1715507,Oliveira de Fátima - TO,17,1.5,0.3824,0.4207,0.4139,0.7596,0.0115,True,False,0.0,1164,0.55,0.3824,0.4207,0.3824,0.4207,0.3824,0.4207
1715705,Palmeirante - TO,17,1.5,0.4299,0.4664,0.4585,0.7893,0.0148,True,False,0.0,4795,0.57,0.4299,0.4664,0.4299,0.4664,0.4299,0.4664
1715754,Palmeirópolis - TO,17,1.5,0.4358,0.4683,0.4501,0.8226,0.0109,True,False,0.0,6939,0.52,0.4358,0.4683,0.4358,0.4683,0.4358,0.4683
1716109,Paraíso do Tocantins - TO,17,1.5,0.4792,0.5065,0.4779,0.8447,0.0081,True,False,0.0,52167,0.62,0.4895,0.5163,0.4792,0.5065,0.4756,0.5031
1716208,Paranã - TO,17,1.5,0.4811,0.5137,0.4665,0.8345,0.0137,True,False,0.0,10496,0.65,0.5028,0.534,0.4811,0.5137,0.4734,0.5065
1716307,Pau D'Arco - TO,17,1.5,0.4364,0.47,0.4696,0.7599,0.0141,True,False,0.0,4044,0.52,0.4364,0.47,0.4364,0.47,0.4364,0.47
1716505,Pedro Afonso - TO,17,1.5,0.4759,0.5028,0.4817,0.8719,0.0115,True,False,0.0,13994,0.5,0.4852,0.5116,0.4759,0.5028,0.4727,0.4998
1716604,Peixe - TO,17,1.5,0.4259,0.4596,0.4423,0.7783,0.0137,True,False,0.0,9281,0.62,0.4259,0.4596,0.4259,0.4596,0.4259,0.4596
1716653,Pequizeiro - TO,17,1.5,0.42,0.4581,0.4092,0.7476,0.0182,True,False,0.0,4922,0.47,0.4448,0.4813,0.42,0.4581,0.4112,0.4498
1716703,Colméia - TO,17,1.5,0.4161,0.45,0.4347,0.7848,0.0102,True,False,0.0,8864,0.5,0.4161,0.45,0.4161,0.45,0.4161,0.45
1717008,Pindorama do Tocantins - TO,17,1.5,0.3894,0.428,0.4311,0.7457,0.007,True,True,0.0,4465,0.56,0.3894,0.428,0.3894,0.428,0.3894,0.428
1717206,Piraquê - TO,17,1.5,0.3348,0.3792,0.3812,0.6443,0.0065,True,True,0.0,2274,0.52,0.3348,0.3792,0.3348,0.3792,0.3348,0.3792
1717503,Pium - TO,17,1.5,0.4016,0.4376,0.4194,0.7599,0.0068,True,False,0.0,7099,0.52,0.4016,0.4376,0.4016,0.4376,0.4016,0.4376
1717800,Ponte Alta do Bom Jesus - TO,17,1.5,0.5187,0.5493,0.4933,0.7921,0.0114,True,False,0.0,4202,0.63,0.5719,0.5992,0.5187,0.5493,0.498,0.5298
1717909,Ponte Alta do Tocantins - TO,17,1.5,0.4801,0.5119,0.5005,0.9183,0.009,True,False,0.0,7531,0.55,0.4801,0.5119,0.4801,0.5119,0.4801,0.5119
1718006,Porto Alegre do Tocantins - TO,17,1.5,0.4031,0.441,0.4216,0.7339,0.0182,True,False,0.0,2866,0.51,0.4031,0.441,0.4031,0.441,0.4031,0.441
1718204,Porto Nacional - TO,17,1.5,0.4613,0.4896,0.4639,0.8428,0.007,True,False,0.0,64213,0.54,0.4712,0.499,0.4613,0.4896,0.4579,0.4864
1718303,Praia Norte - TO,17,1.5,0.3868,0.429,0.3911,0.6996,0.0164,True,False,0.0,9035,0.53,0.3868,0.429,0.3868,0.429,0.3868,0.429
1718402,Presidente Kennedy - TO,17,1.5,0.3563,0.3982,0.3854,0.6699,0.012,True,False,0.0,3041,0.51,0.3563,0.3982,0.3563,0.3982,0.3563,0.3982
1718451,Pugmil - TO,17,1.5,0.4397,0.4742,0.5358,0.7313,0.0109,True,True,0.0,2184,0.44,0.4397,0.4742,0.4397,0.4742,0.4397,0.4742
1718501,Recursolândia - TO,17,1.5,0.5096,0.5488,0.5074,0.9599,0.0122,True,False,0.0,3414,0.64,0.5096,0.5488,0.5096,0.5488,0.5096,0.5488
1718550,Riachinho - TO,17,1.5,0.3315,0.3789,0.3774,0.6464,0.0185,True,False,0.0,3953,0.53,0.3315,0.3789,0.3315,0.3789,0.3315,0.3789
1718659,Rio da Conceição - TO,17,1.5,0.4021,0.4403,0.4125,0.7351,0.0103,True,False,0.0,1758,0.55,0.4021,0.4403,0.4021,0.4403,0.4021,0.4403
1718709,Rio dos Bois - TO,17,1.5,0.3755,0.4152,0.3942,0.7145,0.0104,True,False,0.0,2739,0.48,0.3755,0.4152,0.3755,0.4152,0.3755,0.4152
1718758,Rio Sono - TO,17,1.5,0.4425,0.4762,0.4458,0.7957,0.014,True,False,0.0,4842,0.59,0.4425,0.4762,0.4425,0.4762,0.4425,0.4762
1718808,Sampaio - TO,17,1.5,0.4467,0.4803,0.4398,0.7822,0.0094,True,False,0.0,4190,0.5,0.4791,0.5108,0.4467,0.4803,0.435,0.4693
1718840,Sandolândia - TO,17,1.5,0.4683,0.502,0.4257,0.7532,0.0085,True,False,0.0,3705,0.47,0.527,0.5571,0.4683,0.502,0.4454,0.4805
1718865,Santa Fé do Araguaia - TO,17,1.5,0.3944,0.4315,0.4157,0.7409,0.0087,True,False,0.0,7155,0.54,0.3944,0.4315,0.3944,0.4315,0.3944,0.4315
1718881,Santa Maria do Tocantins - TO,17,1.5,0.4039,0.441,0.4543,0.7764,0.0207,True,True,0.0,2646,0.53,0.4039,0.441,0.4039,0.441,0.4039,0.441
1718899,Santa Rita do Tocantins - TO,17,1.5,0.3716,0.4115,0.3896,0.6957,0.0038,True,False,0.0,2209,0.53,0.3716,0.4115,0.3716,0.4115,0.3716,0.4115
1718907,Santa Rosa do Tocantins - TO,17,1.5,0.4032,0.4427,0.4433,0.801,0.0256,True,True,0.0,4653,0.54,0.4032,0.4427,0.4032,0.4427,0.4032,0.4427
1719004,Santa Tereza do Tocantins - TO,17,1.5,0.3879,0.4238,0.4121,0.7435,0.012,True,False,0.0,2780,0.47,0.3879,0.4238,0.3879,0.4238,0.3879,0.4238
1720002,Santa Terezinha do Tocantins - TO,17,1.5,0.4368,0.4716,0.4722,0.7676,0.0192,True,True,0.0,2405,0.54,0.4368,0.4716,0.4368,0.4716,0.4368,0.4716
1720101,São Bento do Tocantins - TO,17,1.5,0.3574,0.3999,0.3953,0.6799,0.0062,True,False,0.0,5629,0.56,0.3574,0.3999,0.3574,0.3999,0.3574,0.3999
1720150,São Félix do Tocantins - TO,17,1.5,0.4801,0.5088,0.4641,0.8451,0.0117,True,False,0.0,1772,0.64,0.5125,0.5394,0.4801,0.5088,0.4684,0.4976
1720200,São Miguel do Tocantins - TO,17,1.5,0.3923,0.4334,0.4136,0.7436,0.0169,True,False,0.0,13241,0.56,0.3923,0.4334,0.3923,0.4334,0.3923,0.4334
1720259,São Salvador do Tocantins - TO,17,1.5,0.3976,0.4379,0.4468,0.7426,0.0183,True,True,0.0,2383,0.61,0.3976,0.4379,0.3976,0.4379,0.3976,0.4379
1720309,São Sebastião do Tocantins - TO,17,1.5,0.439,0.4741,0.4404,0.8101,0.0195,True,False,0.0,4099,0.55,0.439,0.4741,0.439,0.4741,0.439,0.4741
1720499,São Valério - TO,17,1.5,0.4503,0.4854,0.497,0.7784,0.0301,True,True,0.0,4403,0.56,0.4503,0.4854,0.4503,0.4854,0.4503,0.4854
1720655,Silvanópolis - TO,17,1.5,0.5188,0.546,0.4644,0.8626,0.0174,True,False,0.0,5108,0.56,0.5634,0.5882,0.5188,0.546,0.5019,0.53
1720804,Sítio Novo do Tocantins - TO,17,1.5,0.3961,0.4352,0.4089,0.7372,0.0168,True,False,0.0,10818,0.56,0.3961,0.4352,0.3961,0.4352,0.3961,0.4352
1720853,Sucupira - TO,17,1.5,0.3859,0.4262,0.4158,0.708,0.0287,True,False,0.0,1576,0.5,0.3859,0.4262,0.3859,0.4262,0.3859,0.4262
1720903,Taguatinga - TO,17,1.5,0.4582,0.4909,0.4541,0.8281,0.0124,True,False,0.0,13953,0.64,0.4697,0.5017,0.4582,0.4909,0.4543,0.4872
1720937,Taipas do Tocantins - TO,17,1.5,0.4735,0.507,0.4351,0.795,0.0181,True,False,0.0,2019,0.55,0.5365,0.5663,0.4735,0.507,0.4484,0.4835
1720978,Talismã - TO,17,1.5,0.3831,0.4214,0.406,0.7248,0.0093,True,False,0.0,2455,0.48,0.3831,0.4214,0.3831,0.4214,0.3831,0.4214
1721000,Palmas - TO,17,1.5,0.5403,0.5597,0.5115,0.9489,0.0101,True,False,0.0,301543,0.58,0.578,0.596,0.5403,0.5597,0.5262,0.5462
1721109,Tocantínia - TO,17,1.5,0.4663,0.5008,0.4746,0.8599,0.0114,True,False,0.0,7442,0.62,0.4663,0.5008,0.4663,0.5008,0.4663,0.5008
1721208,Tocantinópolis - TO,17,1.5,0.5164,0.5429,0.4908,0.8811,0.0152,True,False,0.0,22487,0.52,0.5484,0.5732,0.5164,0.5429,0.5047,0.5319
1721257,Tupirama - TO,17,1.5,0.3991,0.4359,0.3978,0.7372,0.0127,True,False,0.0,1906,0.48,0.3991,0.4359,0.3991,0.4359,0.3991,0.4359
1721307,Tupiratins - TO,17,1.5,0.4528,0.4843,0.4781,0.8275,0.0217,True,False,0.0,1863,0.57,0.4528,0.4843,0.4528,0.4843,0.4528,0.4843
1722081,Wanderlândia - TO,17,1.5,0.4047,0.4428,0.4294,0.745,0.0082,True,False,0.0,10509,0.51,0.4047,0.4428,0.4047,0.4428,0.4047,0.4428
1722107,Xambioá - TO,17,1.5,0.4461,0.4786,0.4523,0.7902,0.0157,True,False,0.0,10478,0.6,0.4534,0.4854,0.4461,0.4786,0.4437,0.4763
2100055,Açailândia - MA,21,1.5,0.4368,0.4695,0.4619,0.8017,0.0085,True,False,0.0,106153,0.56,0.4368,0.4695,0.4368,0.4695,0.4368,0.4695
2100105,Afonso Cunha - MA,21,1.5,0.4569,0.502,0.473,0.8657,0.0096,True,False,0.0,6134,0.59,0.4569,0.502,0.4569,0.502,0.4569,0.502
2100154,Água Doce do Maranhão - MA,21,1.5,0.4334,0.4766,0.483,0.8499,0.0137,True,True,0.0,12142,0.59,0.4334,0.4766,0.4334,0.4766,0.4334,0.4766
2100204,Alcântara - MA,21,1.5,0.4147,0.4563,0.4534,0.8171,0.0164,True,False,0.0,18429,0.59,0.4147,0.4563,0.4147,0.4563,0.4147,0.4563
2100303,Aldeias Altas - MA,21,1.5,0.4476,0.4964,0.5005,0.8514,0.0098,True,True,0.0,23288,0.59,0.4476,0.4964,0.4476,0.4964,0.4476,0.4964
2100402,Altamira do Maranhão - MA,21,1.5,0.4136,0.4513,0.423,0.7835,0.0133,True,False,0.0,6443,0.52,0.4136,0.4513,0.4136,0.4513,0.4136,0.4513
2100436,Alto Alegre do Maranhão - MA,21,1.5,0.4325,0.4708,0.4556,0.8173,0.0099,True,False,0.0,24049,0.51,0.4325,0.4708,0.4325,0.4708,0.4325,0.4708
2100477,Alto Alegre do Pindaré - MA,21,1.5,0.4225,0.4646,0.4636,0.8183,0.0058,True,False,0.0,25566,0.57,0.4225,0.4646,0.4225,0.4646,0.4225,0.4646
2100501,Alto Parnaíba - MA,21,1.5,0.4673,0.5009,0.4889,0.8909,0.0083,True,False,0.0,11021,0.78,0.4673,0.5009,0.4673,0.5009,0.4673,0.5009
2100550,Amapá do Maranhão - MA,21,1.5,0.4126,0.4627,0.4477,0.8175,0.0073,True,False,0.0,7167,0.57,0.4126,0.4627,0.4126,0.4627,0.4126,0.4627
2100600,Amarante do Maranhão - MA,21,1.5,0.4888,0.5294,0.5265,0.9163,0.0025,True,False,0.0,37022,0.59,0.4888,0.5294,0.4888,0.5294,0.4888,0.5294
2100709,Anajatuba - MA,21,1.5,0.4295,0.4716,0.4699,0.8219,0.0159,True,False,0.0,25316,0.6,0.4295,0.4716,0.4295,0.4716,0.4295,0.4716
2100808,Anapurus - MA,21,1.5,0.518,0.5585,0.5334,0.975,0.0089,True,False,0.0,13713,0.54,0.5414,0.5799,0.518,0.5585,0.5096,0.5508
2100832,Apicum-Açu - MA,21,1.5,0.3975,0.4432,0.4276,0.7901,0.007,True,False,0.0,17481,0.52,0.3975,0.4432,0.3975,0.4432,0.3975,0.4432
2100873,Araguanã - MA,21,1.5,0.4125,0.4558,0.4422,0.7985,0.0032,True,False,0.0,11180,0.52,0.4125,0.4558,0.4125,0.4558,0.4125,0.4558
2100907,Araioses - MA,21,1.5,0.4595,0.5148,0.5093,0.9002,0.0065,True,False,0.0,39051,0.59,0.4595,0.5148,0.4595,0.5148,0.4595,0.5148
2100956,Arame - MA,21,1.5,0.4801,0.5225,0.5388,0.91,0.005,True,True,0.0,25427,0.72,0.4801,0.5225,0.4801,0.5225,0.4801,0.5225
2101004,Arari - MA,21,1.5,0.4462,0.483,0.4863,0.8559,0.009,True,True,0.0,29406,0.57,0.4462,0.483,0.4462,0.483,0.4462,0.483
2101103,Axixá - MA,21,1.5,0.4452,0.4823,0.4803,0.8552,0.0027,True,False,0.0,11774,0.54,0.4452,0.4823,0.4452,0.4823,0.4452,0.4823
2101202,Bacabal - MA,21,1.5,0.4389,0.4729,0.4578,0.8182,0.0109,True,False,0.0,103620,0.55,0.4389,0.4729,0.4389,0.4729,0.4389,0.4729
2101251,Bacabeira - MA,21,1.5,0.4404,0.4781,0.4706,0.7945,0.005,True,False,0.0,16954,0.54,0.4404,0.4781,0.4404,0.4781,0.4404,0.4781
2101301,Bacuri - MA,21,1.5,0.5073,0.5474,0.5055,0.9421,0.0084,True,False,0.0,16242,0.58,0.545,0.582,0.5073,0.5474,0.4933,0.5345
2101350,Bacurituba - MA,21,1.5,0.3813,0.4262,0.418,0.755,0.0164,True,False,0.0,5249,0.55,0.3813,0.4262,0.3813,0.4262,0.3813,0.4262
2101400,Balsas - MA,21,1.5,0.4627,0.4923,0.4725,0.82,0.0123,True,False,0.0,101227,0.58,0.466,0.4954,0.4627,0.4923,0.4616,0.4912
2101509,Barão de Grajaú - MA,21,1.5,0.399,0.4378,0.4341,0.7628,0.0112,True,False,0.0,18972,0.52,0.399,0.4378,0.399,0.4378,0.399,0.4378
2101608,Barra do Corda - MA,21,1.5,0.4792,0.512,0.4836,0.8585,0.0097,True,False,0.0,84434,0.62,0.4984,0.53,0.4792,0.512,0.4725,0.5057
2101707,Barreirinhas - MA,21,1.5,0.4477,0.4902,0.4865,0.8719,0.0103,True,False,0.0,65188,0.61,0.4477,0.4902,0.4477,0.4902,0.4477,0.4902
2101731,Belágua - MA,21,1.5,0.4618,0.5385,0.5344,0.8995,0.0036,True,False,0.0,8450,0.63,0.4618,0.5385,0.4618,0.5385,0.4618,0.5385
2101772,Bela Vista do Maranhão - MA,21,1.5,0.379,0.4218,0.4052,0.7475,0.0086,True,False,0.0,11739,0.5,0.379,0.4218,0.379,0.4218,0.379,0.4218
2101806,Benedito Leite - MA,21,1.5,0.3912,0.433,0.4226,0.7668,0.0157,True,False,0.0,5467,0.58,0.3912,0.433,0.3912,0.433,0.3912,0.433
2101905,Bequimão - MA,21,1.5,0.4154,0.456,0.4437,0.7834,0.007,True,False,0.0,19502,0.55,0.4154,0.456,0.4154,0.456,0.4154,0.456
2101939,Bernardo do Mearim - MA,21,1.5,0.3657,0.4088,0.3944,0.7022,0.0113,True,False,0.0,5840,0.47,0.3657,0.4088,0.3657,0.4088,0.3657,0.4088
2101970,Boa Vista do Gurupi - MA,21,1.5,0.4883,0.5326,0.5285,0.958,0.0032,True,False,0.0,7568,0.52,0.4883,0.5326,0.4883,0.5326,0.4883,0.5326
2102002,Bom Jardim - MA,21,1.5,0.4577,0.5029,0.5178,0.8515,0.0084,True,True,0.0,33099,0.58,0.4577,0.5029,0.4577,0.5029,0.4577,0.5029
2102036,Bom Jesus das Selvas - MA,21,1.5,0.4302,0.4671,0.4639,0.8144,0.0069,True,False,0.0,28490,0.62,0.4302,0.4671,0.4302,0.4671,0.4302,0.4671
2102077,Bom Lugar - MA,21,1.5,0.383,0.4269,0.4272,0.7619,0.0152,True,True,0.0,12212,0.49,0.383,0.4269,0.383,0.4269,0.383,0.4269
2102101,Brejo - MA,21,1.5,0.4604,0.5047,0.4839,0.892,0.0062,True,False,0.0,34068,0.64,0.4604,0.5047,0.4604,0.5047,0.4604,0.5047
2102150,Brejo de Areia - MA,21,1.5,0.3813,0.4322,0.4156,0.7455,0.0096,True,False,0.0,9195,0.48,0.3813,0.4322,0.3813,0.4322,0.3813,0.4322
2102200,Buriti - MA,21,1.5,0.4936,0.5577,0.5512,1.0272,0.0129,True,False,0.0,29646,0.63,0.4936,0.5577,0.4936,0.5577,0.4936,0.5577
2102309,Buriti Bravo - MA,21,1.5,0.4165,0.461,0.4647,0.8136,0.0137,True,True,0.0,22440,0.55,0.4165,0.461,0.4165,0.461,0.4165,0.461
2102325,Buriticupu - MA,21,1.5,0.46,0.4972,0.4879,0.8332,0.0061,True,False,0.0,55448,0.6,0.46,0.4972,0.46,0.4972,0.46,0.4972
2102358,Buritirana - MA,21,1.5,0.3702,0.4134,0.3962,0.7163,0.0073,True,False,0.0,12914,0.5,0.3702,0.4134,0.3702,0.4134,0.3702,0.4134
2102374,Cachoeira Grande - MA,21,1.5,0.432,0.4934,0.5247,0.7715,0.0091,True,True,0.0,9732,0.57,0.432,0.4934,0.432,0.4934,0.432,0.4934
2102408,Cajapió - MA,21,1.5,0.479,0.534,0.5164,0.9354,0.0055,True,False,0.0,10121,0.57,0.479,0.534,0.479,0.534,0.479,0.534
2102507,Cajari - MA,21,1.5,0.4383,0.4887,0.473,0.8664,0.0136,True,False,0.0,16407,0.63,0.4383,0.4887,0.4383,0.4887,0.4383,0.4887
2102556,Campestre do Maranhão - MA,21,1.5,0.373,0.4134,0.4057,0.7154,0.0107,True,False,0.0,12215,0.48,0.373,0.4134,0.373,0.4134,0.373,0.4134
2102606,Cândido Mendes - MA,21,1.5,0.4097,0.4552,0.4619,0.8164,0.02,True,True,0.0,19923,0.58,0.4097,0.4552,0.4097,0.4552,0.4097,0.4552
2102705,Cantanhede - MA,21,1.5,0.4812,0.5168,0.5297,0.9942,0.0106,True,True,0.0,24302,0.6,0.4812,0.5168,0.4812,0.5168,0.4812,0.5168
2102754,Capinzal do Norte - MA,21,1.5,0.4303,0.4668,0.4433,0.7923,0.0135,True,False,0.0,11352,0.57,0.4303,0.4668,0.4303,0.4668,0.4303,0.4668
2102804,Carolina - MA,21,1.5,0.4131,0.4495,0.4303,0.7762,0.0127,True,False,0.0,23945,0.55,0.4131,0.4495,0.4131,0.4495,0.4131,0.4495
2102903,Carutapera - MA,21,1.5,0.4225,0.4611,0.4502,0.831,0.006,True,False,0.0,24238,0.54,0.4225,0.4611,0.4225,0.4611,0.4225,0.4611
2103000,Caxias - MA,21,1.5,0.4964,0.5279,0.4965,0.8874,0.0097,True,False,0.0,156737,0.55,0.5082,0.5389,0.4964,0.5279,0.4924,0.5241
2103109,Cedral - MA,21,1.5,0.4061,0.4519,0.4242,0.7892,0.0109,True,False,0.0,10200,0.56,0.4061,0.4519,0.4061,0.4519,0.4061,0.4519
2103125,Central do Maranhão - MA,21,1.5,0.4865,0.5292,0.5099,0.8881,0.0127,True,False,0.0,7089,0.54,0.4865,0.5292,0.4865,0.5292,0.4865,0.5292
2103158,Centro do Guilherme - MA,21,1.5,0.383,0.4246,0.3979,0.7242,0.015,True,False,0.0,12341,0.56,0.4022,0.4426,0.383,0.4246,0.3762,0.4184
2103174,Centro Novo do Maranhão - MA,21,1.5,0.4506,0.4867,0.4781,0.8634,0.0094,True,False,0.0,16228,0.56,0.4506,0.4867,0.4506,0.4867,0.4506,0.4867
2103208,Chapadinha - MA,21,1.5,0.4873,0.5228,0.5017,0.9077,0.0093,True,False,0.0,81110,0.59,0.4873,0.5228,0.4873,0.5228,0.4873,0.5228
2103257,Cidelândia - MA,21,1.5,0.4103,0.4478,0.4383,0.7669,0.0097,True,False,0.0,12849,0.47,0.4103,0.4478,0.4103,0.4478,0.4103,0.4478
2103307,Codó - MA,21,1.5,0.4593,0.4959,0.4665,0.8333,0.0061,True,False,0.0,114058,0.57,0.4798,0.515,0.4593,0.4959,0.4522,0.4892
2103406,Coelho Neto - MA,21,1.5,0.4333,0.4726,0.4534,0.8305,0.0067,True,False,0.0,41640,0.54,0.4333,0.4726,0.4333,0.4726,0.4333,0.4726
2103505,Colinas - MA,21,1.5,0.44,0.4778,0.4599,0.8426,0.0065,True,False,0.0,40194,0.63,0.44,0.4778,0.44,0.4778,0.44,0.4778
2103554,Conceição do Lago-Açu - MA,21,1.5,0.4407,0.4906,0.4867,0.8835,0.0078,True,False,0.0,14884,0.51,0.4407,0.4906,0.4407,0.4906,0.4407,0.4906
2103604,Coroatá - MA,21,1.5,0.4375,0.4792,0.4814,0.8335,0.0083,True,True,0.0,59357,0.58,0.4375,0.4792,0.4375,0.4792,0.4375,0.4792
2103703,Cururupu - MA,21,1.5,0.4367,0.4756,0.474,0.8482,0.0157,True,False,0.0,31494,0.58,0.4367,0.4756,0.4367,0.4756,0.4367,0.4756
2103752,Davinópolis - MA,21,1.5,0.3186,0.3653,0.3589,0.6259,0.0092,True,False,0.0,14294,0.45,0.3186,0.3653,0.3186,0.3653,0.3186,0.3653
2103802,Dom Pedro - MA,21,1.5,0.4221,0.4585,0.4388,0.7947,0.0109,True,False,0.0,23011,0.48,0.4221,0.4585,0.4221,0.4585,0.4221,0.4585
2103901,Duque Bacelar - MA,21,1.5,0.4261,0.4752,0.4637,0.8316,0.0047,True,False,0.0,10213,0.6,0.4261,0.4752,0.4261,0.4752,0.4261,0.4752
2104008,Esperantinópolis - MA,21,1.5,0.4793,0.5145,0.5449,0.8131,0.0095,True,True,0.0,18286,0.59,0.4793,0.5145,0.4793,0.5145,0.4793,0.5145
2104057,Estreito - MA,21,1.5,0.4579,0.4893,0.4589,0.8314,0.011,True,False,0.0,33186,0.56,0.4579,0.4893,0.4579,0.4893,0.4579,0.4893
2104073,Feira Nova do Maranhão - MA,21,1.5,0.3939,0.4342,0.4273,0.7568,0.0094,True,False,0.0,8048,0.62,0.3939,0.4342,0.3939,0.4342,0.3939,0.4342
2104081,Fernando Falcão - MA,21,1.5,0.4333,0.4783,0.4492,0.8207,0.0077,True,False,0.0,10849,0.55,0.4333,0.4783,0.4333,0.4783,0.4333,0.4783
2104099,Formosa da Serra Negra - MA,21,1.5,0.4427,0.4835,0.4725,0.866,0.0097,True,False,0.0,17665,0.63,0.4427,0.4835,0.4427,0.4835,0.4427,0.4835
2104107,Fortaleza dos Nogueiras - MA,21,1.5,0.4411,0.4759,0.4238,0.7657,0.0114,True,False,0.0,12591,0.53,0.4674,0.5006,0.4411,0.4759,0.4317,0.4671
2104206,Fortuna - MA,21,1.5,0.4925,0.5325,0.5255,0.962,0.0056,True,False,0.0,16968,0.56,0.4925,0.5325,0.4925,0.5325,0.4925,0.5325
2104305,Godofredo Viana - MA,21,1.5,0.4843,0.5175,0.4813,0.8696,0.0116,True,False,0.0,10143,0.5,0.5214,0.5523,0.4843,0.5175,0.4706,0.5047
2104404,Gonçalves Dias - MA,21,1.5,0.4349,0.4722,0.4639,0.8255,0.0126,True,False,0.0,17197,0.59,0.4349,0.4722,0.4349,0.4722,0.4349,0.4722
2104503,Governador Archer - MA,21,1.5,0.4072,0.4475,0.4326,0.7826,0.0087,True,False,0.0,10232,0.55,0.4072,0.4475,0.4072,0.4475,0.4072,0.4475
2104552,Governador Edison Lobão - MA,21,1.5,0.3699,0.412,0.3982,0.6893,0.008,True,False,0.0,18325,0.46,0.3699,0.412,0.3699,0.412,0.3699,0.412
2104602,Governador Eugênio Barros - MA,21,1.5,0.4188,0.4582,0.4459,0.7919,0.0135,True,False,0.0,13924,0.58,0.4188,0.4582,0.4188,0.4582,0.4188,0.4582
2104628,Governador Luiz Rocha - MA,21,1.5,0.4448,0.4837,0.4691,0.8483,0.0133,True,False,0.0,7063,0.55,0.4448,0.4837,0.4448,0.4837,0.4448,0.4837
2104651,Governador Newton Bello - MA,21,1.5,0.4058,0.448,0.4282,0.7919,0.0049,True,False,0.0,10708,0.52,0.4058,0.448,0.4058,0.448,0.4058,0.448
2104677,Governador Nunes Freire - MA,21,1.5,0.4647,0.5026,0.4856,0.8531,0.0105,True,False,0.0,22921,0.56,0.4647,0.5026,0.4647,0.5026,0.4647,0.5026
2104701,Graça Aranha - MA,21,1.5,0.3758,0.4191,0.4103,0.7518,0.0102,True,False,0.0,6024,0.53,0.3758,0.4191,0.3758,0.4191,0.3758,0.4191
2104800,Grajaú - MA,21,1.5,0.4934,0.5254,0.4996,0.8888,0.0101,True,False,0.0,73762,0.61,0.4996,0.5312,0.4934,0.5254,0.4913,0.5234
2104909,Guimarães - MA,21,1.5,0.4861,0.5222,0.4991,0.9417,0.0068,True,False,0.0,10273,0.56,0.4861,0.5222,0.4861,0.5222,0.4861,0.5222
2105005,Humberto de Campos - MA,21,1.5,0.5162,0.5925,0.566,1.0264,0.0057,True,False,0.0,25680,0.64,0.5162,0.5925,0.5162,0.5925,0.5162,0.5925
2105104,Icatu - MA,21,1.5,0.4287,0.4945,0.4855,0.8657,0.0051,True,False,0.0,24794,0.59,0.4287,0.4945,0.4287,0.4945,0.4287,0.4945
2105153,Igarapé do Meio - MA,21,1.5,0.3906,0.4329,0.4224,0.7629,0.0054,True,False,0.0,13969,0.5,0.3906,0.4329,0.3906,0.4329,0.3906,0.4329
2105203,Igarapé Grande - MA,21,1.5,0.4096,0.4478,0.4181,0.7678,0.0142,True,False,0.0,10219,0.52,0.4096,0.4478,0.4096,0.4478,0.4096,0.4478
2105302,Imperatriz - MA,21,1.5,0.4931,0.5197,0.4799,0.8595,0.0131,True,False,0.0,272411,0.56,0.5115,0.5371,0.4931,0.5197,0.4867,0.5136
2105351,Itaipava do Grajaú - MA,21,1.5,0.4042,0.4522,0.4465,0.7913,0.012,True,False,0.0,13828,0.55,0.4042,0.4522,0.4042,0.4522,0.4042,0.4522
2105401,Itapecuru Mirim - MA,21,1.5,0.4759,0.5124,0.5158,0.8928,0.0044,True,True,0.0,60260,0.56,0.4759,0.5124,0.4759,0.5124,0.4759,0.5124
2105427,Itinga do Maranhão - MA,21,1.5,0.3842,0.4237,0.4032,0.7231,0.0114,True,False,0.0,22324,0.52,0.3842,0.4237,0.3842,0.4237,0.3842,0.4237
2105450,Jatobá - MA,21,1.5,0.4221,0.467,0.4676,0.7641,0.0074,True,True,0.0,7457,0.57,0.4221,0.467,0.4221,0.467,0.4221,0.467
2105476,Jenipapo dos Vieiras - MA,21,1.5,0.5201,0.5813,0.5832,1.0406,0.0044,True,True,0.0,17070,0.67,0.5201,0.5813,0.5201,0.5813,0.5201,0.5813
2105500,João Lisboa - MA,21,1.5,0.3894,0.428,0.4014,0.7221,0.0026,True,False,0.0,24537,0.44,0.4064,0.444,0.3894,0.428,0.3835,0.4225
2105609,Joselândia - MA,21,1.5,0.4975,0.5348,0.5133,0.9208,0.0068,True,False,0.0,14918,0.57,0.5188,0.5545,0.4975,0.5348,0.49,0.5278
2105658,Junco do Maranhão - MA,21,1.5,0.3715,0.4193,0.4019,0.7397,0.0025,True,False,0.0,5147,0.52,0.3715,0.4193,0.3715,0.4193,0.3715,0.4193
2105708,Lago da Pedra - MA,21,1.5,0.3906,0.4295,0.4118,0.7464,0.009,True,False,0.0,44394,0.55,0.3906,0.4295,0.3906,0.4295,0.3906,0.4295
2105807,Lago do Junco - MA,21,1.5,0.385,0.4258,0.4003,0.7331,0.0092,True,False,0.0,9506,0.6,0.385,0.4258,0.385,0.4258,0.385,0.4258
2105906,Lago Verde - MA,21,1.5,0.4575,0.4969,0.4353,0.7922,0.0059,True,False,0.0,14761,0.51,0.5087,0.5445,0.4575,0.4969,0.438,0.4788
2105922,Lagoa do Mato - MA,21,1.5,0.4139,0.4625,0.4606,0.8349,0.0179,True,False,0.0,10571,0.52,0.4139,0.4625,0.4139,0.4625,0.4139,0.4625
2105948,Lago dos Rodrigues - MA,21,1.5,0.3729,0.4138,0.404,0.7252,0.0104,True,False,0.0,8725,0.47,0.3729,0.4138,0.3729,0.4138,0.3729,0.4138
2105963,Lagoa Grande do Maranhão - MA,21,1.5,0.4018,0.4482,0.4552,0.8079,0.016,True,True,0.0,11411,0.54,0.4018,0.4482,0.4018,0.4482,0.4018,0.4482
2105989,Lajeado Novo - MA,21,1.5,0.4276,0.4675,0.444,0.7842,0.0147,True,False,0.0,7058,0.6,0.4276,0.4675,0.4276,0.4675,0.4276,0.4675
2106003,Lima Campos - MA,21,1.5,0.4498,0.4852,0.4669,0.8416,0.0081,True,False,0.0,11297,0.56,0.4498,0.4852,0.4498,0.4852,0.4498,0.4852
2106102,Loreto - MA,21,1.5,0.4068,0.4452,0.4299,0.7688,0.0072,True,False,0.0,11597,0.54,0.4068,0.4452,0.4068,0.4452,0.4068,0.4452
2106201,Luís Domingues - MA,21,1.5,0.4146,0.458,0.454,0.7913,0.0036,True,False,0.0,7158,0.6,0.4146,0.458,0.4146,0.458,0.4146,0.458
2106300,Magalhães de Almeida - MA,21,1.5,0.4261,0.466,0.4645,0.8366,0.005,True,False,0.0,13806,0.59,0.4261,0.466,0.4261,0.466,0.4261,0.466
2106326,Maracaçumé - MA,21,1.5,0.454,0.4958,0.5037,0.8296,0.0153,True,True,0.0,21149,0.47,0.454,0.4958,0.454,0.4958,0.454,0.4958
2106359,Marajá do Sena - MA,21,1.5,0.4098,0.4778,0.4634,0.8158,0.002,True,False,0.0,7021,0.62,0.4098,0.4778,0.4098,0.4778,0.4098,0.4778
2106375,Maranhãozinho - MA,21,1.5,0.4673,0.5196,0.5282,0.872,0.0037,True,True,0.0,13716,0.51,0.4673,0.5196,0.4673,0.5196,0.4673,0.5196
2106409,Mata Roma - MA,21,1.5,0.4308,0.4747,0.4626,0.8297,0.0115,True,False,0.0,17081,0.57,0.4308,0.4747,0.4308,0.4747,0.4308,0.4747
2106508,Matinha - MA,21,1.5,0.4388,0.4797,0.4983,0.845,0.0174,True,True,0.0,21981,0.64,0.4388,0.4797,0.4388,0.4797,0.4388,0.4797
2106607,Matões - MA,21,1.5,0.4601,0.5036,0.4999,0.8695,0.0065,True,False,0.0,32164,0.56,0.4601,0.5036,0.4601,0.5036,0.4601,0.5036
2106631,Matões do Norte - MA,21,1.5,0.4078,0.4676,0.4506,0.7949,0.0056,True,False,0.0,17418,0.57,0.4078,0.4676,0.4078,0.4676,0.4078,0.4676
2106672,Milagres do Maranhão - MA,21,1.5,0.4045,0.4716,0.4496,0.8122,0.0057,True,False,0.0,8789,0.54,0.4045,0.4716,0.4045,0.4716,0.4045,0.4716
2106706,Mirador - MA,21,1.5,0.4457,0.4911,0.4955,0.88,0.011,True,True,0.0,21017,0.64,0.4457,0.4911,0.4457,0.4911,0.4457,0.4911
2106755,Miranda do Norte - MA,21,1.5,0.3812,0.4238,0.4149,0.7042,0.0137,True,False,0.0,23795,0.47,0.3812,0.4238,0.3812,0.4238,0.3812,0.4238
2106805,Mirinzal - MA,21,1.5,0.4254,0.4627,0.4543,0.8403,0.0041,True,False,0.0,13961,0.51,0.4254,0.4627,0.4254,0.4627,0.4254,0.4627
2106904,Monção - MA,21,1.5,0.4261,0.4729,0.4653,0.8257,0.0013,True,False,0.0,27751,0.52,0.4261,0.4729,0.4261,0.4729,0.4261,0.4729
2107001,Montes Altos - MA,21,1.5,0.4689,0.5032,0.4966,0.8904,0.0082,True,False,0.0,9101,0.56,0.4689,0.5032,0.4689,0.5032,0.4689,0.5032
2107100,Morros - MA,21,1.5,0.4526,0.5049,0.5017,0.9042,0.007,True,False,0.0,18541,0.58,0.4526,0.5049,0.4526,0.5049,0.4526,0.5049
2107209,Nina Rodrigues - MA,21,1.5,0.4616,0.5072,0.4988,0.8973,0.0094,True,False,0.0,14163,0.62,0.4616,0.5072,0.4616,0.5072,0.4616,0.5072
2107258,Nova Colinas - MA,21,1.5,0.4634,0.4996,0.4804,0.8942,0.0088,True,False,0.0,5001,0.54,0.4634,0.4996,0.4634,0.4996,0.4634,0.4996
2107308,Nova Iorque - MA,21,1.5,0.4098,0.4514,0.4642,0.8278,0.0246,True,True,0.0,4319,0.53,0.4098,0.4514,0.4098,0.4514,0.4098,0.4514
2107357,Nova Olinda do Maranhão - MA,21,1.5,0.416,0.4578,0.4642,0.7949,0.0129,True,True,0.0,14314,0.47,0.416,0.4578,0.416,0.4578,0.416,0.4578
2107407,Olho d'Água das Cunhãs - MA,21,1.5,0.3863,0.4278,0.4101,0.7331,0.0127,True,False,0.0,17899,0.53,0.3863,0.4278,0.3863,0.4278,0.3863,0.4278
2107456,Olinda Nova do Maranhão - MA,21,1.5,0.3803,0.4275,0.4188,0.7456,0.0112,True,False,0.0,13574,0.6,0.3803,0.4275,0.3803,0.4275,0.3803,0.4275
2107506,Paço do Lumiar - MA,21,1.5,0.4613,0.4914,0.4766,0.8446,0.0036,True,False,0.0,145288,0.49,0.4743,0.5037,0.4613,0.4914,0.4568,0.4872
2107605,Palmeirândia - MA,21,1.5,0.3732,0.4246,0.4115,0.7387,0.0135,True,False,0.0,21040,0.57,0.3732,0.4246,0.3732,0.4246,0.3732,0.4246
2107704,Paraibano - MA,21,1.5,0.455,0.4921,0.4829,0.8756,0.0148,True,False,0.0,18264,0.54,0.455,0.4921,0.455,0.4921,0.455,0.4921
2107803,Parnarama - MA,21,1.5,0.4405,0.4823,0.4819,0.8311,0.0069,True,False,0.0,31235,0.55,0.4405,0.4823,0.4405,0.4823,0.4405,0.4823
2107902,Passagem Franca - MA,21,1.5,0.4108,0.4536,0.4415,0.7921,0.0085,True,False,0.0,17217,0.55,0.4108,0.4536,0.4108,0.4536,0.4108,0.4536
2108009,Pastos Bons - MA,21,1.5,0.4559,0.4913,0.4829,0.8859,0.0047,True,False,0.0,18781,0.55,0.4559,0.4913,0.4559,0.4913,0.4559,0.4913
2108058,Paulino Neves - MA,21,1.5,0.4276,0.4735,0.4626,0.8189,0.0071,True,False,0.0,17019,0.62,0.4276,0.4735,0.4276,0.4735,0.4276,0.4735
2108108,Paulo Ramos - MA,21,1.5,0.4282,0.4689,0.451,0.8256,0.0061,True,False,0.0,20341,0.58,0.4282,0.4689,0.4282,0.4689,0.4282,0.4689
2108207,Pedreiras - MA,21,1.5,0.4885,0.5183,0.4682,0.8572,0.0127,True,False,0.0,36779,0.59,0.5022,0.5312,0.4885,0.5183,0.4837,0.5138
2108256,Pedro do Rosário - MA,21,1.5,0.3823,0.4362,0.4218,0.7596,0.0011,True,False,0.0,24268,0.58,0.3823,0.4362,0.3823,0.4362,0.3823,0.4362
2108306,Penalva - MA,21,1.5,0.4662,0.5115,0.4795,0.8617,0.0044,True,False,0.0,32483,0.51,0.4849,0.5285,0.4662,0.5115,0.4597,0.5055
2108405,Peri Mirim - MA,21,1.5,0.4542,0.4931,0.4849,0.8176,0.012,True,False,0.0,11107,0.53,0.4542,0.4931,0.4542,0.4931,0.4542,0.4931
2108454,Peritoró - MA,21,1.5,0.4125,0.4517,0.4396,0.813,0.0072,True,False,0.0,20458,0.6,0.4125,0.4517,0.4125,0.4517,0.4125,0.4517
2108504,Pindaré-Mirim - MA,21,1.5,0.4606,0.4952,0.4644,0.8384,0.0062,True,False,0.0,31410,0.51,0.4779,0.5115,0.4606,0.4952,0.4545,0.4895
2108603,Pinheiro - MA,21,1.5,0.4614,0.4943,0.4668,0.84,0.0044,True,False,0.0,84071,0.51,0.4822,0.5139,0.4614,0.4943,0.4541,0.4874
2108702,Pio XII - MA,21,1.5,0.4418,0.4785,0.48,0.8424,0.0055,True,True,0.0,21877,0.53,0.4418,0.4785,0.4418,0.4785,0.4418,0.4785
2108801,Pirapemas - MA,21,1.5,0.4846,0.5269,0.5026,0.8878,0.0144,True,False,0.0,17714,0.6,0.4846,0.5269,0.4846,0.5269,0.4846,0.5269
2108900,Poção de Pedras - MA,21,1.5,0.4805,0.5136,0.4961,0.8697,0.0114,True,False,0.0,17157,0.54,0.4805,0.5136,0.4805,0.5136,0.4805,0.5136
2109007,Porto Franco - MA,21,1.5,0.5067,0.5335,0.4875,0.8528,0.0182,True,False,0.0,23776,0.57,0.5306,0.5561,0.5067,0.5335,0.4982,0.5255
2109056,Porto Rico do Maranhão - MA,21,1.5,0.3913,0.437,0.4312,0.7911,0.0246,True,False,0.0,5946,0.52,0.3913,0.437,0.3913,0.437,0.3913,0.437
2109106,Presidente Dutra - MA,21,1.5,0.4827,0.513,0.4702,0.8544,0.0103,True,False,0.0,45077,0.56,0.4929,0.5226,0.4827,0.513,0.4792,0.5097
2109205,Presidente Juscelino - MA,21,1.5,0.4364,0.489,0.4759,0.8726,0.0095,True,False,0.0,11324,0.61,0.4364,0.489,0.4364,0.489,0.4364,0.489
2109239,Presidente Médici - MA,21,1.5,0.4009,0.4452,0.4164,0.7539,0.0119,True,False,0.0,4690,0.52,0.4009,0.4452,0.4009,0.4452,0.4009,0.4452
2109270,Presidente Sarney - MA,21,1.5,0.4421,0.4917,0.5015,0.8578,0.008,True,True,0.0,17506,0.51,0.4421,0.4917,0.4421,0.4917,0.4421,0.4917
2109304,Presidente Vargas - MA,21,1.5,0.4542,0.5055,0.5004,0.9189,0.0079,True,False,0.0,10532,0.61,0.4542,0.5055,0.4542,0.5055,0.4542,0.5055
2109403,Primeira Cruz - MA,21,1.5,0.4156,0.4889,0.4597,0.8159,0.0059,True,False,0.0,13603,0.6,0.4156,0.4889,0.4156,0.4889,0.4156,0.4889
2109452,Raposa - MA,21,1.5,0.4619,0.4935,0.4862,0.8595,0.0096,True,False,0.0,30769,0.48,0.4619,0.4935,0.4619,0.4935,0.4619,0.4935
2109502,Riachão - MA,21,1.5,0.4399,0.4792,0.4746,0.8588,0.0244,True,False,0.0,22096,0.6,0.4399,0.4792,0.4399,0.4792,0.4399,0.4792
2109551,Ribamar Fiquene - MA,21,1.5,0.4175,0.456,0.459,0.7858,0.0091,True,True,0.0,7417,0.57,0.4175,0.456,0.4175,0.456,0.4175,0.456
2109601,Rosário - MA,21,1.5,0.4369,0.4755,0.4781,0.8278,0.0049,True,True,0.0,38324,0.51,0.4369,0.4755,0.4369,0.4755,0.4369,0.4755
2109700,Sambaíba - MA,21,1.5,0.4425,0.4827,0.4747,0.8605,0.0169,True,False,0.0,5568,0.55,0.4425,0.4827,0.4425,0.4827,0.4425,0.4827
2109759,Santa Filomena do Maranhão - MA,21,1.5,0.4162,0.4638,0.4579,0.8263,0.018,True,False,0.0,6692,0.58,0.4162,0.4638,0.4162,0.4638,0.4162,0.4638
2109809,Santa Helena - MA,21,1.5,0.4276,0.473,0.4503,0.819,0.0115,True,False,0.0,41543,0.5,0.4276,0.473,0.4276,0.473,0.4276,0.473
2109908,Santa Inês - MA,21,1.5,0.4456,0.4782,0.4485,0.809,0.0103,True,False,0.0,84733,0.53,0.451,0.4833,0.4456,0.4782,0.4437,0.4765
2110005,Santa Luzia - MA,21,1.5,0.4664,0.5029,0.4962,0.8931,0.0077,True,False,0.0,57486,0.58,0.4664,0.5029,0.4664,0.5029,0.4664,0.5029
2110039,Santa Luzia do Paruá - MA,21,1.5,0.4126,0.4508,0.4234,0.7663,0.0082,True,False,0.0,24267,0.52,0.4324,0.4693,0.4126,0.4508,0.4057,0.4443
2110104,Santa Quitéria do Maranhão - MA,21,1.5,0.4648,0.5162,0.5099,0.905,0.0021,True,False,0.0,23925,0.51,0.4648,0.5162,0.4648,0.5162,0.4648,0.5162
2110203,Santa Rita - MA,21,1.5,0.4358,0.4757,0.4875,0.825,0.0135,True,True,0.0,36939,0.53,0.4358,0.4757,0.4358,0.4757,0.4358,0.4757
2110237,Santana do Maranhão - MA,21,1.5,0.5472,0.5915,0.4689,0.8679,0.0093,True,False,0.0,10533,0.57,0.6326,0.6689,0.5472,0.5915,0.509,0.557
2110278,Santo Amaro do Maranhão - MA,21,1.5,0.4412,0.491,0.4931,0.8569,0.012,True,True,0.0,13945,0.62,0.4412,0.491,0.4412,0.491,0.4412,0.491
2110302,Santo Antônio dos Lopes - MA,21,1.5,0.3857,0.428,0.4128,0.7373,0.0115,True,False,0.0,14303,0.57,0.3857,0.428,0.3857,0.428,0.3857,0.428
2110401,São Benedito do Rio Preto - MA,21,1.5,0.4844,0.5526,0.5395,0.987,0.0048,True,False,0.0,18364,0.62,0.4844,0.5526,0.4844,0.5526,0.4844,0.5526
2110500,São Bento - MA,21,1.5,0.4199,0.4695,0.4463,0.7989,0.0064,True,False,0.0,46385,0.55,0.4199,0.4695,0.4199,0.4695,0.4199,0.4695
2110609,São Bernardo - MA,21,1.5,0.4371,0.4778,0.4677,0.807,0.0097,True,False,0.0,26851,0.59,0.4371,0.4778,0.4371,0.4778,0.4371,0.4778
2110658,São Domingos do Azeitão - MA,21,1.5,0.3939,0.4346,0.4063,0.7363,0.0115,True,False,0.0,7989,0.69,0.3939,0.4346,0.3939,0.4346,0.3939,0.4346
2110708,São Domingos do Maranhão - MA,21,1.5,0.506,0.5421,0.5198,0.9657,0.0156,True,False,0.0,34007,0.6,0.506,0.5421,0.506,0.5421,0.506,0.5421
2110807,São Félix de Balsas - MA,21,1.5,0.3714,0.417,0.404,0.728,0.0181,True,False,0.0,4402,0.57,0.3714,0.417,0.3714,0.417,0.3714,0.417
2110856,São Francisco do Brejão - MA,21,1.5,0.3926,0.4326,0.445,0.7497,0.0174,True,True,0.0,9047,0.51,0.3926,0.4326,0.3926,0.4326,0.3926,0.4326
2110906,São Francisco do Maranhão - MA,21,1.5,0.4207,0.465,0.4745,0.8041,0.0128,True,True,0.0,12065,0.57,0.4207,0.465,0.4207,0.465,0.4207,0.465
2111003,São João Batista - MA,21,1.5,0.4285,0.4747,0.4616,0.8325,0.0071,True,False,0.0,18544,0.63,0.4285,0.4747,0.4285,0.4747,0.4285,0.4747
2111029,São João do Carú - MA,21,1.5,0.4421,0.4883,0.4868,0.8587,0.0051,True,False,0.0,12250,0.53,0.4421,0.4883,0.4421,0.4883,0.4421,0.4883
2111052,São João do Paraíso - MA,21,1.5,0.4598,0.495,0.4779,0.8097,0.0101,True,False,0.0,9905,0.53,0.4598,0.495,0.4598,0.495,0.4598,0.495
2111078,São João do Soter - MA,21,1.5,0.4333,0.4797,0.4828,0.789,0.0174,True,True,0.0,16889,0.52,0.4512,0.4962,0.4333,0.4797,0.4271,0.474
2111102,São João dos Patos - MA,21,1.5,0.4947,0.5264,0.4973,0.9021,0.0083,True,False,0.0,24946,0.56,0.5135,0.544,0.4947,0.5264,0.4881,0.5202
2111201,São José de Ribamar - MA,21,1.5,0.4892,0.5162,0.4965,0.8848,0.0077,True,False,0.0,244350,0.51,0.4964,0.523,0.4892,0.5162,0.4868,0.5139
2111250,São José dos Basílios - MA,21,1.5,0.421,0.4724,0.4738,0.839,0.0196,True,True,0.0,6928,0.55,0.421,0.4724,0.421,0.4724,0.421,0.4724
2111300,São Luís - MA,21,1.5,0.5621,0.5827,0.5377,0.979,0.0152,True,False,0.0,1030834,0.61,0.5892,0.6086,0.5621,0.5827,0.5522,0.5733
2111409,São Luís Gonzaga do Maranhão - MA,21,1.5,0.455,0.4964,0.4848,0.8804,0.0088,True,False,0.0,17812,0.55,0.455,0.4964,0.455,0.4964,0.455,0.4964
2111508,São Mateus do Maranhão - MA,21,1.5,0.4668,0.5013,0.4712,0.8445,0.0031,True,False,0.0,38813,0.68,0.4823,0.5158,0.4668,0.5013,0.4615,0.4962
2111532,São Pedro da Água Branca - MA,21,1.5,0.4218,0.46,0.4427,0.7853,0.0069,True,False,0.0,14297,0.53,0.4218,0.46,0.4218,0.46,0.4218,0.46
2111573,São Pedro dos Crentes - MA,21,1.5,0.421,0.4597,0.4485,0.7867,0.0131,True,False,0.0,5779,0.51,0.421,0.4597,0.421,0.4597,0.421,0.4597
2111607,São Raimundo das Mangabeiras - MA,21,1.5,0.4439,0.4786,0.4559,0.8058,0.0127,True,False,0.0,18644,0.55,0.4439,0.4786,0.4439,0.4786,0.4439,0.4786
2111631,São Raimundo do Doca Bezerra - MA,21,1.5,0.4388,0.4845,0.4896,0.8637,0.0221,True,True,0.0,5650,0.54,0.4388,0.4845,0.4388,0.4845,0.4388,0.4845
2111672,São Roberto - MA,21,1.5,0.4514,0.5066,0.4863,0.919,0.0198,True,False,0.0,4514,0.54,0.4514,0.5066,0.4514,0.5066,0.4514,0.5066
2111706,São Vicente Ferrer - MA,21,1.5,0.4323,0.4775,0.461,0.8218,0.0105,True,False,0.0,19447,0.62,0.4323,0.4775,0.4323,0.4775,0.4323,0.4775
2111722,Satubinha - MA,21,1.5,0.4351,0.4742,0.4928,0.7857,0.0073,True,True,0.0,8783,0.58,0.4351,0.4742,0.4351,0.4742,0.4351,0.4742
2111748,Senador Alexandre Costa - MA,21,1.5,0.4494,0.4887,0.4734,0.863,0.0067,True,False,0.0,10203,0.51,0.4494,0.4887,0.4494,0.4887,0.4494,0.4887
2111763,Senador La Rocque - MA,21,1.5,0.3616,0.4025,0.3925,0.7037,0.0016,True,False,0.0,14695,0.53,0.3616,0.4025,0.3616,0.4025,0.3616,0.4025
2111789,Serrano do Maranhão - MA,21,1.5,0.4051,0.4488,0.4417,0.7964,0.0141,True,False,0.0,10201,0.59,0.4051,0.4488,0.4051,0.4488,0.4051,0.4488
2111805,Sítio Novo - MA,21,1.5,0.4479,0.4877,0.4776,0.8738,0.0058,True,False,0.0,17055,0.59,0.4479,0.4877,0.4479,0.4877,0.4479,0.4877
2111904,Sucupira do Norte - MA,21,1.5,0.4416,0.4796,0.4729,0.8414,0.0029,True,False,0.0,10238,0.59,0.4416,0.4796,0.4416,0.4796,0.4416,0.4796
2111953,Sucupira do Riachão - MA,21,1.5,0.3938,0.4351,0.4207,0.7618,0.0091,True,False,0.0,4986,0.51,0.3938,0.4351,0.3938,0.4351,0.3938,0.4351
2112001,Tasso Fragoso - MA,21,1.5,0.4732,0.5048,0.5123,0.9382,0.0113,True,True,0.0,8834,0.58,0.4732,0.5048,0.4732,0.5048,0.4732,0.5048
2112100,Timbiras - MA,21,1.5,0.4161,0.466,0.4658,0.8255,0.0107,True,False,0.0,26485,0.62,0.4161,0.466,0.4161,0.466,0.4161,0.466
2112209,Timon - MA,21,1.5,0.4443,0.4769,0.4562,0.8215,0.0105,True,False,0.0,173625,0.5,0.4443,0.4769,0.4443,0.4769,0.4443,0.4769
2112233,Trizidela do Vale - MA,21,1.5,0.3828,0.4221,0.4027,0.7187,0.0103,True,False,0.0,22468,0.46,0.3828,0.4221,0.3828,0.4221,0.3828,0.4221
2112274,Tufilândia - MA,21,1.5,0.3733,0.418,0.4147,0.7433,0.0122,True,False,0.0,5506,0.48,0.3733,0.418,0.3733,0.418,0.3733,0.418
2112308,Tuntum - MA,21,1.5,0.4368,0.4775,0.47,0.7674,0.0112,True,False,0.0,36120,0.57,0.4543,0.4938,0.4368,0.4775,0.4307,0.4719
2112407,Turiaçu - MA,21,1.5,0.4459,0.4942,0.4743,0.8679,0.0051,True,False,0.0,37336,0.59,0.4459,0.4942,0.4459,0.4942,0.4459,0.4942
2112456,Turilândia - MA,21,1.5,0.3897,0.4462,0.4316,0.7686,0.0024,True,False,0.0,31444,0.52,0.3897,0.4462,0.3897,0.4462,0.3897,0.4462
2112506,Tutóia - MA,21,1.5,0.4782,0.5213,0.5133,0.9283,0.0043,True,False,0.0,53164,0.56,0.4782,0.5213,0.4782,0.5213,0.4782,0.5213
2112605,Urbano Santos - MA,21,1.5,0.4756,0.5215,0.5152,0.8924,0.0061,True,False,0.0,32805,0.6,0.4756,0.5215,0.4756,0.5215,0.4756,0.5215
2112704,Vargem Grande - MA,21,1.5,0.5166,0.5579,0.5446,0.9838,0.0084,True,False,0.0,43262,0.59,0.5284,0.5687,0.5166,0.5579,0.5126,0.5542
2112803,Viana - MA,21,1.5,0.457,0.4936,0.4748,0.8299,0.0102,True,False,0.0,51293,0.57,0.457,0.4936,0.457,0.4936,0.457,0.4936
2112852,Vila Nova dos Martírios - MA,21,1.5,0.4207,0.4582,0.4629,0.7957,0.0025,True,True,0.0,10363,0.45,0.4207,0.4582,0.4207,0.4582,0.4207,0.4582
2112902,Vitória do Mearim - MA,21,1.5,0.4598,0.4963,0.5215,0.8045,0.0053,True,True,0.0,30779,0.56,0.4598,0.4963,0.4598,0.4963,0.4598,0.4963
2113009,Vitorino Freire - MA,21,1.5,0.387,0.4286,0.4111,0.7448,0.014,True,False,0.0,30823,0.57,0.387,0.4286,0.387,0.4286,0.387,0.4286
2114007,Zé Doca - MA,21,1.5,0.4382,0.4752,0.461,0.8301,0.0078,True,False,0.0,40636,0.52,0.4382,0.4752,0.4382,0.4752,0.4382,0.4752
2200053,Acauã - PI,22,1.5,0.3874,0.4365,0.4341,0.7948,0.0242,True,False,0.0,6418,0.5,0.3874,0.4365,0.3874,0.4365,0.3874,0.4365
2200103,Agricolândia - PI,22,1.5,0.4242,0.4621,0.4593,0.817,0.0099,True,False,0.0,4936,0.49,0.4242,0.4621,0.4242,0.4621,0.4242,0.4621
2200202,Água Branca - PI,22,1.5,0.4111,0.4486,0.4438,0.807,0.0143,True,False,0.0,17564,0.49,0.4111,0.4486,0.4111,0.4486,0.4111,0.4486
2200251,Alagoinha do Piauí - PI,22,1.5,0.4295,0.4748,0.4666,0.8495,0.0199,True,False,0.0,6818,0.51,0.4295,0.4748,0.4295,0.4748,0.4295,0.4748
2200277,Alegrete do Piauí - PI,22,1.5,0.4773,0.5174,0.5212,0.9396,0.0092,True,True,0.0,4634,0.5,0.4773,0.5174,0.4773,0.5174,0.4773,0.5174
2200301,Alto Longá - PI,22,1.5,0.3984,0.4389,0.4294,0.7767,0.0181,True,False,0.0,13475,0.58,0.3984,0.4389,0.3984,0.4389,0.3984,0.4389
2200400,Altos - PI,22,1.5,0.4341,0.4689,0.4603,0.8082,0.0096,True,False,0.0,46559,0.55,0.4341,0.4689,0.4341,0.4689,0.4341,0.4689
2200459,Alvorada do Gurguéia - PI,22,1.5,0.4177,0.4626,0.4541,0.8351,0.021,True,False,0.0,5322,0.6,0.4177,0.4626,0.4177,0.4626,0.4177,0.4626
2200509,Amarante - PI,22,1.5,0.4549,0.4917,0.4792,0.8866,0.0094,True,False,0.0,17127,0.53,0.4549,0.4917,0.4549,0.4917,0.4549,0.4917
2200608,Angical do Piauí - PI,22,1.5,0.3695,0.4117,0.3918,0.7167,0.0144,True,False,0.0,6800,0.6,0.3695,0.4117,0.3695,0.4117,0.3695,0.4117
2200707,Anísio de Abreu - PI,22,1.5,0.4656,0.5021,0.4975,0.9228,0.0091,True,False,0.0,9391,0.52,0.4656,0.5021,0.4656,0.5021,0.4656,0.5021
2200806,Antônio Almeida - PI,22,1.5,0.3868,0.4282,0.4076,0.7346,0.0213,True,False,0.0,3151,0.51,0.3868,0.4282,0.3868,0.4282,0.3868,0.4282
2200905,Aroazes - PI,22,1.5,0.3666,0.4105,0.4053,0.7479,0.021,True,False,0.0,5369,0.52,0.3666,0.4105,0.3666,0.4105,0.3666,0.4105
2200954,Aroeiras do Itaim - PI,22,1.5,0.2908,0.3456,0.342,0.5901,0.0312,True,False,0.0,2690,0.48,0.2908,0.3456,0.2908,0.3456,0.2908,0.3456
2201002,Arraial - PI,22,1.5,0.4176,0.461,0.4633,0.8448,0.0284,True,True,0.0,4520,0.55,0.4176,0.461,0.4176,0.461,0.4176,0.461
2201051,Assunção do Piauí - PI,22,1.5,0.4279,0.4861,0.4896,0.8829,0.0206,True,True,0.0,7452,0.57,0.4279,0.4861,0.4279,0.4861,0.4279,0.4861
2201101,Avelino Lopes - PI,22,1.5,0.4626,0.5036,0.5007,0.885,0.0145,True,False,0.0,10858,0.56,0.4626,0.5036,0.4626,0.5036,0.4626,0.5036
2201150,Baixa Grande do Ribeiro - PI,22,1.5,0.4595,0.494,0.4953,0.8549,0.0126,True,True,0.0,13235,0.56,0.4595,0.494,0.4595,0.494,0.4595,0.494
2201176,Barra D'Alcântara - PI,22,1.5,0.4001,0.4461,0.4452,0.8299,0.0269,True,False,0.0,3996,0.51,0.4001,0.4461,0.4001,0.4461,0.4001,0.4461
2201200,Barras - PI,22,1.5,0.447,0.4856,0.4767,0.8606,0.0175,True,False,0.0,47882,0.51,0.447,0.4856,0.447,0.4856,0.447,0.4856
2201309,Barreiras do Piauí - PI,22,1.5,0.449,0.4897,0.469,0.8277,0.0102,True,False,0.0,3264,0.53,0.449,0.4897,0.449,0.4897,0.449,0.4897
2201408,Barro Duro - PI,22,1.5,0.3904,0.4324,0.4283,0.7678,0.0183,True,False,0.0,6618,0.51,0.3904,0.4324,0.3904,0.4324,0.3904,0.4324
2201507,Batalha - PI,22,1.5,0.3994,0.4432,0.4362,0.7908,0.0156,True,False,0.0,26247,0.54,0.3994,0.4432,0.3994,0.4432,0.3994,0.4432
2201556,Bela Vista do Piauí - PI,22,1.5,0.4978,0.5384,0.4843,0.9026,0.0151,True,False,0.0,4092,0.59,0.4978,0.5384,0.4978,0.5384,0.4978,0.5384
2201572,Belém do Piauí - PI,22,1.5,0.4232,0.4618,0.4263,0.7956,0.014,True,False,0.0,3415,0.53,0.4232,0.4618,0.4232,0.4618,0.4232,0.4618
2201606,Beneditinos - PI,22,1.5,0.4015,0.4459,0.4532,0.8134,0.0241,True,True,0.0,9930,0.55,0.4015,0.4459,0.4015,0.4459,0.4015,0.4459
2201705,Bertolínia - PI,22,1.5,0.4143,0.4509,0.4051,0.7462,0.0147,True,False,0.0,5535,0.53,0.4376,0.4727,0.4143,0.4509,0.4061,0.4432
2201739,Betânia do Piauí - PI,22,1.5,0.4135,0.4626,0.4588,0.8446,0.0155,True,False,0.0,6216,0.54,0.4135,0.4626,0.4135,0.4626,0.4135,0.4626
2201770,Boa Hora - PI,22,1.5,0.4302,0.4767,0.4675,0.8492,0.0233,True,False,0.0,6862,0.51,0.4302,0.4767,0.4302,0.4767,0.4302,0.4767
2201804,Bocaina - PI,22,1.5,0.4695,0.5036,0.4896,0.8617,0.015,True,False,0.0,4079,0.58,0.4695,0.5036,0.4695,0.5036,0.4695,0.5036
2201903,Bom Jesus - PI,22,1.5,0.4948,0.5226,0.4691,0.8563,0.014,True,False,0.0,28736,0.62,0.5189,0.5454,0.4948,0.5226,0.4862,0.5145
2201919,Bom Princípio do Piauí - PI,22,1.5,0.4405,0.4901,0.4744,0.8185,0.0085,True,False,0.0,5633,0.57,0.4405,0.4901,0.4405,0.4901,0.4405,0.4901
2201929,Bonfim do Piauí - PI,22,1.5,0.4261,0.4704,0.4696,0.8527,0.0201,True,False,0.0,5914,0.45,0.4261,0.4704,0.4261,0.4704,0.4261,0.4704
2201945,Boqueirão do Piauí - PI,22,1.5,0.4062,0.4478,0.4411,0.7972,0.0106,True,False,0.0,6546,0.5,0.4062,0.4478,0.4062,0.4478,0.4062,0.4478
2201960,Brasileira - PI,22,1.5,0.401,0.4411,0.4222,0.7578,0.0151,True,False,0.0,8437,0.48,0.401,0.4411,0.401,0.4411,0.401,0.4411
2201988,Brejo do Piauí - PI,22,1.5,0.3492,0.3966,0.3958,0.7063,0.0255,True,False,0.0,3881,0.52,0.3492,0.3966,0.3492,0.3966,0.3492,0.3966
2202000,Buriti dos Lopes - PI,22,1.5,0.4162,0.4561,0.4455,0.7816,0.0063,True,False,0.0,19653,0.54,0.4162,0.4561,0.4162,0.4561,0.4162,0.4561
2202026,Buriti dos Montes - PI,22,1.5,0.3951,0.4369,0.4439,0.7868,0.0135,True,True,0.0,7432,0.57,0.3951,0.4369,0.3951,0.4369,0.3951,0.4369
2202059,Cabeceiras do Piauí - PI,22,1.5,0.3914,0.4374,0.4382,0.7671,0.0197,True,True,0.0,10213,0.53,0.3914,0.4374,0.3914,0.4374,0.3914,0.4374
2202075,Cajazeiras do Piauí - PI,22,1.5,0.403,0.4483,0.4323,0.7787,0.01,True,False,0.0,3106,0.49,0.403,0.4483,0.403,0.4483,0.403,0.4483
2202083,Cajueiro da Praia - PI,22,1.5,0.4818,0.5156,0.4506,0.7862,0.0107,True,False,0.0,7943,0.63,0.525,0.5559,0.4818,0.5156,0.4657,0.5004
2202091,Caldeirão Grande do Piauí - PI,22,1.5,0.4524,0.4904,0.4499,0.813,0.0088,True,False,0.0,5503,0.53,0.4818,0.5178,0.4524,0.4904,0.4418,0.4805
2202109,Campinas do Piauí - PI,22,1.5,0.4064,0.4488,0.4557,0.8114,0.0186,True,True,0.0,4935,0.55,0.4064,0.4488,0.4064,0.4488,0.4064,0.4488
2202117,Campo Alegre do Fidalgo - PI,22,1.5,0.4175,0.4629,0.4621,0.8428,0.0216,True,False,0.0,4607,0.65,0.4175,0.4629,0.4175,0.4629,0.4175,0.4629
2202133,Campo Grande do Piauí - PI,22,1.5,0.404,0.445,0.441,0.799,0.0065,True,False,0.0,6015,0.48,0.404,0.445,0.404,0.445,0.404,0.445
2202174,Campo Largo do Piauí - PI,22,1.5,0.3975,0.4499,0.4351,0.8002,0.0093,True,False,0.0,7420,0.54,0.3975,0.4499,0.3975,0.4499,0.3975,0.4499
2202208,Campo Maior - PI,22,1.5,0.4513,0.4826,0.4518,0.8227,0.0107,True,False,0.0,45613,0.53,0.4658,0.4962,0.4513,0.4826,0.4464,0.4779
2202251,Canavieira - PI,22,1.5,0.3702,0.4114,0.4035,0.7118,0.0042,True,False,0.0,3415,0.51,0.3702,0.4114,0.3702,0.4114,0.3702,0.4114
2202307,Canto do Buriti - PI,22,1.5,0.4727,0.5062,0.4726,0.8473,0.0164,True,False,0.0,19365,0.52,0.4938,0.5261,0.4727,0.5062,0.4652,0.4992
2202406,Capitão de Campos - PI,22,1.5,0.3797,0.4254,0.4327,0.765,0.0232,True,True,0.0,11091,0.51,0.3797,0.4254,0.3797,0.4254,0.3797,0.4254
2202455,Capitão Gervásio Oliveira - PI,22,1.5,0.3789,0.4239,0.4189,0.7652,0.0266,True,False,0.0,3966,0.56,0.3789,0.4239,0.3789,0.4239,0.3789,0.4239
2202505,Caracol - PI,22,1.5,0.4853,0.528,0.4981,0.9221,0.0126,True,False,0.0,10304,0.62,0.5078,0.5487,0.4853,0.528,0.4773,0.5207
2202539,Caraúbas do Piauí - PI,22,1.5,0.404,0.4551,0.4425,0.809,0.0116,True,False,0.0,5629,0.58,0.404,0.4551,0.404,0.4551,0.404,0.4551
2202554,Caridade do Piauí - PI,22,1.5,0.3582,0.4038,0.4005,0.7127,0.0194,True,False,0.0,5022,0.53,0.3582,0.4038,0.3582,0.4038,0.3582,0.4038
2202604,Castelo do Piauí - PI,22,1.5,0.4427,0.4819,0.4727,0.86,0.0098,True,False,0.0,19279,0.48,0.4518,0.4904,0.4427,0.4819,0.4396,0.4791
2202653,Caxingó - PI,22,1.5,0.3853,0.4336,0.4202,0.7579,0.0069,True,False,0.0,5483,0.52,0.3853,0.4336,0.3853,0.4336,0.3853,0.4336
2202703,Cocal - PI,22,1.5,0.4823,0.5289,0.5252,0.9541,0.012,True,False,0.0,28214,0.56,0.4823,0.5289,0.4823,0.5289,0.4823,0.5289
2202711,Cocal de Telha - PI,22,1.5,0.3768,0.418,0.4131,0.7293,0.0092,True,False,0.0,4903,0.51,0.3768,0.418,0.3768,0.418,0.3768,0.418
2202729,Cocal dos Alves - PI,22,1.5,0.4368,0.4853,0.4773,0.8671,0.0077,True,False,0.0,6383,0.59,0.4368,0.4853,0.4368,0.4853,0.4368,0.4853
2202737,Coivaras - PI,22,1.5,0.3673,0.4144,0.4116,0.7367,0.0267,True,False,0.0,4099,0.48,0.3673,0.4144,0.3673,0.4144,0.3673,0.4144
2202752,Colônia do Gurguéia - PI,22,1.5,0.4134,0.4506,0.4376,0.8131,0.0166,True,False,0.0,6140,0.49,0.4134,0.4506,0.4134,0.4506,0.4134,0.4506
2202778,Colônia do Piauí - PI,22,1.5,0.342,0.3879,0.3813,0.6946,0.0162,True,False,0.0,6992,0.51,0.342,0.3879,0.342,0.3879,0.342,0.3879
2202802,Conceição do Canindé - PI,22,1.5,0.4297,0.4695,0.4433,0.8047,0.0176,True,False,0.0,4932,0.53,0.4297,0.4695,0.4297,0.4695,0.4297,0.4695
2202851,Coronel José Dias - PI,22,1.5,0.4637,0.5055,0.4752,0.8432,0.0215,True,False,0.0,4237,0.57,0.4637,0.5055,0.4637,0.5055,0.4637,0.5055
2202901,Corrente - PI,22,1.5,0.5032,0.533,0.4759,0.8684,0.0104,True,False,0.0,27244,0.6,0.5463,0.5736,0.5032,0.533,0.4869,0.5177
2203008,Cristalândia do Piauí - PI,22,1.5,0.4978,0.5346,0.5326,0.9516,0.0048,True,False,0.0,7332,0.61,0.4978,0.5346,0.4978,0.5346,0.4978,0.5346
2203107,Cristino Castro - PI,22,1.5,0.5134,0.5437,0.4855,0.8812,0.0078,True,False,0.0,10469,0.59,0.558,0.5856,0.5134,0.5437,0.4965,0.5278
2203206,Curimatá - PI,22,1.5,0.4597,0.4979,0.501,0.886,0.0076,True,True,0.0,11228,0.55,0.4597,0.4979,0.4597,0.4979,0.4597,0.4979
2203230,Currais - PI,22,1.5,0.3496,0.3956,0.3867,0.7029,0.0168,True,False,0.0,4843,0.51,0.3496,0.3956,0.3496,0.3956,0.3496,0.3956
2203255,Curralinhos - PI,22,1.5,0.4311,0.4695,0.4462,0.81,0.0112,True,False,0.0,4403,0.53,0.4311,0.4695,0.4311,0.4695,0.4311,0.4695
2203271,Curral Novo do Piauí - PI,22,1.5,0.3787,0.4279,0.4269,0.757,0.0122,True,False,0.0,5051,0.58,0.3787,0.4279,0.3787,0.4279,0.3787,0.4279
2203305,Demerval Lobão - PI,22,1.5,0.3816,0.4219,0.4031,0.7174,0.0086,True,False,0.0,16342,0.48,0.3816,0.4219,0.3816,0.4219,0.3816,0.4219
2203354,Dirceu Arcoverde - PI,22,1.5,0.4127,0.4507,0.4453,0.8211,0.0118,True,False,0.0,7055,0.52,0.4127,0.4507,0.4127,0.4507,0.4127,0.4507
2203404,Dom Expedito Lopes - PI,22,1.5,0.4092,0.4471,0.4396,0.7839,0.0139,True,False,0.0,6315,0.52,0.4092,0.4471,0.4092,0.4471,0.4092,0.4471
2203420,Domingos Mourão - PI,22,1.5,0.4298,0.4759,0.4664,0.8338,0.0145,True,False,0.0,4072,0.56,0.4298,0.4759,0.4298,0.4759,0.4298,0.4759
2203453,Dom Inocêncio - PI,22,1.5,0.3669,0.4113,0.4189,0.7176,0.0291,True,True,0.0,9155,0.54,0.3669,0.4113,0.3669,0.4113,0.3669,0.4113
2203503,Elesbão Veloso - PI,22,1.5,0.3864,0.4284,0.4277,0.7535,0.0212,True,False,0.0,13597,0.48,0.3864,0.4284,0.3864,0.4284,0.3864,0.4284
2203602,Eliseu Martins - PI,22,1.5,0.443,0.4767,0.463,0.8603,0.002,True,False,0.0,4377,0.57,0.443,0.4767,0.443,0.4767,0.443,0.4767
2203701,Esperantina - PI,22,1.5,0.4441,0.4796,0.467,0.863,0.0119,True,False,0.0,40758,0.51,0.4441,0.4796,0.4441,0.4796,0.4441,0.4796
2203750,Fartura do Piauí - PI,22,1.5,0.4549,0.5076,0.5037,0.9426,0.0182,True,False,0.0,5280,0.52,0.4549,0.5076,0.4549,0.5076,0.4549,0.5076
2203800,Flores do Piauí - PI,22,1.5,0.394,0.4383,0.4367,0.7782,0.0108,True,False,0.0,4414,0.57,0.394,0.4383,0.394,0.4383,0.394,0.4383
2203859,Floresta do Piauí - PI,22,1.5,0.3974,0.4382,0.4267,0.756,0.0058,True,False,0.0,2330,0.51,0.3974,0.4382,0.3974,0.4382,0.3974,0.4382
2203909,Floriano - PI,22,1.5,0.482,0.5105,0.4772,0.8531,0.0112,True,False,0.0,61703,0.55,0.4976,0.5252,0.482,0.5105,0.4766,0.5054
2204006,Francinópolis - PI,22,1.5,0.4405,0.4826,0.4643,0.8516,0.0103,True,False,0.0,4505,0.56,0.4405,0.4826,0.4405,0.4826,0.4405,0.4826
2204105,Francisco Ayres - PI,22,1.5,0.4302,0.4744,0.4756,0.8695,0.0284,True,True,0.0,4412,0.52,0.4302,0.4744,0.4302,0.4744,0.4302,0.4744
2204154,Francisco Macedo - PI,22,1.5,0.3494,0.3993,0.409,0.7324,0.0428,True,True,0.0,2929,0.5,0.3494,0.3993,0.3494,0.3993,0.3494,0.3993
2204204,Francisco Santos - PI,22,1.5,0.438,0.4736,0.4737,0.8635,0.0197,True,True,0.0,8231,0.51,0.438,0.4736,0.438,0.4736,0.438,0.4736
2204303,Fronteiras - PI,22,1.5,0.4765,0.5105,0.5013,0.9045,0.0124,True,False,0.0,10259,0.56,0.4765,0.5105,0.4765,0.5105,0.4765,0.5105
2204352,Geminiano - PI,22,1.5,0.3237,0.3724,0.3618,0.6515,0.0193,True,False,0.0,5424,0.46,0.3237,0.3724,0.3237,0.3724,0.3237,0.3724
2204402,Gilbués - PI,22,1.5,0.4187,0.4578,0.4429,0.7957,0.0132,True,False,0.0,10858,0.68,0.4187,0.4578,0.4187,0.4578,0.4187,0.4578
2204501,Guadalupe - PI,22,1.5,0.4149,0.4512,0.4373,0.7759,0.0216,True,False,0.0,10221,0.5,0.4149,0.4512,0.4149,0.4512,0.4149,0.4512
2204550,Guaribas - PI,22,1.5,0.4395,0.4901,0.4982,0.8653,0.0091,True,True,0.0,4268,0.57,0.4395,0.4901,0.4395,0.4901,0.4395,0.4901
2204600,Hugo Napoleão - PI,22,1.5,0.4406,0.4782,0.443,0.8104,0.0123,True,False,0.0,3508,0.52,0.4406,0.4782,0.4406,0.4782,0.4406,0.4782
2204659,Ilha Grande - PI,22,1.5,0.4024,0.4428,0.4353,0.7652,0.0028,True,False,0.0,9265,0.51,0.4024,0.4428,0.4024,0.4428,0.4024,0.4428
2204709,Inhuma - PI,22,1.5,0.4259,0.4621,0.4516,0.8215,0.0075,True,False,0.0,14959,0.52,0.4259,0.4621,0.4259,0.4621,0.4259,0.4621
2204808,Ipiranga do Piauí - PI,22,1.5,0.416,0.4541,0.4607,0.7734,0.0054,True,True,0.0,9421,0.47,0.416,0.4541,0.416,0.4541,0.416,0.4541
2204907,Isaías Coelho - PI,22,1.5,0.4278,0.4737,0.4682,0.8567,0.0123,True,False,0.0,7775,0.79,0.4278,0.4737,0.4278,0.4737,0.4278,0.4737
2205003,Itainópolis - PI,22,1.5,0.4087,0.4491,0.4441,0.8037,0.0172,True,False,0.0,10738,0.5,0.4087,0.4491,0.4087,0.4491,0.4087,0.4491
2205102,Itaueira - PI,22,1.5,0.501,0.5356,0.4664,0.8195,0.0186,True,False,0.0,10289,0.55,0.5628,0.5933,0.501,0.5356,0.4763,0.5126
2205151,Jacobina do Piauí - PI,22,1.5,0.3826,0.4242,0.424,0.7772,0.0215,True,False,0.0,5605,0.52,0.3826,0.4242,0.3826,0.4242,0.3826,0.4242
2205201,Jaicós - PI,22,1.5,0.4841,0.5195,0.4959,0.8973,0.0059,True,False,0.0,17501,0.52,0.5097,0.5433,0.4841,0.5195,0.475,0.511
2205250,Jardim do Mulato - PI,22,1.5,0.4531,0.4928,0.4932,0.8895,0.0146,True,True,0.0,4179,0.51,0.4531,0.4928,0.4531,0.4928,0.4531,0.4928
2205276,Jatobá do Piauí - PI,22,1.5,0.34,0.3882,0.3867,0.702,0.0331,True,False,0.0,4494,0.46,0.34,0.3882,0.34,0.3882,0.34,0.3882
2205300,Jerumenha - PI,22,1.5,0.3732,0.414,0.3836,0.6984,0.0107,True,False,0.0,4493,0.49,0.3732,0.414,0.3732,0.414,0.3732,0.414
2205359,João Costa - PI,22,1.5,0.3837,0.4312,0.427,0.7686,0.0215,True,False,0.0,2970,0.49,0.3837,0.4312,0.3837,0.4312,0.3837,0.4312
2205409,Joaquim Pires - PI,22,1.5,0.429,0.4719,0.458,0.8255,0.0071,True,False,0.0,13885,0.6,0.429,0.4719,0.429,0.4719,0.429,0.4719
2205458,Joca Marques - PI,22,1.5,0.4355,0.4892,0.4651,0.8565,0.021,True,False,0.0,5394,0.57,0.4355,0.4892,0.4355,0.4892,0.4355,0.4892
2205508,José de Freitas - PI,22,1.5,0.3791,0.4206,0.4136,0.7328,0.0121,True,False,0.0,42560,0.57,0.3791,0.4206,0.3791,0.4206,0.3791,0.4206
2205516,Juazeiro do Piauí - PI,22,1.5,0.3809,0.4249,0.4159,0.7634,0.0312,True,False,0.0,5190,0.51,0.3809,0.4249,0.3809,0.4249,0.3809,0.4249
2205524,Júlio Borges - PI,22,1.5,0.4265,0.4716,0.4721,0.851,0.014,True,True,0.0,5370,0.53,0.4265,0.4716,0.4265,0.4716,0.4265,0.4716
2205532,Jurema - PI,22,1.5,0.4327,0.4873,0.4802,0.8718,0.017,True,False,0.0,4423,0.54,0.4327,0.4873,0.4327,0.4873,0.4327,0.4873
2205540,Lagoinha do Piauí - PI,22,1.5,0.4237,0.4633,0.474,0.7914,0.0064,True,True,0.0,2940,0.53,0.4237,0.4633,0.4237,0.4633,0.4237,0.4633
2205557,Lagoa Alegre - PI,22,1.5,0.4113,0.4505,0.4526,0.8195,0.0143,True,True,0.0,8252,0.53,0.4113,0.4505,0.4113,0.4505,0.4113,0.4505
2205565,Lagoa do Barro do Piauí - PI,22,1.5,0.4443,0.483,0.4532,0.8363,0.0153,True,False,0.0,4996,0.59,0.4443,0.483,0.4443,0.483,0.4443,0.483
2205573,Lagoa de São Francisco - PI,22,1.5,0.424,0.472,0.4668,0.8706,0.0203,True,False,0.0,6295,0.53,0.424,0.472,0.424,0.472,0.424,0.472
2205581,Lagoa do Piauí - PI,22,1.5,0.4077,0.448,0.4106,0.7307,0.0145,True,False,0.0,4810,0.47,0.4301,0.4689,0.4077,0.448,0.3998,0.4406
2205599,Lagoa do Sítio - PI,22,1.5,0.4421,0.4831,0.468,0.8607,0.0162,True,False,0.0,4520,0.55,0.4421,0.4831,0.4421,0.4831,0.4421,0.4831
2205607,Landri Sales - PI,22,1.5,0.4564,0.4929,0.4874,0.92,0.0135,True,False,0.0,5213,0.54,0.4564,0.4929,0.4564,0.4929,0.4564,0.4929
2205706,Luís Correia - PI,22,1.5,0.4238,0.4639,0.4537,0.7877,0.0115,True,False,0.0,30613,0.59,0.4238,0.4639,0.4238,0.4639,0.4238,0.4639
2205805,Luzilândia - PI,22,1.5,0.4048,0.4474,0.4413,0.789,0.015,True,False,0.0,25361,0.51,0.4048,0.4474,0.4048,0.4474,0.4048,0.4474
2205854,Madeiro - PI,22,1.5,0.4017,0.4448,0.4404,0.7839,0.0147,True,False,0.0,8026,0.53,0.4017,0.4448,0.4017,0.4448,0.4017,0.4448
2205904,Manoel Emídio - PI,22,1.5,0.4079,0.4468,0.4386,0.7812,0.01,True,False,0.0,5209,0.55,0.4079,0.4468,0.4079,0.4468,0.4079,0.4468
2205953,Marcolândia - PI,22,1.5,0.4123,0.4505,0.4396,0.8096,0.0013,True,False,0.0,8532,0.49,0.4123,0.4505,0.4123,0.4505,0.4123,0.4505
2206001,Marcos Parente - PI,22,1.5,0.3719,0.4125,0.418,0.7386,0.0127,True,True,0.0,4719,0.48,0.3719,0.4125,0.3719,0.4125,0.3719,0.4125
2206050,Massapê do Piauí - PI,22,1.5,0.3892,0.4401,0.4406,0.782,0.0228,True,True,0.0,5218,0.51,0.3892,0.4401,0.3892,0.4401,0.3892,0.4401
2206100,Matias Olímpio - PI,22,1.5,0.4191,0.4623,0.4507,0.8229,0.0029,True,False,0.0,10641,0.52,0.4191,0.4623,0.4191,0.4623,0.4191,0.4623
2206209,Miguel Alves - PI,22,1.5,0.4384,0.4867,0.4723,0.8595,0.0061,True,False,0.0,32120,0.6,0.4384,0.4867,0.4384,0.4867,0.4384,0.4867
2206308,Miguel Leão - PI,22,1.5,0.372,0.4133,0.3961,0.7205,0.0108,True,False,0.0,1313,0.52,0.372,0.4133,0.372,0.4133,0.372,0.4133
2206357,Milton Brandão - PI,22,1.5,0.422,0.4725,0.4762,0.8688,0.0179,True,True,0.0,6543,0.55,0.422,0.4725,0.422,0.4725,0.422,0.4725
2206407,Monsenhor Gil - PI,22,1.5,0.4128,0.4506,0.4395,0.7992,0.0082,True,False,0.0,10256,0.5,0.4128,0.4506,0.4128,0.4506,0.4128,0.4506
2206506,Monsenhor Hipólito - PI,22,1.5,0.4394,0.4779,0.4701,0.8812,0.0113,True,False,0.0,7574,0.53,0.4394,0.4779,0.4394,0.4779,0.4394,0.4779
2206605,Monte Alegre do Piauí - PI,22,1.5,0.4458,0.4902,0.4717,0.8655,0.0048,True,False,0.0,10647,0.57,0.4458,0.4902,0.4458,0.4902,0.4458,0.4902
2206654,Morro Cabeça no Tempo - PI,22,1.5,0.4093,0.4588,0.4513,0.8374,0.0175,True,False,0.0,4360,0.58,0.4093,0.4588,0.4093,0.4588,0.4093,0.4588
2206670,Morro do Chapéu do Piauí - PI,22,1.5,0.4114,0.4572,0.4505,0.8256,0.0115,True,False,0.0,6421,0.53,0.4114,0.4572,0.4114,0.4572,0.4114,0.4572
2206696,Murici dos Portelas - PI,22,1.5,0.4212,0.4656,0.4731,0.834,0.0144,True,True,0.0,9780,0.6,0.4212,0.4656,0.4212,0.4656,0.4212,0.4656
2206704,Nazaré do Piauí - PI,22,1.5,0.4294,0.4695,0.4728,0.8528,0.0187,True,True,0.0,6664,0.56,0.4294,0.4695,0.4294,0.4695,0.4294,0.4695
2206720,Nazária - PI,22,1.5,0.3769,0.4218,0.4081,0.6988,0.0123,True,False,0.0,10262,,0.3769,0.4218,0.3769,0.4218,0.3769,0.4218
2206753,Nossa Senhora de Nazaré - PI,22,1.5,0.3877,0.4289,0.4295,0.7492,0.0174,True,True,0.0,5225,0.5,0.3877,0.4289,0.3877,0.4289,0.3877,0.4289
2206803,Nossa Senhora dos Remédios - PI,22,1.5,0.4356,0.4832,0.4816,0.8911,0.0216,True,False,0.0,8519,0.48,0.4356,0.4832,0.4356,0.4832,0.4356,0.4832
2206902,Novo Oriente do Piauí - PI,22,1.5,0.3914,0.4337,0.4341,0.7831,0.0176,True,True,0.0,6081,0.51,0.3914,0.4337,0.3914,0.4337,0.3914,0.4337
2206951,Novo Santo Antônio - PI,22,1.5,0.3843,0.4302,0.4218,0.7666,0.0223,True,False,0.0,2828,0.56,0.3843,0.4302,0.3843,0.4302,0.3843,0.4302
2207009,Oeiras - PI,22,1.5,0.4705,0.5025,0.4736,0.8674,0.0156,True,False,0.0,38062,0.58,0.4705,0.5025,0.4705,0.5025,0.4705,0.5025
2207108,Olho D'Água do Piauí - PI,22,1.5,0.4344,0.476,0.4667,0.8276,0.0236,True,False,0.0,2637,0.56,0.4344,0.476,0.4344,0.476,0.4344,0.476
2207207,Padre Marcos - PI,22,1.5,0.4168,0.4584,0.4558,0.8237,0.0176,True,False,0.0,6360,0.52,0.4168,0.4584,0.4168,0.4584,0.4168,0.4584
2207306,Paes Landim - PI,22,1.5,0.4169,0.4589,0.4539,0.8371,0.021,True,False,0.0,4088,0.49,0.4169,0.4589,0.4169,0.4589,0.4169,0.4589
2207355,Pajeú do Piauí - PI,22,1.5,0.4104,0.4482,0.4235,0.777,0.0156,True,False,0.0,3000,0.6,0.4417,0.4775,0.4104,0.4482,0.3992,0.4377
2207405,Palmeira do Piauí - PI,22,1.5,0.3986,0.4403,0.4238,0.7705,0.0185,True,False,0.0,4949,0.6,0.3986,0.4403,0.3986,0.4403,0.3986,0.4403
2207504,Palmeirais - PI,22,1.5,0.4886,0.5241,0.4837,0.8884,0.0083,True,False,0.0,13252,0.59,0.5106,0.5447,0.4886,0.5241,0.4808,0.5169
2207553,Paquetá - PI,22,1.5,0.3221,0.376,0.3832,0.6673,0.0426,True,True,0.0,3813,0.51,0.3221,0.376,0.3221,0.376,0.3221,0.376
2207603,Parnaguá - PI,22,1.5,0.4417,0.4852,0.4814,0.8684,0.0201,True,False,0.0,10093,0.56,0.4417,0.4852,0.4417,0.4852,0.4417,0.4852
2207702,Parnaíba - PI,22,1.5,0.4921,0.5195,0.4851,0.8891,0.0119,True,False,0.0,161582,0.57,0.5024,0.5292,0.4921,0.5195,0.4886,0.5162
2207751,Passagem Franca do Piauí - PI,22,1.5,0.3693,0.4137,0.4243,0.7724,0.0309,True,True,0.0,4135,0.54,0.3693,0.4137,0.3693,0.4137,0.3693,0.4137
2207777,Patos do Piauí - PI,22,1.5,0.4223,0.4673,0.4916,0.8215,0.023,True,True,0.0,5426,0.5,0.4223,0.4673,0.4223,0.4673,0.4223,0.4673
2207793,Pau D'Arco do Piauí - PI,22,1.5,0.4083,0.4649,0.4592,0.8318,0.0203,True,False,0.0,3877,0.6,0.4083,0.4649,0.4083,0.4649,0.4083,0.4649
2207801,Paulistana - PI,22,1.5,0.4832,0.5161,0.4896,0.9033,0.0095,True,False,0.0,21036,0.6,0.502,0.5336,0.4832,0.5161,0.4767,0.5099
2207850,Pavussu - PI,22,1.5,0.3975,0.4454,0.4422,0.8165,0.0181,True,False,0.0,3626,0.53,0.3975,0.4454,0.3975,0.4454,0.3975,0.4454
2207900,Pedro II - PI,22,1.5,0.4624,0.499,0.4836,0.8688,0.0072,True,False,0.0,37878,0.58,0.4624,0.499,0.4624,0.499,0.4624,0.499
2207934,Pedro Laurentino - PI,22,1.5,0.3669,0.4128,0.4079,0.7398,0.0124,True,False,0.0,2457,0.55,0.3669,0.4128,0.3669,0.4128,0.3669,0.4128
2207959,Nova Santa Rita - PI,22,1.5,0.4162,0.467,0.4764,0.856,0.0314,True,True,0.0,4076,0.62,0.4162,0.467,0.4162,0.467,0.4162,0.467
2208007,Picos - PI,22,1.5,0.4608,0.4916,0.4473,0.8226,0.0138,True,False,0.0,82530,0.56,0.4695,0.4998,0.4608,0.4916,0.4579,0.4889
2208106,Pimenteiras - PI,22,1.5,0.4427,0.4833,0.4685,0.8626,0.0136,True,False,0.0,11318,0.57,0.4427,0.4833,0.4427,0.4833,0.4427,0.4833
2208205,Pio IX - PI,22,1.5,0.4318,0.4711,0.4614,0.8391,0.0079,True,False,0.0,17586,0.56,0.4318,0.4711,0.4318,0.4711,0.4318,0.4711
2208304,Piracuruca - PI,22,1.5,0.4926,0.5265,0.5035,0.9347,0.0142,True,False,0.0,28845,0.54,0.4926,0.5265,0.4926,0.5265,0.4926,0.5265
2208403,Piripiri - PI,22,1.5,0.4727,0.5046,0.4815,0.861,0.0096,True,False,0.0,65510,0.55,0.4784,0.51,0.4727,0.5046,0.4707,0.5027
2208502,Porto - PI,22,1.5,0.4196,0.4673,0.4567,0.8271,0.0114,True,False,0.0,12047,0.57,0.4196,0.4673,0.4196,0.4673,0.4196,0.4673
2208551,Porto Alegre do Piauí - PI,22,1.5,0.423,0.4607,0.4133,0.7564,0.0134,True,False,0.0,2363,0.49,0.423,0.4607,0.423,0.4607,0.423,0.4607
2208601,Prata do Piauí - PI,22,1.5,0.3971,0.4404,0.4361,0.7997,0.0364,True,False,0.0,3041,0.54,0.3971,0.4404,0.3971,0.4404,0.3971,0.4404
2208650,Queimada Nova - PI,22,1.5,0.3747,0.4215,0.4252,0.763,0.0332,True,True,0.0,8738,0.53,0.3747,0.4215,0.3747,0.4215,0.3747,0.4215
2208700,Redenção do Gurguéia - PI,22,1.5,0.4221,0.4645,0.4565,0.8396,0.0213,True,False,0.0,8376,0.57,0.4221,0.4645,0.4221,0.4645,0.4221,0.4645
2208809,Regeneração - PI,22,1.5,0.4147,0.4576,0.445,0.8272,0.0196,True,False,0.0,17109,0.57,0.4147,0.4576,0.4147,0.4576,0.4147,0.4576
2208858,Riacho Frio - PI,22,1.5,0.4059,0.4513,0.4426,0.8041,0.0065,True,False,0.0,4166,0.6,0.4059,0.4513,0.4059,0.4513,0.4059,0.4513
2208874,Ribeira do Piauí - PI,22,1.5,0.3534,0.4002,0.4062,0.7336,0.0316,True,True,0.0,4052,0.58,0.3534,0.4002,0.3534,0.4002,0.3534,0.4002
2208908,Ribeiro Gonçalves - PI,22,1.5,0.4399,0.4758,0.4791,0.8281,0.0172,True,True,0.0,6155,0.57,0.4399,0.4758,0.4399,0.4758,0.4399,0.4758
2209005,Rio Grande do Piauí - PI,22,1.5,0.4013,0.4418,0.4267,0.7783,0.0147,True,False,0.0,5789,0.54,0.4013,0.4418,0.4013,0.4418,0.4013,0.4418
2209104,Santa Cruz do Piauí - PI,22,1.5,0.4002,0.4394,0.4344,0.7979,0.0132,True,False,0.0,5827,0.49,0.4002,0.4394,0.4002,0.4394,0.4002,0.4394
2209153,Santa Cruz dos Milagres - PI,22,1.5,0.3643,0.4102,0.4185,0.7157,0.0195,True,True,0.0,3436,0.44,0.3643,0.4102,0.3643,0.4102,0.3643,0.4102
2209203,Santa Filomena - PI,22,1.5,0.4316,0.4677,0.4637,0.8218,0.0108,True,False,0.0,6055,0.59,0.4316,0.4677,0.4316,0.4677,0.4316,0.4677
2209302,Santa Luz - PI,22,1.5,0.3511,0.3987,0.3835,0.6866,0.0218,True,False,0.0,5324,0.51,0.3511,0.3987,0.3511,0.3987,0.3511,0.3987
2209351,Santana do Piauí - PI,22,1.5,0.3234,0.3714,0.3668,0.6632,0.021,True,False,0.0,4125,0.47,0.3234,0.3714,0.3234,0.3714,0.3234,0.3714
2209377,Santa Rosa do Piauí - PI,22,1.5,0.3956,0.4372,0.4365,0.7881,0.0189,True,False,0.0,4650,0.52,0.3956,0.4372,0.3956,0.4372,0.3956,0.4372
2209401,Santo Antônio de Lisboa - PI,22,1.5,0.3769,0.4176,0.4106,0.7541,0.0067,True,False,0.0,5835,0.47,0.3769,0.4176,0.3769,0.4176,0.3769,0.4176
2209450,Santo Antônio dos Milagres - PI,22,1.5,0.4788,0.5226,0.519,0.9325,0.0035,True,False,0.0,2138,0.49,0.4788,0.5226,0.4788,0.5226,0.4788,0.5226
2209500,Santo Inácio do Piauí - PI,22,1.5,0.3438,0.3913,0.3882,0.7178,0.0301,True,False,0.0,3645,0.52,0.3438,0.3913,0.3438,0.3913,0.3438,0.3913
2209559,São Braz do Piauí - PI,22,1.5,0.3617,0.4074,0.4069,0.7224,0.0315,True,False,0.0,4358,0.53,0.3617,0.4074,0.3617,0.4074,0.3617,0.4074
2209609,São Félix do Piauí - PI,22,1.5,0.3716,0.4133,0.3957,0.7215,0.0305,True,False,0.0,2839,0.52,0.3716,0.4133,0.3716,0.4133,0.3716,0.4133
2209658,São Francisco de Assis do Piauí - PI,22,1.5,0.449,0.4999,0.4922,0.8927,0.015,True,False,0.0,5572,0.6,0.449,0.4999,0.449,0.4999,0.449,0.4999
2209708,São Francisco do Piauí - PI,22,1.5,0.4341,0.4772,0.4823,0.8919,0.0185,True,True,0.0,5391,0.54,0.4341,0.4772,0.4341,0.4772,0.4341,0.4772
2209757,São Gonçalo do Gurguéia - PI,22,1.5,0.4092,0.4511,0.4324,0.806,0.0065,True,False,0.0,2948,0.67,0.4092,0.4511,0.4092,0.4511,0.4092,0.4511
2209807,São Gonçalo do Piauí - PI,22,1.5,0.4584,0.4946,0.4885,0.8943,0.0093,True,False,0.0,4833,0.55,0.4584,0.4946,0.4584,0.4946,0.4584,0.4946
2209856,São João da Canabrava - PI,22,1.5,0.3838,0.4281,0.4368,0.8023,0.0397,True,True,0.0,4237,0.52,0.3838,0.4281,0.3838,0.4281,0.3838,0.4281
2209872,São João da Fronteira - PI,22,1.5,0.4766,0.5254,0.5046,0.9485,0.0086,True,False,0.0,5444,0.54,0.4766,0.5254,0.4766,0.5254,0.4766,0.5254
2209906,São João da Serra - PI,22,1.5,0.4119,0.4523,0.4423,0.8086,0.0092,True,False,0.0,6105,0.57,0.4119,0.4523,0.4119,0.4523,0.4119,0.4523
2209955,São João da Varjota - PI,22,1.5,0.3771,0.423,0.4136,0.7516,0.0096,True,False,0.0,4379,0.57,0.3771,0.423,0.3771,0.423,0.3771,0.423
2209971,São João do Arraial - PI,22,1.5,0.3923,0.4415,0.4266,0.7783,0.0105,True,False,0.0,8175,0.55,0.3923,0.4415,0.3923,0.4415,0.3923,0.4415
2210003,São João do Piauí - PI,22,1.5,0.4819,0.5128,0.4946,0.9197,0.0094,True,False,0.0,21378,0.57,0.4819,0.5128,0.4819,0.5128,0.4819,0.5128
2210052,São José do Divino - PI,22,1.5,0.3593,0.4056,0.3975,0.7259,0.024,True,False,0.0,4838,0.49,0.3593,0.4056,0.3593,0.4056,0.3593,0.4056
2210102,São José do Peixe - PI,22,1.5,0.398,0.4363,0.4202,0.7668,0.007,True,False,0.0,3288,0.57,0.398,0.4363,0.398,0.4363,0.398,0.4363
2210201,São José do Piauí - PI,22,1.5,0.3828,0.4264,0.4328,0.8012,0.0244,True,True,0.0,6593,0.43,0.3828,0.4264,0.3828,0.4264,0.3828,0.4264
2210300,São Julião - PI,22,1.5,0.3996,0.4401,0.4222,0.7851,0.0199,True,False,0.0,6024,0.51,0.3996,0.4401,0.3996,0.4401,0.3996,0.4401
2210359,São Lourenço do Piauí - PI,22,1.5,0.3942,0.4339,0.4378,0.7677,0.0145,True,True,0.0,4408,0.47,0.3942,0.4339,0.3942,0.4339,0.3942,0.4339
2210375,São Luis do Piauí - PI,22,1.5,0.3924,0.4395,0.4536,0.7909,0.0258,True,True,0.0,2310,0.5,0.3924,0.4395,0.3924,0.4395,0.3924,0.4395
2210383,São Miguel da Baixa Grande - PI,22,1.5,0.3579,0.4026,0.4015,0.7087,0.0162,True,False,0.0,2270,0.54,0.3579,0.4026,0.3579,0.4026,0.3579,0.4026
2210391,São Miguel do Fidalgo - PI,22,1.5,0.4317,0.4788,0.4848,0.9066,0.0471,True,True,0.0,2818,0.55,0.4317,0.4788,0.4317,0.4788,0.4317,0.4788
2210409,São Miguel do Tapuio - PI,22,1.5,0.4212,0.4634,0.4586,0.8051,0.0099,True,False,0.0,17549,0.57,0.4212,0.4634,0.4212,0.4634,0.4212,0.4634
2210508,São Pedro do Piauí - PI,22,1.5,0.4626,0.5003,0.4832,0.9035,0.0073,True,False,0.0,13749,0.56,0.4626,0.5003,0.4626,0.5003,0.4626,0.5003
2210607,São Raimundo Nonato - PI,22,1.5,0.4962,0.524,0.497,0.9089,0.0138,True,False,0.0,38823,0.55,0.4962,0.524,0.4962,0.524,0.4962,0.524
2210623,Sebastião Barros - PI,22,1.5,0.3852,0.43,0.4183,0.7731,0.013,True,False,0.0,3193,0.59,0.3852,0.43,0.3852,0.43,0.3852,0.43
2210631,Sebastião Leal - PI,22,1.5,0.4442,0.4793,0.4849,0.8138,0.0074,True,True,0.0,4446,0.58,0.4442,0.4793,0.4442,0.4793,0.4442,0.4793
2210656,Sigefredo Pacheco - PI,22,1.5,0.3953,0.4396,0.4356,0.807,0.0166,True,False,0.0,9444,0.51,0.3953,0.4396,0.3953,0.4396,0.3953,0.4396
2210706,Simões - PI,22,1.5,0.4537,0.4921,0.4858,0.8928,0.0067,True,False,0.0,14337,0.51,0.4537,0.4921,0.4537,0.4921,0.4537,0.4921
2210805,Simplício Mendes - PI,22,1.5,0.4515,0.4866,0.4619,0.8417,0.0124,True,False,0.0,13821,0.57,0.465,0.4993,0.4515,0.4866,0.4469,0.4822
2210904,Socorro do Piauí - PI,22,1.5,0.4431,0.4932,0.4971,0.8826,0.0153,True,True,0.0,4140,0.57,0.4431,0.4932,0.4431,0.4932,0.4431,0.4932
2210938,Sussuapara - PI,22,1.5,0.381,0.4218,0.4048,0.7269,0.0081,True,False,0.0,6220,0.46,0.381,0.4218,0.381,0.4218,0.381,0.4218
2210953,Tamboril do Piauí - PI,22,1.5,0.4447,0.4854,0.4729,0.8685,0.0121,True,False,0.0,2933,0.54,0.4447,0.4854,0.4447,0.4854,0.4447,0.4854
2210979,Tanque do Piauí - PI,22,1.5,0.4498,0.4838,0.4833,0.912,0.0288,True,False,0.0,2316,0.48,0.4498,0.4838,0.4498,0.4838,0.4498,0.4838
2211001,Teresina - PI,22,1.5,0.5497,0.5711,0.5252,0.9678,0.017,True,False,0.0,861508,0.61,0.5712,0.5916,0.5497,0.5711,0.542,0.5638
2211100,União - PI,22,1.5,0.4054,0.4447,0.4315,0.7825,0.0088,True,False,0.0,46079,0.52,0.4054,0.4447,0.4054,0.4447,0.4054,0.4447
2211209,Uruçuí - PI,22,1.5,0.4444,0.4784,0.4425,0.7735,0.0107,True,False,0.0,25193,0.53,0.4581,0.4912,0.4444,0.4784,0.4397,0.4739
2211308,Valença do Piauí - PI,22,1.5,0.4583,0.491,0.4629,0.8425,0.0205,True,False,0.0,22257,0.53,0.4583,0.491,0.4583,0.491,0.4583,0.491
2211357,Várzea Branca - PI,22,1.5,0.4243,0.4723,0.475,0.8757,0.0235,True,True,0.0,5047,0.57,0.4243,0.4723,0.4243,0.4723,0.4243,0.4723
2211407,Várzea Grande - PI,22,1.5,0.44,0.4775,0.4797,0.8529,0.0168,True,True,0.0,4414,0.51,0.44,0.4775,0.44,0.4775,0.44,0.4775
2211506,Vera Mendes - PI,22,1.5,0.3652,0.4203,0.4312,0.765,0.0442,True,True,0.0,3185,0.58,0.3652,0.4203,0.3652,0.4203,0.3652,0.4203
2211605,Vila Nova do Piauí - PI,22,1.5,0.4047,0.4465,0.4441,0.8038,0.0241,True,False,0.0,2934,0.6,0.4047,0.4465,0.4047,0.4465,0.4047,0.4465
2211704,Wall Ferraz - PI,22,1.5,0.3744,0.4243,0.4189,0.751,0.0272,True,False,0.0,4060,0.51,0.3744,0.4243,0.3744,0.4243,0.3744,0.4243
2300101,Abaiara - CE,23,1.5,0.4102,0.4519,0.4412,0.7978,0.0089,True,False,0.0,10015,0.48,0.4102,0.4519,0.4102,0.4519,0.4102,0.4519
2300150,Acarape - CE,23,1.5,0.4102,0.4501,0.4517,0.7395,0.0067,True,True,0.0,14027,0.43,0.4102,0.4501,0.4102,0.4501,0.4102,0.4501
2300200,Acaraú - CE,23,1.5,0.4439,0.4829,0.4676,0.8406,0.0086,True,False,0.0,65209,0.6,0.4439,0.4829,0.4439,0.4829,0.4439,0.4829
2300309,Acopiara - CE,23,1.5,0.4422,0.4797,0.486,0.8577,0.0127,True,True,0.0,44931,0.57,0.4422,0.4797,0.4422,0.4797,0.4422,0.4797
2300408,Aiuaba - CE,23,1.5,0.4496,0.4928,0.4744,0.8697,0.02,True,False,0.0,14066,0.53,0.471,0.5126,0.4496,0.4928,0.442,0.4858
2300507,Alcântaras - CE,23,1.5,0.3708,0.4143,0.3982,0.712,0.0125,True,False,0.0,11370,0.46,0.3708,0.4143,0.3708,0.4143,0.3708,0.4143
2300606,Altaneira - CE,23,1.5,0.4221,0.4636,0.4517,0.8233,0.0129,True,False,0.0,6783,0.55,0.4221,0.4636,0.4221,0.4636,0.4221,0.4636
2300705,Alto Santo - CE,23,1.5,0.3549,0.401,0.3966,0.7068,0.0298,True,False,0.0,14155,0.48,0.3549,0.401,0.3549,0.401,0.3549,0.401
2300754,Amontada - CE,23,1.5,0.4651,0.5067,0.5177,0.8591,0.0034,True,True,0.0,42101,0.56,0.4651,0.5067,0.4651,0.5067,0.4651,0.5067
2300804,Antonina do Norte - CE,23,1.5,0.3697,0.4129,0.409,0.7275,0.0189,True,False,0.0,7244,0.51,0.3697,0.4129,0.3697,0.4129,0.3697,0.4129
2300903,Apuiarés - CE,23,1.5,0.421,0.4653,0.4579,0.8239,0.0131,True,False,0.0,12918,0.54,0.421,0.4653,0.421,0.4653,0.421,0.4653
2301000,Aquiraz - CE,23,1.5,0.4508,0.4844,0.4788,0.7831,0.0119,True,False,0.0,79693,0.48,0.4584,0.4915,0.4508,0.4844,0.4483,0.4819
2301109,Aracati - CE,23,1.5,0.4505,0.4836,0.4604,0.8252,0.0096,True,False,0.0,75010,0.53,0.4505,0.4836,0.4505,0.4836,0.4505,0.4836
2301208,Aracoiaba - CE,23,1.5,0.3581,0.4039,0.4058,0.7112,0.0227,True,True,0.0,25553,0.51,0.3581,0.4039,0.3581,0.4039,0.3581,0.4039
2301257,Ararendá - CE,23,1.5,0.4071,0.4524,0.4561,0.8101,0.0164,True,True,0.0,11073,0.53,0.4071,0.4524,0.4071,0.4524,0.4071,0.4524
2301307,Araripe - CE,23,1.5,0.4732,0.526,0.5221,0.9503,0.0107,True,False,0.0,19736,0.56,0.4732,0.526,0.4732,0.526,0.4732,0.526
2301406,Aratuba - CE,23,1.5,0.4763,0.5138,0.4387,0.7924,0.0181,True,False,0.0,11224,0.49,0.5452,0.578,0.4763,0.5138,0.4484,0.4879
2301505,Arneiroz - CE,23,1.5,0.4059,0.4482,0.4481,0.7865,0.0239,True,False,0.0,7404,0.53,0.4059,0.4482,0.4059,0.4482,0.4059,0.4482
2301604,Assaré - CE,23,1.5,0.4351,0.4744,0.4683,0.8557,0.0143,True,False,0.0,21634,0.59,0.4351,0.4744,0.4351,0.4744,0.4351,0.4744
2301703,Aurora - CE,23,1.5,0.4472,0.4864,0.4851,0.8623,0.0146,True,False,0.0,23714,0.53,0.4472,0.4864,0.4472,0.4864,0.4472,0.4864
2301802,Baixio - CE,23,1.5,0.4247,0.4686,0.4651,0.8585,0.0172,True,False,0.0,5704,0.46,0.4247,0.4686,0.4247,0.4686,0.4247,0.4686
2301851,Banabuiú - CE,23,1.5,0.431,0.47,0.4635,0.8452,0.014,True,False,0.0,17175,0.55,0.431,0.47,0.431,0.47,0.431,0.47
2301901,Barbalha - CE,23,1.5,0.5075,0.5363,0.48,0.8803,0.0157,True,False,0.0,74967,0.51,0.5276,0.5553,0.5075,0.5363,0.5004,0.5296
2301950,Barreira - CE,23,1.5,0.4208,0.4604,0.4426,0.8034,0.0108,True,False,0.0,22393,0.5,0.4208,0.4604,0.4208,0.4604,0.4208,0.4604
2302008,Barro - CE,23,1.5,0.423,0.4621,0.4682,0.8041,0.0155,True,True,0.0,19382,0.5,0.423,0.4621,0.423,0.4621,0.423,0.4621
2302057,Barroquinha - CE,23,1.5,0.4735,0.5247,0.5144,0.8793,0.0047,True,False,0.0,14550,0.55,0.4735,0.5247,0.4735,0.5247,0.4735,0.5247
2302107,Baturité - CE,23,1.5,0.4299,0.4672,0.4599,0.8082,0.0105,True,False,0.0,35153,0.48,0.4299,0.4672,0.4299,0.4672,0.4299,0.4672
2302206,Beberibe - CE,23,1.5,0.4416,0.4788,0.4536,0.8022,0.0089,True,False,0.0,53068,0.55,0.4577,0.4938,0.4416,0.4788,0.436,0.4735
2302305,Bela Cruz - CE,23,1.5,0.4808,0.5229,0.5071,0.9205,0.0064,True,False,0.0,32739,0.55,0.4808,0.5229,0.4808,0.5229,0.4808,0.5229
2302404,Boa Viagem - CE,23,1.5,0.4269,0.4672,0.4585,0.8273,0.0153,True,False,0.0,50393,0.59,0.4269,0.4672,0.4269,0.4672,0.4269,0.4672
2302503,Brejo Santo - CE,23,1.5,0.42,0.4573,0.4537,0.7517,0.0138,True,False,0.0,51043,0.52,0.42,0.4573,0.42,0.4573,0.42,0.4573
2302602,Camocim - CE,23,1.5,0.442,0.4791,0.4722,0.8305,0.0091,True,False,0.0,62243,0.56,0.442,0.4791,0.442,0.4791,0.442,0.4791
2302701,Campos Sales - CE,23,1.5,0.4832,0.52,0.5065,0.9137,0.0142,True,False,0.0,25074,0.58,0.4832,0.52,0.4832,0.52,0.4832,0.52
2302800,Canindé - CE,23,1.5,0.4922,0.5248,0.4891,0.8879,0.009,True,False,0.0,74029,0.58,0.5261,0.5566,0.4922,0.5248,0.4798,0.5132
2302909,Capistrano - CE,23,1.5,0.4571,0.5003,0.4981,0.9105,0.0095,True,False,0.0,17253,0.57,0.4571,0.5003,0.4571,0.5003,0.4571,0.5003
2303006,Caridade - CE,23,1.5,0.4078,0.4498,0.4531,0.8196,0.0134,True,True,0.0,16362,0.5,0.4078,0.4498,0.4078,0.4498,0.4078,0.4498
2303105,Cariré - CE,23,1.5,0.4041,0.4497,0.4482,0.7977,0.0114,True,False,0.0,17607,0.54,0.4041,0.4497,0.4041,0.4497,0.4041,0.4497
2303204,Caririaçu - CE,23,1.5,0.4214,0.4647,0.4632,0.8078,0.014,True,False,0.0,26298,0.51,0.4214,0.4647,0.4214,0.4647,0.4214,0.4647
2303303,Cariús - CE,23,1.5,0.4239,0.4658,0.4515,0.7977,0.016,True,False,0.0,17016,0.52,0.446,0.4863,0.4239,0.4658,0.4161,0.4586
2303402,Carnaubal - CE,23,1.5,0.4556,0.4965,0.5024,0.884,0.016,True,True,0.0,17206,0.53,0.4556,0.4965,0.4556,0.4965,0.4556,0.4965
2303501,Cascavel - CE,23,1.5,0.4661,0.499,0.4833,0.8408,0.0125,True,False,0.0,72687,0.48,0.4661,0.499,0.4661,0.499,0.4661,0.499
2303600,Catarina - CE,23,1.5,0.4642,0.5015,0.5131,0.8749,0.0152,True,True,0.0,10227,0.51,0.4642,0.5015,0.4642,0.5015,0.4642,0.5015
2303659,Catunda - CE,23,1.5,0.4267,0.4686,0.4551,0.8358,0.0143,True,False,0.0,10428,0.53,0.4267,0.4686,0.4267,0.4686,0.4267,0.4686
2303709,Caucaia - CE,23,1.5,0.4478,0.4801,0.4759,0.8179,0.0036,True,False,0.0,354973,0.48,0.4513,0.4834,0.4478,0.4801,0.4466,0.4789
2303808,Cedro - CE,23,1.5,0.5264,0.5573,0.4811,0.8775,0.0109,True,False,0.0,22337,0.56,0.5845,0.6118,0.5264,0.5573,0.5033,0.5356
2303907,Chaval - CE,23,1.5,0.4793,0.5191,0.4828,0.8994,0.0124,True,False,0.0,12364,0.5,0.5013,0.5394,0.4793,0.5191,0.4716,0.5119
2303931,Choró - CE,23,1.5,0.3913,0.4443,0.4392,0.7953,0.0206,True,False,0.0,12111,0.58,0.3913,0.4443,0.3913,0.4443,0.3913,0.4443
2303956,Chorozinho - CE,23,1.5,0.4012,0.4427,0.4355,0.7505,0.0155,True,False,0.0,20137,0.5,0.4012,0.4427,0.4012,0.4427,0.4012,0.4427
2304004,Coreaú - CE,23,1.5,0.4309,0.4729,0.4612,0.8334,0.0089,True,False,0.0,20952,0.51,0.4309,0.4729,0.4309,0.4729,0.4309,0.4729
2304103,Crateús - CE,23,1.5,0.4719,0.5034,0.4903,0.897,0.0082,True,False,0.0,76218,0.6,0.4797,0.5108,0.4719,0.5034,0.4692,0.5009
2304202,Crato - CE,23,1.5,0.4971,0.5246,0.4999,0.9107,0.0142,True,False,0.0,130802,0.57,0.4971,0.5246,0.4971,0.5246,0.4971,0.5246
2304236,Croatá - CE,23,1.5,0.4024,0.4503,0.4553,0.7908,0.014,True,True,0.0,17481,0.57,0.4024,0.4503,0.4024,0.4503,0.4024,0.4503
2304251,Cruz - CE,23,1.5,0.4762,0.51,0.4857,0.8734,0.0141,True,False,0.0,29715,0.58,0.4915,0.5244,0.4762,0.51,0.4709,0.5051
2304269,Deputado Irapuan Pinheiro - CE,23,1.5,0.3739,0.4222,0.4303,0.7413,0.0261,True,True,0.0,8921,0.5,0.3739,0.4222,0.3739,0.4222,0.3739,0.4222
2304277,Ereré - CE,23,1.5,0.377,0.4206,0.4236,0.7473,0.0189,True,True,0.0,6474,0.46,0.377,0.4206,0.377,0.4206,0.377,0.4206
2304285,Eusébio - CE,23,1.5,0.6143,0.6296,0.5887,1.097,0.0161,True,False,0.0,74086,0.65,0.6626,0.6765,0.6143,0.6296,0.595,0.6108
2304301,Farias Brito - CE,23,1.5,0.427,0.4684,0.4746,0.8447,0.0182,True,True,0.0,18194,0.54,0.427,0.4684,0.427,0.4684,0.427,0.4684
2304350,Forquilha - CE,23,1.5,0.3955,0.4352,0.4329,0.7453,0.0036,True,False,0.0,24173,0.45,0.3955,0.4352,0.3955,0.4352,0.3955,0.4352
2304400,Fortaleza - CE,23,1.5,0.5811,0.6003,0.557,1.0072,0.0164,True,False,0.0,2421146,0.61,0.6112,0.6291,0.5811,0.6003,0.57,0.5896
2304459,Fortim - CE,23,1.5,0.3892,0.4287,0.4026,0.7323,0.0123,True,False,0.0,17228,0.51,0.3892,0.4287,0.3892,0.4287,0.3892,0.4287
2304509,Frecheirinha - CE,23,1.5,0.4354,0.4702,0.4533,0.8125,0.0088,True,False,0.0,15632,0.53,0.4354,0.4702,0.4354,0.4702,0.4354,0.4702
2304608,General Sampaio - CE,23,1.5,0.408,0.4505,0.4368,0.8041,0.0045,True,False,0.0,6702,0.51,0.408,0.4505,0.408,0.4505,0.408,0.4505
2304657,Graça - CE,23,1.5,0.4268,0.4744,0.4712,0.8477,0.0151,True,False,0.0,13802,0.55,0.4268,0.4744,0.4268,0.4744,0.4268,0.4744
2304707,Granja - CE,23,1.5,0.4636,0.5105,0.5016,0.8886,0.004,True,False,0.0,53260,0.62,0.4636,0.5105,0.4636,0.5105,0.4636,0.5105
2304806,Granjeiro - CE,23,1.5,0.364,0.4108,0.4053,0.6901,0.0225,True,False,0.0,4841,0.51,0.364,0.4108,0.364,0.4108,0.364,0.4108
2304905,Groaíras - CE,23,1.5,0.4344,0.472,0.4684,0.8126,0.0085,True,False,0.0,10901,0.47,0.4344,0.472,0.4344,0.472,0.4344,0.472
2304954,Guaiúba - CE,23,1.5,0.3922,0.4369,0.4435,0.7611,0.0153,True,True,0.0,24306,0.47,0.3922,0.4369,0.3922,0.4369,0.3922,0.4369
2305001,Guaraciaba do Norte - CE,23,1.5,0.4588,0.4952,0.4832,0.8399,0.0124,True,False,0.0,41967,0.51,0.4588,0.4952,0.4588,0.4952,0.4588,0.4952
2305100,Guaramiranga - CE,23,1.5,0.3798,0.4203,0.4108,0.7411,0.0127,True,False,0.0,5624,0.47,0.3798,0.4203,0.3798,0.4203,0.3798,0.4203
2305209,Hidrolândia - CE,23,1.5,0.4141,0.4589,0.4696,0.8642,0.0272,True,True,0.0,17856,0.51,0.4141,0.4589,0.4141,0.4589,0.4141,0.4589
2305233,Horizonte - CE,23,1.5,0.3869,0.4272,0.4364,0.7112,0.0081,True,True,0.0,74681,0.42,0.3869,0.4272,0.3869,0.4272,0.3869,0.4272
2305266,Ibaretama - CE,23,1.5,0.4263,0.4696,0.4579,0.8268,0.0109,True,False,0.0,11953,0.55,0.4263,0.4696,0.4263,0.4696,0.4263,0.4696
2305308,Ibiapina - CE,23,1.5,0.4342,0.4762,0.4681,0.8577,0.014,True,False,0.0,23938,0.47,0.4342,0.4762,0.4342,0.4762,0.4342,0.4762
2305332,Ibicuitinga - CE,23,1.5,0.3782,0.423,0.4256,0.7444,0.013,True,True,0.0,11555,0.52,0.3782,0.423,0.3782,0.423,0.3782,0.423
2305357,Icapuí - CE,23,1.5,0.3857,0.4259,0.4187,0.7474,0.0106,True,False,0.0,21344,0.47,0.3857,0.4259,0.3857,0.4259,0.3857,0.4259
2305407,Icó - CE,23,1.5,0.4329,0.4728,0.4734,0.8319,0.0166,True,True,0.0,62601,0.55,0.4329,0.4728,0.4329,0.4728,0.4329,0.4728
2305506,Iguatu - CE,23,1.5,0.4402,0.4729,0.4593,0.8268,0.0096,True,False,0.0,98028,0.54,0.4402,0.4729,0.4402,0.4729,0.4402,0.4729
2305605,Independência - CE,23,1.5,0.4264,0.4664,0.462,0.825,0.012,True,False,0.0,24024,0.55,0.4264,0.4664,0.4264,0.4664,0.4264,0.4664
2305654,Ipaporanga - CE,23,1.5,0.4263,0.472,0.4711,0.8606,0.0172,True,False,0.0,11555,0.55,0.4263,0.472,0.4263,0.472,0.4263,0.472
2305704,Ipaumirim - CE,23,1.5,0.4106,0.4506,0.4455,0.8179,0.0106,True,False,0.0,12045,0.63,0.4106,0.4506,0.4106,0.4506,0.4106,0.4506
2305803,Ipu - CE,23,1.5,0.4356,0.4738,0.4533,0.8236,0.0075,True,False,0.0,41066,0.56,0.4356,0.4738,0.4356,0.4738,0.4356,0.4738
2305902,Ipueiras - CE,23,1.5,0.4497,0.4934,0.4945,0.875,0.0137,True,True,0.0,36797,0.56,0.4497,0.4934,0.4497,0.4934,0.4497,0.4934
2306009,Iracema - CE,23,1.5,0.4345,0.4702,0.4456,0.8203,0.0108,True,False,0.0,13995,0.55,0.4345,0.4702,0.4345,0.4702,0.4345,0.4702
2306108,Irauçuba - CE,23,1.5,0.431,0.4765,0.4562,0.8111,0.0053,True,False,0.0,23915,0.61,0.431,0.4765,0.431,0.4765,0.431,0.4765
2306207,Itaiçaba - CE,23,1.5,0.4149,0.4543,0.4437,0.817,0.018,True,False,0.0,7533,0.44,0.4149,0.4543,0.4149,0.4543,0.4149,0.4543
2306256,Itaitinga - CE,23,1.5,0.3968,0.4328,0.4254,0.7593,0.002,True,False,0.0,55888,0.45,0.3968,0.4328,0.3968,0.4328,0.3968,0.4328
2306306,Itapajé - CE,23,1.5,0.4426,0.4821,0.4694,0.8396,0.0103,True,False,0.0,46389,0.54,0.4426,0.4821,0.4426,0.4821,0.4426,0.4821
2306405,Itapipoca - CE,23,1.5,0.4604,0.4971,0.4904,0.8785,0.0079,True,False,0.0,131021,0.56,0.4604,0.4971,0.4604,0.4971,0.4604,0.4971
2306504,Itapiúna - CE,23,1.5,0.4097,0.4576,0.4486,0.8045,0.0153,True,False,0.0,17842,0.5,0.4097,0.4576,0.4097,0.4576,0.4097,0.4576
2306553,Itarema - CE,23,1.5,0.4405,0.4803,0.4601,0.8012,0.0059,True,False,0.0,42899,0.53,0.4551,0.4939,0.4405,0.4803,0.4355,0.4756
2306603,Itatira - CE,23,1.5,0.4485,0.4931,0.4911,0.8602,0.0147,True,False,0.0,20424,0.54,0.4485,0.4931,0.4485,0.4931,0.4485,0.4931
2306702,Jaguaretama - CE,23,1.5,0.4566,0.495,0.4529,0.8176,0.0113,True,False,0.0,17204,0.56,0.4872,0.5235,0.4566,0.495,0.4456,0.4848
2306801,Jaguaribara - CE,23,1.5,0.3853,0.4257,0.4167,0.7526,0.0207,True,False,0.0,10335,0.45,0.3853,0.4257,0.3853,0.4257,0.3853,0.4257
2306900,Jaguaribe - CE,23,1.5,0.4483,0.482,0.4902,0.8406,0.0121,True,True,0.0,33726,0.52,0.4483,0.482,0.4483,0.482,0.4483,0.482
2307007,Jaguaruana - CE,23,1.5,0.4673,0.5016,0.476,0.8484,0.0076,True,False,0.0,31641,0.47,0.4888,0.5217,0.4673,0.5016,0.4598,0.4945
2307106,Jardim - CE,23,1.5,0.3998,0.4401,0.4255,0.7771,0.0061,True,False,0.0,27394,0.53,0.3998,0.4401,0.3998,0.4401,0.3998,0.4401
2307205,Jati - CE,23,1.5,0.399,0.44,0.4426,0.8046,0.0185,True,True,0.0,7857,0.5,0.399,0.44,0.399,0.44,0.399,0.44
2307254,Jijoca de Jericoacoara - CE,23,1.5,0.4411,0.4743,0.4622,0.8149,0.0107,True,False,0.0,25426,0.59,0.4411,0.4743,0.4411,0.4743,0.4411,0.4743
2307304,Juazeiro do Norte - CE,23,1.5,0.4821,0.5118,0.4811,0.868,0.0111,True,False,0.0,284334,0.54,0.4919,0.5211,0.4821,0.5118,0.4788,0.5087
2307403,Jucás - CE,23,1.5,0.3796,0.4232,0.4141,0.7534,0.0169,True,False,0.0,23870,0.49,0.3796,0.4232,0.3796,0.4232,0.3796,0.4232
2307502,Lavras da Mangabeira - CE,23,1.5,0.4207,0.4632,0.4593,0.8307,0.021,True,False,0.0,30798,0.6,0.4207,0.4632,0.4207,0.4632,0.4207,0.4632
2307601,Limoeiro do Norte - CE,23,1.5,0.4398,0.472,0.4553,0.819,0.0143,True,False,0.0,59412,0.49,0.4398,0.472,0.4398,0.472,0.4398,0.472
2307635,Madalena - CE,23,1.5,0.4322,0.4731,0.4752,0.8207,0.0114,True,True,0.0,16885,0.58,0.4322,0.4731,0.4322,0.4731,0.4322,0.4731
2307650,Maracanaú - CE,23,1.5,0.4223,0.4568,0.4594,0.7863,0.0033,True,True,0.0,234327,0.43,0.4247,0.4591,0.4223,0.4568,0.4215,0.4561
2307700,Maranguape - CE,23,1.5,0.3954,0.4347,0.4206,0.7434,0.0091,True,False,0.0,104983,0.44,0.3954,0.4347,0.3954,0.4347,0.3954,0.4347
2307809,Marco - CE,23,1.5,0.3939,0.4392,0.4324,0.7584,0.0025,True,False,0.0,25729,0.54,0.3939,0.4392,0.3939,0.4392,0.3939,0.4392
2307908,Martinópole - CE,23,1.5,0.4585,0.5018,0.4964,0.9052,0.0079,True,False,0.0,10836,0.59,0.4585,0.5018,0.4585,0.5018,0.4585,0.5018
2308005,Massapê - CE,23,1.5,0.4439,0.4835,0.474,0.8105,0.0081,True,False,0.0,37662,0.47,0.4439,0.4835,0.4439,0.4835,0.4439,0.4835
2308104,Mauriti - CE,23,1.5,0.4346,0.4754,0.4717,0.8503,0.0132,True,False,0.0,45539,0.56,0.4346,0.4754,0.4346,0.4754,0.4346,0.4754
2308203,Meruoca - CE,23,1.5,0.4176,0.456,0.4439,0.787,0.0098,True,False,0.0,15141,0.47,0.4176,0.456,0.4176,0.456,0.4176,0.456
2308302,Milagres - CE,23,1.5,0.417,0.4563,0.4551,0.8008,0.0166,True,False,0.0,25872,0.47,0.417,0.4563,0.417,0.4563,0.417,0.4563
2308351,Milhã - CE,23,1.5,0.4073,0.4453,0.433,0.7908,0.0139,True,False,0.0,14093,0.54,0.4073,0.4453,0.4073,0.4453,0.4073,0.4453
2308377,Miraíma - CE,23,1.5,0.4343,0.4958,0.4905,0.8605,0.0068,True,False,0.0,14185,0.64,0.4343,0.4958,0.4343,0.4958,0.4343,0.4958
2308401,Missão Velha - CE,23,1.5,0.4235,0.4667,0.4593,0.8051,0.0096,True,False,0.0,36812,0.57,0.4235,0.4667,0.4235,0.4667,0.4235,0.4667
2308500,Mombaça - CE,23,1.5,0.4319,0.4708,0.4647,0.846,0.0135,True,False,0.0,37669,0.54,0.4319,0.4708,0.4319,0.4708,0.4319,0.4708
2308609,Monsenhor Tabosa - CE,23,1.5,0.3846,0.4284,0.427,0.781,0.0286,True,False,0.0,17149,0.55,0.3846,0.4284,0.3846,0.4284,0.3846,0.4284
2308708,Morada Nova - CE,23,1.5,0.4063,0.4462,0.4418,0.7676,0.0214,True,False,0.0,61173,0.52,0.4063,0.4462,0.4063,0.4462,0.4063,0.4462
2308807,Moraújo - CE,23,1.5,0.4774,0.513,0.4717,0.8763,0.0102,True,False,0.0,8255,0.51,0.4774,0.513,0.4774,0.513,0.4774,0.513
2308906,Morrinhos - CE,23,1.5,0.4932,0.5325,0.5191,0.9233,0.0118,True,False,0.0,22737,0.54,0.4932,0.5325,0.4932,0.5325,0.4932,0.5325
2309003,Mucambo - CE,23,1.5,0.406,0.4461,0.4517,0.7966,0.0139,True,True,0.0,13668,0.57,0.406,0.4461,0.406,0.4461,0.406,0.4461
2309102,Mulungu - CE,23,1.5,0.4266,0.4657,0.4389,0.8078,0.02,True,False,0.0,10569,0.55,0.451,0.4884,0.4266,0.4657,0.418,0.4577
2309201,Nova Olinda - CE,23,1.5,0.425,0.4664,0.4466,0.8076,0.0083,True,False,0.0,15399,0.57,0.425,0.4664,0.425,0.4664,0.425,0.4664
2309300,Nova Russas - CE,23,1.5,0.433,0.4714,0.4644,0.8348,0.0115,True,False,0.0,30584,0.5,0.433,0.4714,0.433,0.4714,0.433,0.4714
2309409,Novo Oriente - CE,23,1.5,0.4095,0.4488,0.4376,0.8044,0.0116,True,False,0.0,27483,0.6,0.4095,0.4488,0.4095,0.4488,0.4095,0.4488
2309458,Ocara - CE,23,1.5,0.4499,0.4878,0.4723,0.8348,0.0092,True,False,0.0,24492,0.53,0.4499,0.4878,0.4499,0.4878,0.4499,0.4878
2309508,Orós - CE,23,1.5,0.4013,0.4432,0.445,0.7785,0.0099,True,True,0.0,19626,0.49,0.4013,0.4432,0.4013,0.4432,0.4013,0.4432
2309607,Pacajus - CE,23,1.5,0.3985,0.4363,0.4342,0.7418,0.0053,True,False,0.0,70973,0.47,0.3985,0.4363,0.3985,0.4363,0.3985,0.4363
2309706,Pacatuba - CE,23,1.5,0.4206,0.4563,0.4456,0.7774,0.0047,True,False,0.0,80778,0.44,0.4256,0.461,0.4206,0.4563,0.419,0.4548
2309805,Pacoti - CE,23,1.5,0.3909,0.4316,0.4141,0.7407,0.0061,True,False,0.0,11148,0.5,0.3909,0.4316,0.3909,0.4316,0.3909,0.4316
2309904,Pacujá - CE,23,1.5,0.4064,0.4463,0.4424,0.8071,0.0086,True,False,0.0,6167,0.5,0.4064,0.4463,0.4064,0.4463,0.4064,0.4463
2310001,Palhano - CE,23,1.5,0.3952,0.4342,0.4189,0.7412,0.007,True,False,0.0,9340,0.47,0.3952,0.4342,0.3952,0.4342,0.3952,0.4342
2310100,Palmácia - CE,23,1.5,0.4556,0.4954,0.4865,0.8664,0.0145,True,False,0.0,10242,0.63,0.4556,0.4954,0.4556,0.4954,0.4556,0.4954
2310209,Paracuru - CE,23,1.5,0.461,0.4938,0.4806,0.8678,0.007,True,False,0.0,38862,0.55,0.461,0.4938,0.461,0.4938,0.461,0.4938
2310258,Paraipaba - CE,23,1.5,0.4187,0.4552,0.4335,0.7749,0.0074,True,False,0.0,32091,0.5,0.4187,0.4552,0.4187,0.4552,0.4187,0.4552
2310308,Parambu - CE,23,1.5,0.4631,0.5055,0.5012,0.8592,0.0196,True,False,0.0,31392,0.53,0.4631,0.5055,0.4631,0.5055,0.4631,0.5055
2310407,Paramoti - CE,23,1.5,0.4174,0.4698,0.465,0.8563,0.0146,True,False,0.0,10365,0.52,0.4174,0.4698,0.4174,0.4698,0.4174,0.4698
2310506,Pedra Branca - CE,23,1.5,0.4117,0.4527,0.4436,0.793,0.0067,True,False,0.0,40144,0.5,0.4117,0.4527,0.4117,0.4527,0.4117,0.4527
2310605,Penaforte - CE,23,1.5,0.4164,0.4555,0.4514,0.8164,0.0117,True,False,0.0,8972,0.45,0.4164,0.4555,0.4164,0.4555,0.4164,0.4555
2310704,Pentecoste - CE,23,1.5,0.4576,0.4939,0.4677,0.8049,0.0064,True,False,0.0,37750,0.56,0.4857,0.5201,0.4576,0.4939,0.4476,0.4846
2310803,Pereiro - CE,23,1.5,0.4371,0.4775,0.4734,0.8335,0.015,True,False,0.0,15263,0.53,0.4371,0.4775,0.4371,0.4775,0.4371,0.4775
2310852,Pindoretama - CE,23,1.5,0.4144,0.4522,0.44,0.7303,0.0072,True,False,0.0,23333,0.45,0.4389,0.4752,0.4144,0.4522,0.4057,0.4441
2310902,Piquet Carneiro - CE,23,1.5,0.4504,0.4923,0.4854,0.904,0.0181,True,False,0.0,16602,0.52,0.4504,0.4923,0.4504,0.4923,0.4504,0.4923
2310951,Pires Ferreira - CE,23,1.5,0.4251,0.467,0.464,0.8621,0.0083,True,False,0.0,10590,0.51,0.4251,0.467,0.4251,0.467,0.4251,0.467
2311009,Poranga - CE,23,1.5,0.454,0.4958,0.5032,0.9124,0.0161,True,True,0.0,12059,0.54,0.454,0.4958,0.454,0.4958,0.454,0.4958
2311108,Porteiras - CE,23,1.5,0.425,0.4622,0.4365,0.8026,0.0107,True,False,0.0,17042,0.49,0.425,0.4622,0.425,0.4622,0.425,0.4622
2311207,Potengi - CE,23,1.5,0.4861,0.5289,0.5354,0.9534,0.0064,True,True,0.0,8833,0.58,0.4861,0.5289,0.4861,0.5289,0.4861,0.5289
2311231,Potiretama - CE,23,1.5,0.4243,0.4621,0.4369,0.7897,0.0086,True,False,0.0,5958,0.5,0.4512,0.4873,0.4243,0.4621,0.4147,0.4531
2311264,Quiterianópolis - CE,23,1.5,0.4103,0.4533,0.4512,0.8068,0.0214,True,False,0.0,20203,0.55,0.4103,0.4533,0.4103,0.4533,0.4103,0.4533
2311306,Quixadá - CE,23,1.5,0.4945,0.5255,0.4989,0.8989,0.0088,True,False,0.0,84046,0.53,0.513,0.5428,0.4945,0.5255,0.4881,0.5195
2311355,Quixelô - CE,23,1.5,0.4013,0.4461,0.4472,0.8058,0.0262,True,True,0.0,15899,0.51,0.4013,0.4461,0.4013,0.4461,0.4013,0.4461
2311405,Quixeramobim - CE,23,1.5,0.433,0.4692,0.4492,0.8072,0.011,True,False,0.0,82018,0.56,0.433,0.4692,0.433,0.4692,0.433,0.4692
2311504,Quixeré - CE,23,1.5,0.3679,0.4081,0.3915,0.7052,0.0051,True,False,0.0,20868,0.44,0.3679,0.4081,0.3679,0.4081,0.3679,0.4081
2311603,Redenção - CE,23,1.5,0.4029,0.4432,0.4481,0.7713,0.0055,True,True,0.0,27214,0.5,0.4029,0.4432,0.4029,0.4432,0.4029,0.4432
2311702,Reriutaba - CE,23,1.5,0.454,0.493,0.4851,0.8926,0.0096,True,False,0.0,18583,0.6,0.454,0.493,0.454,0.493,0.454,0.493
2311801,Russas - CE,23,1.5,0.4195,0.4562,0.4554,0.7715,0.0121,True,False,0.0,72787,0.46,0.4195,0.4562,0.4195,0.4562,0.4195,0.4562
2311900,Saboeiro - CE,23,1.5,0.3989,0.4427,0.4368,0.7835,0.0143,True,False,0.0,13830,0.54,0.3989,0.4427,0.3989,0.4427,0.3989,0.4427
2311959,Salitre - CE,23,1.5,0.3986,0.449,0.4368,0.7922,0.012,True,False,0.0,16598,0.49,0.3986,0.449,0.3986,0.449,0.3986,0.449
2312007,Santana do Acaraú - CE,23,1.5,0.4634,0.5088,0.4896,0.8906,0.0035,True,False,0.0,30612,0.66,0.4634,0.5088,0.4634,0.5088,0.4634,0.5088
2312106,Santana do Cariri - CE,23,1.5,0.4506,0.493,0.5088,0.8461,0.015,True,True,0.0,16889,0.56,0.4506,0.493,0.4506,0.493,0.4506,0.493
2312205,Santa Quitéria - CE,23,1.5,0.4171,0.4575,0.4426,0.8054,0.0187,True,False,0.0,40183,0.56,0.4171,0.4575,0.4171,0.4575,0.4171,0.4575
2312304,São Benedito - CE,23,1.5,0.4519,0.4889,0.4748,0.8441,0.0052,True,False,0.0,47606,0.51,0.4519,0.4889,0.4519,0.4889,0.4519,0.4889
2312403,São Gonçalo do Amarante - CE,23,1.5,0.4065,0.4433,0.4428,0.7821,0.0059,True,False,0.0,54052,0.51,0.4065,0.4433,0.4065,0.4433,0.4065,0.4433
2312502,São João do Jaguaribe - CE,23,1.5,0.372,0.4137,0.4042,0.7373,0.0164,True,False,0.0,5854,0.5,0.372,0.4137,0.372,0.4137,0.372,0.4137
2312601,São Luís do Curu - CE,23,1.5,0.4155,0.4585,0.4579,0.7897,0.0081,True,False,0.0,10790,0.51,0.4155,0.4585,0.4155,0.4585,0.4155,0.4585
2312700,Senador Pompeu - CE,23,1.5,0.4202,0.4601,0.4598,0.8053,0.0191,True,False,0.0,24242,0.51,0.4202,0.4601,0.4202,0.4601,0.4202,0.4601
2312809,Senador Sá - CE,23,1.5,0.4457,0.4893,0.4777,0.8824,0.0069,True,False,0.0,7245,0.52,0.4457,0.4893,0.4457,0.4893,0.4457,0.4893
2312908,Sobral - CE,23,1.5,0.5014,0.5293,0.5109,0.9014,0.0074,True,False,0.0,201297,0.56,0.5132,0.5405,0.5014,0.5293,0.4974,0.5254
2313005,Solonópole - CE,23,1.5,0.4009,0.4424,0.4324,0.7756,0.0196,True,False,0.0,18179,0.51,0.4009,0.4424,0.4009,0.4424,0.4009,0.4424
2313104,Tabuleiro do Norte - CE,23,1.5,0.4161,0.453,0.4444,0.8162,0.0114,True,False,0.0,30639,0.53,0.4161,0.453,0.4161,0.453,0.4161,0.453
2313203,Tamboril - CE,23,1.5,0.4531,0.4936,0.482,0.8787,0.0126,True,False,0.0,24796,0.52,0.4531,0.4936,0.4531,0.4936,0.4531,0.4936
2313252,Tarrafas - CE,23,1.5,0.432,0.471,0.4701,0.848,0.0195,True,False,0.0,7505,0.54,0.432,0.471,0.432,0.471,0.432,0.471
2313302,Tauá - CE,23,1.5,0.4758,0.5093,0.5068,0.8735,0.011,True,False,0.0,61159,0.57,0.4758,0.5093,0.4758,0.5093,0.4758,0.5093
2313351,Tejuçuoca - CE,23,1.5,0.4032,0.4547,0.4531,0.8245,0.0176,True,False,0.0,17092,0.52,0.4032,0.4547,0.4032,0.4547,0.4032,0.4547
2313401,Tianguá - CE,23,1.5,0.4619,0.495,0.4638,0.8395,0.0089,True,False,0.0,81433,0.61,0.4727,0.5051,0.4619,0.495,0.4583,0.4915
2313500,Trairi - CE,23,1.5,0.4364,0.4769,0.4676,0.8527,0.0074,True,False,0.0,58386,0.55,0.4364,0.4769,0.4364,0.4769,0.4364,0.4769
2313559,Tururu - CE,23,1.5,0.4153,0.4621,0.4638,0.803,0.0117,True,True,0.0,15413,0.54,0.4153,0.4621,0.4153,0.4621,0.4153,0.4621
2313609,Ubajara - CE,23,1.5,0.4361,0.4725,0.422,0.7624,0.0088,True,False,0.0,32758,0.54,0.4691,0.5034,0.4361,0.4725,0.4241,0.4613
2313708,Umari - CE,23,1.5,0.3963,0.4421,0.4303,0.7799,0.0133,True,False,0.0,6860,0.55,0.3963,0.4421,0.3963,0.4421,0.3963,0.4421
2313757,Umirim - CE,23,1.5,0.4206,0.4691,0.4648,0.8283,0.0092,True,False,0.0,17456,0.53,0.4206,0.4691,0.4206,0.4691,0.4206,0.4691
2313807,Uruburetama - CE,23,1.5,0.4151,0.4546,0.4567,0.7644,0.0057,True,True,0.0,20189,0.54,0.4151,0.4546,0.4151,0.4546,0.4151,0.4546
2313906,Uruoca - CE,23,1.5,0.4201,0.4646,0.4641,0.8109,0.011,True,False,0.0,13736,0.53,0.4201,0.4646,0.4201,0.4646,0.4201,0.4646
2313955,Varjota - CE,23,1.5,0.4443,0.4816,0.4805,0.8419,0.008,True,False,0.0,18098,0.52,0.4443,0.4816,0.4443,0.4816,0.4443,0.4816
2314003,Várzea Alegre - CE,23,1.5,0.4327,0.4709,0.4709,0.8583,0.017,True,False,0.0,38980,0.54,0.4327,0.4709,0.4327,0.4709,0.4327,0.4709
2314102,Viçosa do Ceará - CE,23,1.5,0.4311,0.4791,0.4797,0.8503,0.0105,True,True,0.0,59690,0.6,0.4311,0.4791,0.4311,0.4791,0.4311,0.4791
2400109,Acari - RN,24,1.5,0.3952,0.4313,0.4209,0.7712,0.0072,True,False,0.0,10559,0.49,0.3952,0.4313,0.3952,0.4313,0.3952,0.4313
2400208,Assú - RN,24,1.5,0.5091,0.5375,0.4955,0.8862,0.0134,True,False,0.0,56438,0.53,0.5293,0.5565,0.5091,0.5375,0.502,0.5308
2400307,Afonso Bezerra - RN,24,1.5,0.4151,0.4521,0.44,0.783,0.0094,True,False,0.0,10832,0.53,0.4151,0.4521,0.4151,0.4521,0.4151,0.4521
2400406,Água Nova - RN,24,1.5,0.3808,0.4253,0.4165,0.7407,0.0283,True,False,0.0,2946,0.44,0.3808,0.4253,0.3808,0.4253,0.3808,0.4253
2400505,Alexandria - RN,24,1.5,0.4588,0.4947,0.4827,0.8503,0.0092,True,False,0.0,13639,0.53,0.4588,0.4947,0.4588,0.4947,0.4588,0.4947
2400604,Almino Afonso - RN,24,1.5,0.474,0.5055,0.4893,0.8965,0.0156,True,False,0.0,4686,0.49,0.474,0.5055,0.474,0.5055,0.474,0.5055
2400703,Alto do Rodrigues - RN,24,1.5,0.416,0.4512,0.4518,0.8155,0.0117,True,True,0.0,12443,0.47,0.416,0.4512,0.416,0.4512,0.416,0.4512
2400802,Angicos - RN,24,1.5,0.4403,0.4741,0.4505,0.8242,0.0091,True,False,0.0,11618,0.51,0.4403,0.4741,0.4403,0.4741,0.4403,0.4741
2400901,Antônio Martins - RN,24,1.5,0.3899,0.4327,0.4293,0.7899,0.0149,True,False,0.0,6577,0.51,0.3899,0.4327,0.3899,0.4327,0.3899,0.4327
2401008,Apodi - RN,24,1.5,0.437,0.4711,0.4557,0.8273,0.0108,True,False,0.0,36035,0.55,0.437,0.4711,0.437,0.4711,0.437,0.4711
2401107,Areia Branca - RN,24,1.5,0.4418,0.4728,0.477,0.8569,0.0047,True,True,0.0,24070,0.48,0.4418,0.4728,0.4418,0.4728,0.4418,0.4728
2401206,Arez - RN,24,1.5,0.4365,0.4736,0.4628,0.8163,0.0079,True,False,0.0,13230,0.53,0.4365,0.4736,0.4365,0.4736,0.4365,0.4736
2401305,Campo Grande - RN,24,1.5,0.389,0.4319,0.4082,0.7373,0.0114,True,False,0.0,9730,0.68,0.389,0.4319,0.389,0.4319,0.389,0.4319
2401404,Baía Formosa - RN,24,1.5,0.4757,0.5077,0.4634,0.8565,0.0153,True,False,0.0,8810,0.47,0.4757,0.5077,0.4757,0.5077,0.4757,0.5077
2401453,Baraúna - RN,24,1.5,0.3977,0.4355,0.4145,0.754,0.0093,True,False,0.0,26827,0.42,0.3977,0.4355,0.3977,0.4355,0.3977,0.4355
2401503,Barcelona - RN,24,1.5,0.3992,0.4405,0.4307,0.7891,0.0186,True,False,0.0,3977,0.5,0.3992,0.4405,0.3992,0.4405,0.3992,0.4405
2401602,Bento Fernandes - RN,24,1.5,0.4245,0.4644,0.4503,0.8072,0.0085,True,False,0.0,4767,0.47,0.4245,0.4644,0.4245,0.4644,0.4245,0.4644
2401651,Bodó - RN,24,1.5,0.4096,0.4479,0.4567,0.8167,0.01,True,True,0.0,2305,0.52,0.4096,0.4479,0.4096,0.4479,0.4096,0.4479
2401701,Bom Jesus - RN,24,1.5,0.3741,0.4158,0.4006,0.72,0.0093,True,False,0.0,9923,0.54,0.3741,0.4158,0.3741,0.4158,0.3741,0.4158
2401800,Brejinho - RN,24,1.5,0.4135,0.4536,0.449,0.7989,0.0134,True,False,0.0,12189,0.49,0.4135,0.4536,0.4135,0.4536,0.4135,0.4536
2401859,Caiçara do Norte - RN,24,1.5,0.4004,0.4386,0.4162,0.7652,0.0077,True,False,0.0,6293,0.53,0.4004,0.4386,0.4004,0.4386,0.4004,0.4386
2401909,Caiçara do Rio do Vento - RN,24,1.5,0.3606,0.4076,0.3951,0.7197,0.0306,True,False,0.0,3268,0.49,0.3606,0.4076,0.3606,0.4076,0.3606,0.4076
2402006,Caicó - RN,24,1.5,0.4662,0.4939,0.4711,0.8435,0.0131,True,False,0.0,60583,0.56,0.4719,0.4993,0.4662,0.4939,0.4642,0.4921
2402105,Campo Redondo - RN,24,1.5,0.456,0.4937,0.4799,0.8849,0.014,True,False,0.0,10206,0.56,0.456,0.4937,0.456,0.4937,0.456,0.4937
2402204,Canguaretama - RN,24,1.5,0.447,0.4851,0.4593,0.8148,0.0128,True,False,0.0,29646,0.49,0.447,0.4851,0.447,0.4851,0.447,0.4851
2402303,Caraúbas - RN,24,1.5,0.4246,0.4611,0.4531,0.825,0.0245,True,False,0.0,19633,0.54,0.4246,0.4611,0.4246,0.4611,0.4246,0.4611
2402402,Carnaúba dos Dantas - RN,24,1.5,0.3776,0.4149,0.3906,0.7134,0.0124,True,False,0.0,7970,0.41,0.3776,0.4149,0.3776,0.4149,0.3776,0.4149
2402501,Carnaubais - RN,24,1.5,0.3878,0.4297,0.413,0.748,0.0211,True,False,0.0,9680,0.52,0.3878,0.4297,0.3878,0.4297,0.3878,0.4297
2402600,Ceará-Mirim - RN,24,1.5,0.4486,0.4838,0.4759,0.8278,0.0052,True,False,0.0,77892,0.51,0.4486,0.4838,0.4486,0.4838,0.4486,0.4838
2402709,Cerro Corá - RN,24,1.5,0.4205,0.4586,0.4528,0.8047,0.0136,True,False,0.0,10986,0.54,0.4205,0.4586,0.4205,0.4586,0.4205,0.4586
2402808,Coronel Ezequiel - RN,24,1.5,0.421,0.4664,0.4736,0.8683,0.0207,True,True,0.0,5117,0.55,0.421,0.4664,0.421,0.4664,0.421,0.4664
2402907,Coronel João Pessoa - RN,24,1.5,0.4181,0.4577,0.4583,0.8375,0.0216,True,True,0.0,4227,0.5,0.4181,0.4577,0.4181,0.4577,0.4181,0.4577
2403004,Cruzeta - RN,24,1.5,0.4211,0.4556,0.4487,0.8281,0.0155,True,False,0.0,7941,0.42,0.4211,0.4556,0.4211,0.4556,0.4211,0.4556
2403103,Currais Novos - RN,24,1.5,0.4598,0.4905,0.4632,0.8517,0.0168,True,False,0.0,41224,0.58,0.4598,0.4905,0.4598,0.4905,0.4598,0.4905
2403202,Doutor Severiano - RN,24,1.5,0.4088,0.4523,0.4576,0.8399,0.0288,True,True,0.0,7039,0.49,0.4088,0.4523,0.4088,0.4523,0.4088,0.4523
2403251,Parnamirim - RN,24,1.5,0.5186,0.5386,0.5401,0.9857,0.0075,True,True,0.0,252227,0.55,0.5288,0.5484,0.5186,0.5386,0.5152,0.5353
2403301,Encanto - RN,24,1.5,0.3998,0.4392,0.4249,0.7625,0.0107,True,False,0.0,5995,0.47,0.3998,0.4392,0.3998,0.4392,0.3998,0.4392
2403400,Equador - RN,24,1.5,0.3984,0.4378,0.4287,0.7792,0.0204,True,False,0.0,5360,0.5,0.3984,0.4378,0.3984,0.4378,0.3984,0.4378
2403509,Espírito Santo - RN,24,1.5,0.3863,0.4283,0.4118,0.7217,0.0099,True,False,0.0,10620,0.54,0.3863,0.4283,0.3863,0.4283,0.3863,0.4283
2403608,Extremoz - RN,24,1.5,0.434,0.467,0.4562,0.8075,0.0066,True,False,0.0,61543,0.54,0.434,0.467,0.434,0.467,0.434,0.467
2403707,Felipe Guerra - RN,24,1.5,0.3979,0.4353,0.4244,0.7668,0.0131,True,False,0.0,5933,0.48,0.3979,0.4353,0.3979,0.4353,0.3979,0.4353
2403756,Fernando Pedroza - RN,24,1.5,0.4988,0.5334,0.402,0.7399,0.015,True,False,0.0,2936,0.55,0.5885,0.6173,0.4988,0.5334,0.4594,0.4966
2403806,Florânia - RN,24,1.5,0.4395,0.4743,0.4645,0.8553,0.0165,True,False,0.0,10197,0.49,0.4395,0.4743,0.4395,0.4743,0.4395,0.4743
2403905,Francisco Dantas - RN,24,1.5,0.3394,0.3852,0.375,0.6791,0.0224,True,False,0.0,2697,0.5,0.3394,0.3852,0.3394,0.3852,0.3394,0.3852
2404002,Frutuoso Gomes - RN,24,1.5,0.4609,0.499,0.4994,0.9121,0.0196,True,True,0.0,4094,0.47,0.4609,0.499,0.4609,0.499,0.4609,0.499
2404101,Galinhos - RN,24,1.5,0.3911,0.4315,0.4427,0.8074,0.0339,True,True,0.0,2104,0.57,0.3911,0.4315,0.3911,0.4315,0.3911,0.4315
2404200,Goianinha - RN,24,1.5,0.4826,0.5159,0.467,0.8246,0.0111,True,False,0.0,26740,0.55,0.5234,0.5541,0.4826,0.5159,0.4674,0.5017
2404309,Governador Dix-Sept Rosado - RN,24,1.5,0.3884,0.4284,0.4264,0.7742,0.0151,True,False,0.0,11937,0.49,0.3884,0.4284,0.3884,0.4284,0.3884,0.4284
2404408,Grossos - RN,24,1.5,0.3801,0.4194,0.4157,0.7062,0.0083,True,False,0.0,9896,0.49,0.3801,0.4194,0.3801,0.4194,0.3801,0.4194
2404507,Guamaré - RN,24,1.5,0.398,0.4347,0.4307,0.7609,0.0051,True,False,0.0,15246,0.51,0.398,0.4347,0.398,0.4347,0.398,0.4347
2404606,Ielmo Marinho - RN,24,1.5,0.4294,0.4728,0.4778,0.8129,0.0143,True,True,0.0,11609,0.51,0.4294,0.4728,0.4294,0.4728,0.4294,0.4728
2404705,Ipanguaçu - RN,24,1.5,0.4487,0.4838,0.4682,0.8045,0.0136,True,False,0.0,14087,0.48,0.4487,0.4838,0.4487,0.4838,0.4487,0.4838
2404804,Ipueira - RN,24,1.5,0.4057,0.4412,0.431,0.7926,0.0119,True,False,0.0,2036,0.4,0.4057,0.4412,0.4057,0.4412,0.4057,0.4412
2404853,Itajá - RN,24,1.5,0.401,0.441,0.4101,0.739,0.0131,True,False,0.0,7283,0.42,0.401,0.441,0.401,0.441,0.401,0.441
2404903,Itaú - RN,24,1.5,0.4132,0.4539,0.4437,0.82,0.0107,True,False,0.0,5320,0.48,0.4132,0.4539,0.4132,0.4539,0.4132,0.4539
2405009,Jaçanã - RN,24,1.5,0.393,0.4337,0.4319,0.7914,0.0114,True,False,0.0,7834,0.48,0.393,0.4337,0.393,0.4337,0.393,0.4337
2405108,Jandaíra - RN,24,1.5,0.4005,0.4391,0.4268,0.7475,0.0054,True,False,0.0,6562,0.53,0.4005,0.4391,0.4005,0.4391,0.4005,0.4391
2405207,Janduís - RN,24,1.5,0.3774,0.419,0.3995,0.7375,0.013,True,False,0.0,4709,0.47,0.3774,0.419,0.3774,0.419,0.3774,0.419
2405306,Januário Cicco - RN,24,1.5,0.4203,0.4601,0.4529,0.8139,0.008,True,False,0.0,9041,0.53,0.4203,0.4601,0.4203,0.4601,0.4203,0.4601
2405405,Japi - RN,24,1.5,0.422,0.4679,0.4633,0.8348,0.0151,True,False,0.0,5117,0.51,0.422,0.4679,0.422,0.4679,0.422,0.4679
2405504,Jardim de Angicos - RN,24,1.5,0.3568,0.4002,0.3879,0.7048,0.0102,True,False,0.0,2435,0.53,0.3568,0.4002,0.3568,0.4002,0.3568,0.4002
2405603,Jardim de Piranhas - RN,24,1.5,0.4058,0.444,0.4201,0.7497,0.0104,True,False,0.0,13978,0.42,0.4058,0.444,0.4058,0.444,0.4058,0.444
2405702,Jardim do Seridó - RN,24,1.5,0.4296,0.4637,0.4316,0.7798,0.0144,True,False,0.0,11617,0.5,0.4296,0.4637,0.4296,0.4637,0.4296,0.4637
2405801,João Câmara - RN,24,1.5,0.5051,0.5375,0.5473,0.9599,0.0046,True,True,0.0,33207,0.56,0.5051,0.5375,0.5051,0.5375,0.5051,0.5375
2405900,João Dias - RN,24,1.5,0.3813,0.4222,0.4157,0.7419,0.0107,True,False,0.0,2071,0.55,0.3813,0.4222,0.3813,0.4222,0.3813,0.4222
2406007,José da Penha - RN,24,1.5,0.4231,0.4589,0.4445,0.8218,0.0046,True,False,0.0,5790,0.47,0.4231,0.4589,0.4231,0.4589,0.4231,0.4589
2406106,Jucurutu - RN,24,1.5,0.4356,0.4713,0.4632,0.8195,0.0104,True,False,0.0,17739,0.46,0.4356,0.4713,0.4356,0.4713,0.4356,0.4713
2406155,Jundiá - RN,24,1.5,0.386,0.428,0.411,0.7405,0.0117,True,False,0.0,3735,0.44,0.386,0.428,0.386,0.428,0.386,0.428
2406205,Lagoa d'Anta - RN,24,1.5,0.4505,0.4894,0.4776,0.8878,0.0075,True,False,0.0,6635,0.54,0.4505,0.4894,0.4505,0.4894,0.4505,0.4894
2406304,Lagoa de Pedras - RN,24,1.5,0.4281,0.4796,0.4654,0.839,0.0091,True,False,0.0,7338,0.52,0.4281,0.4796,0.4281,0.4796,0.4281,0.4796
2406403,Lagoa de Velhos - RN,24,1.5,0.426,0.4634,0.4554,0.8301,0.0151,True,False,0.0,2552,0.42,0.426,0.4634,0.426,0.4634,0.426,0.4634
2406502,Lagoa Nova - RN,24,1.5,0.4362,0.4726,0.4595,0.8177,0.0094,True,False,0.0,15566,0.5,0.4362,0.4726,0.4362,0.4726,0.4362,0.4726
2406601,Lagoa Salgada - RN,24,1.5,0.3803,0.4221,0.414,0.7583,0.0064,True,False,0.0,8310,0.54,0.3803,0.4221,0.3803,0.4221,0.3803,0.4221
2406700,Lajes - RN,24,1.5,0.4165,0.4521,0.4289,0.7656,0.0145,True,False,0.0,9833,0.49,0.4165,0.4521,0.4165,0.4521,0.4165,0.4521
2406809,Lajes Pintadas - RN,24,1.5,0.4281,0.4655,0.4593,0.8143,0.0145,True,False,0.0,4787,0.45,0.4281,0.4655,0.4281,0.4655,0.4281,0.4655
2406908,Lucrécia - RN,24,1.5,0.4189,0.4576,0.4458,0.8149,0.0143,True,False,0.0,3489,0.62,0.4189,0.4576,0.4189,0.4576,0.4189,0.4576
2407005,Luís Gomes - RN,24,1.5,0.4838,0.521,0.5176,0.9625,0.0139,True,False,0.0,9067,0.55,0.4838,0.521,0.4838,0.521,0.4838,0.521
2407104,Macaíba - RN,24,1.5,0.4267,0.462,0.4534,0.7895,0.0074,True,False,0.0,82175,0.5,0.4267,0.462,0.4267,0.462,0.4267,0.462
2407203,Macau - RN,24,1.5,0.4312,0.4649,0.4681,0.8107,0.0094,True,True,0.0,27301,0.5,0.4312,0.4649,0.4312,0.4649,0.4312,0.4649
2407252,Major Sales - RN,24,1.5,0.4203,0.4578,0.4507,0.8143,0.0059,True,False,0.0,3925,0.51,0.4203,0.4578,0.4203,0.4578,0.4203,0.4578
2407302,Marcelino Vieira - RN,24,1.5,0.4366,0.4756,0.465,0.8337,0.0148,True,False,0.0,7889,0.52,0.4366,0.4756,0.4366,0.4756,0.4366,0.4756
2407401,Martins - RN,24,1.5,0.4082,0.4472,0.4366,0.7717,0.0248,True,False,0.0,8178,0.49,0.4082,0.4472,0.4082,0.4472,0.4082,0.4472
2407500,Maxaranguape - RN,24,1.5,0.4346,0.4711,0.4455,0.8131,0.0082,True,False,0.0,10220,0.52,0.4346,0.4711,0.4346,0.4711,0.4346,0.4711
2407609,Messias Targino - RN,24,1.5,0.4271,0.4618,0.4312,0.7996,0.0172,True,False,0.0,4270,0.44,0.4271,0.4618,0.4271,0.4618,0.4271,0.4618
2407708,Montanhas - RN,24,1.5,0.4055,0.4458,0.4319,0.7719,0.0089,True,False,0.0,11433,0.53,0.4055,0.4458,0.4055,0.4458,0.4055,0.4458
2407807,Monte Alegre - RN,24,1.5,0.427,0.4646,0.4572,0.8221,0.0088,True,False,0.0,23018,0.52,0.427,0.4646,0.427,0.4646,0.427,0.4646
2407906,Monte das Gameleiras - RN,24,1.5,0.4445,0.488,0.4738,0.8853,0.0174,True,False,0.0,2275,0.48,0.4445,0.488,0.4445,0.488,0.4445,0.488
2408003,Mossoró - RN,24,1.5,0.5109,0.5356,0.5033,0.9039,0.0137,True,False,0.0,263354,0.52,0.5255,0.5495,0.5109,0.5356,0.5059,0.5308
2408102,Natal - RN,24,1.5,0.616,0.6322,0.5902,1.0979,0.0142,True,False,0.0,747856,0.61,0.6559,0.6707,0.616,0.6322,0.6006,0.6173
2408201,Nísia Floresta - RN,24,1.5,0.4619,0.4944,0.4689,0.8198,0.0206,True,False,0.0,31721,0.53,0.4619,0.4944,0.4619,0.4944,0.4619,0.4944
2408300,Nova Cruz - RN,24,1.5,0.4902,0.5235,0.5171,0.9456,0.0097,True,False,0.0,34101,0.52,0.4902,0.5235,0.4902,0.5235,0.4902,0.5235
2408409,Olho d'Água do Borges - RN,24,1.5,0.4508,0.4873,0.472,0.8243,0.0149,True,False,0.0,3905,0.48,0.4508,0.4873,0.4508,0.4873,0.4508,0.4873
2408508,Ouro Branco - RN,24,1.5,0.4297,0.4647,0.4351,0.7956,0.0155,True,False,0.0,4905,0.43,0.4297,0.4647,0.4297,0.4647,0.4297,0.4647
2408607,Paraná - RN,24,1.5,0.4034,0.4431,0.4232,0.7782,0.0163,True,False,0.0,3936,0.49,0.4034,0.4431,0.4034,0.4431,0.4034,0.4431
2408706,Paraú - RN,24,1.5,0.4001,0.4379,0.4347,0.7789,0.0118,True,False,0.0,3574,0.46,0.4001,0.4379,0.4001,0.4379,0.4001,0.4379
2408805,Parazinho - RN,24,1.5,0.4108,0.4513,0.4421,0.8045,0.0074,True,False,0.0,4792,0.52,0.4108,0.4513,0.4108,0.4513,0.4108,0.4513
2408904,Parelhas - RN,24,1.5,0.461,0.4929,0.4321,0.7871,0.0155,True,False,0.0,21437,0.45,0.4898,0.5201,0.461,0.4929,0.4506,0.4832
2408953,Rio do Fogo - RN,24,1.5,0.4016,0.443,0.4243,0.7669,0.0102,True,False,0.0,10251,0.52,0.4016,0.443,0.4016,0.443,0.4016,0.443
2409100,Passa e Fica - RN,24,1.5,0.4379,0.4771,0.4639,0.8428,0.0139,True,False,0.0,10881,0.51,0.4379,0.4771,0.4379,0.4771,0.4379,0.4771
2409209,Passagem - RN,24,1.5,0.3489,0.393,0.3864,0.6885,0.0129,True,False,0.0,3116,0.41,0.3489,0.393,0.3489,0.393,0.3489,0.393
2409308,Patu - RN,24,1.5,0.4433,0.4785,0.473,0.8572,0.0113,True,False,0.0,10988,0.52,0.4433,0.4785,0.4433,0.4785,0.4433,0.4785
2409332,Santa Maria - RN,24,1.5,0.4043,0.4456,0.4455,0.7938,0.0255,True,False,0.0,4820,0.45,0.4043,0.4456,0.4043,0.4456,0.4043,0.4456
2409407,Pau dos Ferros - RN,24,1.5,0.4793,0.5061,0.4816,0.8777,0.0123,True,False,0.0,30226,0.54,0.4793,0.5061,0.4793,0.5061,0.4793,0.5061
2409506,Pedra Grande - RN,24,1.5,0.4798,0.512,0.4784,0.8675,0.0149,True,False,0.0,3563,0.48,0.4798,0.512,0.4798,0.512,0.4798,0.512
2409605,Pedra Preta - RN,24,1.5,0.4001,0.4397,0.4406,0.7933,0.0226,True,True,0.0,2442,0.56,0.4001,0.4397,0.4001,0.4397,0.4001,0.4397
2409704,Pedro Avelino - RN,24,1.5,0.4326,0.4708,0.4457,0.8223,0.0121,True,False,0.0,6228,0.52,0.4326,0.4708,0.4326,0.4708,0.4326,0.4708
2409803,Pedro Velho - RN,24,1.5,0.4524,0.4895,0.4751,0.8431,0.0114,True,False,0.0,13824,0.51,0.4524,0.4895,0.4524,0.4895,0.4524,0.4895
2409902,Pendências - RN,24,1.5,0.4096,0.4453,0.4381,0.7869,0.0024,True,False,0.0,12261,0.55,0.4096,0.4453,0.4096,0.4453,0.4096,0.4453
2410009,Pilões - RN,24,1.5,0.4165,0.4573,0.4496,0.8127,0.023,True,False,0.0,2965,0.47,0.4165,0.4573,0.4165,0.4573,0.4165,0.4573
2410108,Poço Branco - RN,24,1.5,0.4667,0.5058,0.4749,0.8477,0.0091,True,False,0.0,12329,0.56,0.4667,0.5058,0.4667,0.5058,0.4667,0.5058
2410207,Portalegre - RN,24,1.5,0.4458,0.4794,0.466,0.8458,0.0093,True,False,0.0,7598,0.52,0.4458,0.4794,0.4458,0.4794,0.4458,0.4794
2410256,Porto do Mangue - RN,24,1.5,0.3945,0.4366,0.4249,0.7775,0.0062,True,False,0.0,5213,0.55,0.3945,0.4366,0.3945,0.4366,0.3945,0.4366
2410306,Serra Caiada - RN,24,1.5,0.4684,0.5088,0.509,0.9038,0.0082,True,True,0.0,10111,0.56,0.4684,0.5088,0.4684,0.5088,0.4684,0.5088
2410405,Pureza - RN,24,1.5,0.4097,0.4545,0.4512,0.8068,0.0154,True,False,0.0,9363,0.53,0.4097,0.4545,0.4097,0.4545,0.4097,0.4545
2410504,Rafael Fernandes - RN,24,1.5,0.4391,0.4735,0.4603,0.8498,0.0147,True,False,0.0,5429,0.45,0.4391,0.4735,0.4391,0.4735,0.4391,0.4735
2410603,Rafael Godeiro - RN,24,1.5,0.4375,0.4775,0.4854,0.8471,0.03,True,True,0.0,2934,0.49,0.4375,0.4775,0.4375,0.4775,0.4375,0.4775
2410702,Riacho da Cruz - RN,24,1.5,0.4472,0.4856,0.4691,0.8622,0.0139,True,False,0.0,2701,0.47,0.4472,0.4856,0.4472,0.4856,0.4472,0.4856
2410801,Riacho de Santana - RN,24,1.5,0.4131,0.4552,0.4589,0.8353,0.0194,True,True,0.0,4130,0.5,0.4131,0.4552,0.4131,0.4552,0.4131,0.4552
2410900,Riachuelo - RN,24,1.5,0.4246,0.4617,0.4481,0.8205,0.0118,True,False,0.0,7360,0.54,0.4246,0.4617,0.4246,0.4617,0.4246,0.4617
2411007,Rodolfo Fernandes - RN,24,1.5,0.3901,0.4399,0.4291,0.7942,0.0125,True,False,0.0,4240,0.46,0.3901,0.4399,0.3901,0.4399,0.3901,0.4399
2411056,Tibau - RN,24,1.5,0.3604,0.4019,0.3838,0.6801,0.0115,True,False,0.0,5326,0.55,0.3604,0.4019,0.3604,0.4019,0.3604,0.4019
2411106,Ruy Barbosa - RN,24,1.5,0.3875,0.428,0.4332,0.7599,0.0094,True,True,0.0,3185,0.51,0.3875,0.428,0.3875,0.428,0.3875,0.428
2411205,Santa Cruz - RN,24,1.5,0.5166,0.5439,0.5373,0.9615,0.0092,True,False,0.0,37265,0.52,0.5166,0.5439,0.5166,0.5439,0.5166,0.5439
2411403,Santana do Matos - RN,24,1.5,0.4206,0.4617,0.4625,0.8201,0.0151,True,True,0.0,12430,0.55,0.4206,0.4617,0.4206,0.4617,0.4206,0.4617
2411429,Santana do Seridó - RN,24,1.5,0.3888,0.4289,0.3972,0.7278,0.0189,True,False,0.0,2693,0.41,0.3888,0.4289,0.3888,0.4289,0.3888,0.4289
2411502,Santo Antônio - RN,24,1.5,0.4389,0.4753,0.4639,0.804,0.0064,True,False,0.0,22164,0.57,0.4389,0.4753,0.4389,0.4753,0.4389,0.4753
2411601,São Bento do Norte - RN,24,1.5,0.3547,0.3967,0.3743,0.6821,0.0088,True,False,0.0,3294,0.54,0.3547,0.3967,0.3547,0.3967,0.3547,0.3967
2411700,São Bento do Trairí - RN,24,1.5,0.3907,0.4316,0.4382,0.776,0.0147,True,True,0.0,3792,0.49,0.3907,0.4316,0.3907,0.4316,0.3907,0.4316
2411809,São Fernando - RN,24,1.5,0.4517,0.4829,0.4517,0.8463,0.0151,True,False,0.0,3492,0.44,0.4731,0.5031,0.4517,0.4829,0.4442,0.4758
2411908,São Francisco do Oeste - RN,24,1.5,0.3567,0.3969,0.3863,0.7061,0.0045,True,False,0.0,4154,0.41,0.3567,0.3969,0.3567,0.3969,0.3567,0.3969
2412005,São Gonçalo do Amarante - RN,24,1.5,0.4053,0.4414,0.4312,0.7576,0.0043,True,False,0.0,115754,0.44,0.4132,0.4489,0.4053,0.4414,0.4026,0.4388
2412104,São João do Sabugi - RN,24,1.5,0.4654,0.4964,0.4733,0.8681,0.0123,True,False,0.0,5955,0.47,0.4654,0.4964,0.4654,0.4964,0.4654,0.4964
2412203,São José de Mipibu - RN,24,1.5,0.43,0.4656,0.4576,0.8173,0.0074,True,False,0.0,47168,0.55,0.43,0.4656,0.43,0.4656,0.43,0.4656
2412302,São José do Campestre - RN,24,1.5,0.4134,0.4517,0.4469,0.7955,0.0117,True,False,0.0,11119,0.5,0.4134,0.4517,0.4134,0.4517,0.4134,0.4517
2412401,São José do Seridó - RN,24,1.5,0.3581,0.4006,0.3831,0.6765,0.0249,True,False,0.0,4529,0.43,0.3581,0.4006,0.3581,0.4006,0.3581,0.4006
2412500,São Miguel - RN,24,1.5,0.442,0.4782,0.4912,0.839,0.014,True,True,0.0,23524,0.53,0.442,0.4782,0.442,0.4782,0.442,0.4782
2412559,São Miguel do Gostoso - RN,24,1.5,0.445,0.4793,0.4644,0.8426,0.0095,True,False,0.0,10200,0.51,0.445,0.4793,0.445,0.4793,0.445,0.4793
2412609,São Paulo do Potengi - RN,24,1.5,0.4662,0.4992,0.4704,0.8695,0.015,True,False,0.0,16771,0.48,0.4662,0.4992,0.4662,0.4992,0.4662,0.4992
2412708,São Pedro - RN,24,1.5,0.4434,0.4803,0.4604,0.8264,0.0083,True,False,0.0,5761,0.52,0.4434,0.4803,0.4434,0.4803,0.4434,0.4803
2412807,São Rafael - RN,24,1.5,0.3863,0.428,0.4121,0.7404,0.0154,True,False,0.0,7706,0.52,0.3863,0.428,0.3863,0.428,0.3863,0.428
2412906,São Tomé - RN,24,1.5,0.4281,0.466,0.4527,0.8281,0.0131,True,False,0.0,9935,0.49,0.4281,0.466,0.4281,0.466,0.4281,0.466
2413003,São Vicente - RN,24,1.5,0.4311,0.4669,0.4681,0.8175,0.0069,True,True,0.0,6306,0.52,0.4311,0.4669,0.4311,0.4669,0.4311,0.4669
2413102,Senador Elói de Souza - RN,24,1.5,0.4043,0.4461,0.4358,0.8012,0.0113,True,False,0.0,5962,0.5,0.4043,0.4461,0.4043,0.4461,0.4043,0.4461
2413201,Senador Georgino Avelino - RN,24,1.5,0.3647,0.4074,0.3954,0.7103,0.0035,True,False,0.0,4061,0.43,0.3647,0.4074,0.3647,0.4074,0.3647,0.4074
2413300,Serra de São Bento - RN,24,1.5,0.4068,0.4499,0.4366,0.7961,0.0142,True,False,0.0,5674,0.53,0.4068,0.4499,0.4068,0.4499,0.4068,0.4499
2413359,Serra do Mel - RN,24,1.5,0.3779,0.4189,0.4188,0.7565,0.0089,True,False,0.0,13059,0.5,0.3779,0.4189,0.3779,0.4189,0.3779,0.4189
2413409,Serra Negra do Norte - RN,24,1.5,0.3972,0.4366,0.4039,0.7216,0.0178,True,False,0.0,7587,0.42,0.3972,0.4366,0.3972,0.4366,0.3972,0.4366
2413508,Serrinha - RN,24,1.5,0.3853,0.4287,0.4243,0.754,0.016,True,False,0.0,6405,0.52,0.3853,0.4287,0.3853,0.4287,0.3853,0.4287
2413557,Serrinha dos Pintos - RN,24,1.5,0.4072,0.4473,0.4371,0.8038,0.0239,True,False,0.0,4653,0.5,0.4072,0.4473,0.4072,0.4473,0.4072,0.4473
2413607,Severiano Melo - RN,24,1.5,0.3829,0.4234,0.4045,0.7428,0.016,True,False,0.0,5476,0.52,0.3829,0.4234,0.3829,0.4234,0.3829,0.4234
2413706,Sítio Novo - RN,24,1.5,0.4378,0.4787,0.48,0.8621,0.0081,True,True,0.0,4651,0.46,0.4378,0.4787,0.4378,0.4787,0.4378,0.4787
2413805,Taboleiro Grande - RN,24,1.5,0.455,0.4895,0.4623,0.777,0.0261,True,False,0.0,2338,0.48,0.455,0.4895,0.455,0.4895,0.455,0.4895
2413904,Taipu - RN,24,1.5,0.3896,0.4317,0.4148,0.7446,0.0057,True,False,0.0,11406,0.45,0.3896,0.4317,0.3896,0.4317,0.3896,0.4317
2414001,Tangará - RN,24,1.5,0.4522,0.4899,0.4735,0.8616,0.0076,True,False,0.0,13237,0.52,0.4522,0.4899,0.4522,0.4899,0.4522,0.4899
2414100,Tenente Ananias - RN,24,1.5,0.4586,0.4973,0.4929,0.8602,0.0089,True,False,0.0,10243,0.46,0.4586,0.4973,0.4586,0.4973,0.4586,0.4973
2414159,Tenente Laurentino Cruz - RN,24,1.5,0.4323,0.4692,0.4519,0.8249,0.0116,True,False,0.0,5892,0.47,0.4323,0.4692,0.4323,0.4692,0.4323,0.4692
2414209,Tibau do Sul - RN,24,1.5,0.5182,0.5424,0.5016,0.9269,0.012,True,False,0.0,16909,0.6,0.5367,0.56,0.5182,0.5424,0.5117,0.5363
2414308,Timbaúba dos Batistas - RN,24,1.5,0.3631,0.4046,0.3938,0.7111,0.0206,True,False,0.0,2340,0.36,0.3631,0.4046,0.3631,0.4046,0.3631,0.4046
2414407,Touros - RN,24,1.5,0.4324,0.4708,0.4599,0.8116,0.0074,True,False,0.0,33017,0.52,0.4324,0.4708,0.4324,0.4708,0.4324,0.4708
2414456,Triunfo Potiguar - RN,24,1.5,0.3829,0.4237,0.4101,0.7507,0.0078,True,False,0.0,3348,0.48,0.3829,0.4237,0.3829,0.4237,0.3829,0.4237
2414506,Umarizal - RN,24,1.5,0.463,0.4981,0.5015,0.9176,0.0244,True,True,0.0,10063,0.51,0.463,0.4981,0.463,0.4981,0.463,0.4981
2414605,Upanema - RN,24,1.5,0.4233,0.4598,0.4539,0.8116,0.0141,True,False,0.0,13578,0.54,0.4233,0.4598,0.4233,0.4598,0.4233,0.4598
2414704,Várzea - RN,24,1.5,0.403,0.4428,0.4326,0.7855,0.0071,True,False,0.0,5224,0.48,0.403,0.4428,0.403,0.4428,0.403,0.4428
2414753,Venha-Ver - RN,24,1.5,0.4005,0.4498,0.4475,0.8213,0.0184,True,False,0.0,3012,0.5,0.4005,0.4498,0.4005,0.4498,0.4005,0.4498
2414803,Vera Cruz - RN,24,1.5,0.443,0.4822,0.4644,0.8329,0.0108,True,False,0.0,10708,0.42,0.443,0.4822,0.443,0.4822,0.443,0.4822
2414902,Viçosa - RN,24,1.5,0.3481,0.3917,0.3849,0.6974,0.0124,True,False,0.0,1822,0.47,0.3481,0.3917,0.3481,0.3917,0.3481,0.3917
2415008,Vila Flor - RN,24,1.5,0.3521,0.3944,0.3748,0.6798,0.0063,True,False,0.0,3167,0.46,0.3521,0.3944,0.3521,0.3944,0.3521,0.3944
2500106,Água Branca - PB,25,1.5,0.4898,0.5253,0.5022,0.9363,0.0133,True,False,0.0,9334,0.54,0.5144,0.5482,0.4898,0.5253,0.481,0.5171
2500205,Aguiar - PB,25,1.5,0.4249,0.4672,0.4603,0.8567,0.0267,True,False,0.0,5004,0.65,0.4249,0.4672,0.4249,0.4672,0.4249,0.4672
2500304,Alagoa Grande - PB,25,1.5,0.4221,0.4611,0.4513,0.7674,0.0096,True,False,0.0,26019,0.53,0.4221,0.4611,0.4221,0.4611,0.4221,0.4611
2500403,Alagoa Nova - PB,25,1.5,0.4128,0.4521,0.4583,0.7996,0.0155,True,True,0.0,20973,0.54,0.4128,0.4521,0.4128,0.4521,0.4128,0.4521
2500502,Alagoinha - PB,25,1.5,0.4142,0.4546,0.4401,0.7983,0.0097,True,False,0.0,13692,0.52,0.4142,0.4546,0.4142,0.4546,0.4142,0.4546
2500536,Alcantil - PB,25,1.5,0.3608,0.405,0.4003,0.7383,0.022,True,False,0.0,5572,0.48,0.3608,0.405,0.3608,0.405,0.3608,0.405
2500577,Algodão de Jandaíra - PB,25,1.5,0.3919,0.4453,0.4305,0.8044,0.0161,True,False,0.0,2949,0.47,0.3919,0.4453,0.3919,0.4453,0.3919,0.4453
2500601,Alhandra - PB,25,1.5,0.3798,0.421,0.4032,0.7214,0.0087,True,False,0.0,21618,0.45,0.3798,0.421,0.3798,0.421,0.3798,0.421
2500700,São João do Rio do Peixe - PB,25,1.5,0.4254,0.4618,0.4421,0.807,0.0096,True,False,0.0,17956,0.53,0.4394,0.475,0.4254,0.4618,0.4205,0.4573
2500734,Amparo - PB,25,1.5,0.3861,0.43,0.426,0.755,0.0134,True,False,0.0,2234,0.5,0.3861,0.43,0.3861,0.43,0.3861,0.43
2500775,Aparecida - PB,25,1.5,0.3764,0.4197,0.41,0.7544,0.0185,True,False,0.0,7959,0.51,0.3764,0.4197,0.3764,0.4197,0.3764,0.4197
2500809,Araçagi - PB,25,1.5,0.3857,0.432,0.4326,0.7851,0.024,True,True,0.0,16637,0.53,0.3857,0.432,0.3857,0.432,0.3857,0.432
2500908,Arara - PB,25,1.5,0.3999,0.4408,0.4351,0.7869,0.0204,True,False,0.0,12198,0.54,0.3999,0.4408,0.3999,0.4408,0.3999,0.4408
2501005,Araruna - PB,25,1.5,0.4235,0.4653,0.4628,0.8232,0.0124,True,False,0.0,17163,0.52,0.4235,0.4653,0.4235,0.4653,0.4235,0.4653
2501104,Areia - PB,25,1.5,0.4558,0.4913,0.4289,0.7681,0.0096,True,False,0.0,22570,0.55,0.4876,0.5211,0.4558,0.4913,0.4443,0.4805
2501153,Areia de Baraúnas - PB,25,1.5,0.3976,0.4462,0.4412,0.8042,0.0246,True,False,0.0,2005,0.46,0.3976,0.4462,0.3976,0.4462,0.3976,0.4462
2501203,Areial - PB,25,1.5,0.4527,0.4899,0.4772,0.8601,0.0097,True,False,0.0,7122,0.49,0.4527,0.4899,0.4527,0.4899,0.4527,0.4899
2501302,Aroeiras - PB,25,1.5,0.4282,0.4741,0.4657,0.8524,0.0166,True,False,0.0,18657,0.58,0.4282,0.4741,0.4282,0.4741,0.4282,0.4741
2501351,Assunção - PB,25,1.5,0.4176,0.4589,0.4208,0.7779,0.0113,True,False,0.0,4149,0.54,0.4465,0.4858,0.4176,0.4589,0.4072,0.4493
2501401,Baía da Traição - PB,25,1.5,0.45,0.4894,0.4586,0.8082,0.0178,True,False,0.0,9207,0.58,0.45,0.4894,0.45,0.4894,0.45,0.4894
2501500,Bananeiras - PB,25,1.5,0.5079,0.541,0.4997,0.9117,0.0209,True,False,0.0,23037,0.59,0.5079,0.541,0.5079,0.541,0.5079,0.541
2501534,Baraúna - PB,25,1.5,0.4261,0.4678,0.4576,0.8339,0.0127,True,False,0.0,4757,0.51,0.4261,0.4678,0.4261,0.4678,0.4261,0.4678
2501575,Barra de Santana - PB,25,1.5,0.4537,0.4981,0.497,0.8725,0.0123,True,False,0.0,8052,0.5,0.4537,0.4981,0.4537,0.4981,0.4537,0.4981
2501609,Barra de Santa Rosa - PB,25,1.5,0.4228,0.4643,0.459,0.7966,0.014,True,False,0.0,12901,0.52,0.4228,0.4643,0.4228,0.4643,0.4228,0.4643
2501708,Barra de São Miguel - PB,25,1.5,0.3507,0.3959,0.3928,0.7183,0.0167,True,False,0.0,5905,0.45,0.3507,0.3959,0.3507,0.3959,0.3507,0.3959
2501807,Bayeux - PB,25,1.5,0.395,0.4335,0.4215,0.7382,0.0078,True,False,0.0,82668,0.46,0.395,0.4335,0.395,0.4335,0.395,0.4335
2501906,Belém - PB,25,1.5,0.4522,0.4884,0.4605,0.8313,0.0115,True,False,0.0,16316,0.49,0.4522,0.4884,0.4522,0.4884,0.4522,0.4884
2502003,Belém do Brejo do Cruz - PB,25,1.5,0.3587,0.4019,0.3818,0.6861,0.0091,True,False,0.0,6268,0.46,0.3587,0.4019,0.3587,0.4019,0.3587,0.4019
2502052,Bernardino Batista - PB,25,1.5,0.444,0.4799,0.4584,0.8493,0.0142,True,False,0.0,3503,0.55,0.444,0.4799,0.444,0.4799,0.444,0.4799
2502102,Boa Ventura - PB,25,1.5,0.4205,0.4616,0.4617,0.8103,0.0187,True,True,0.0,5203,0.46,0.4205,0.4616,0.4205,0.4616,0.4205,0.4616
2502151,Boa Vista - PB,25,1.5,0.3764,0.417,0.3901,0.6889,0.0136,True,False,0.0,6364,0.42,0.3764,0.417,0.3764,0.417,0.3764,0.417
2502201,Bom Jesus - PB,25,1.5,0.3326,0.3786,0.3683,0.6568,0.0119,True,False,0.0,2286,0.5,0.3326,0.3786,0.3326,0.3786,0.3326,0.3786
2502300,Bom Sucesso - PB,25,1.5,0.3531,0.3994,0.3994,0.7263,0.0293,True,True,0.0,4660,0.45,0.3531,0.3994,0.3531,0.3994,0.3531,0.3994
2502409,Bonito de Santa Fé - PB,25,1.5,0.4719,0.5114,0.5162,0.9303,0.0088,True,True,0.0,10252,0.52,0.4719,0.5114,0.4719,0.5114,0.4719,0.5114
2502508,Boqueirão - PB,25,1.5,0.4159,0.4541,0.4354,0.7942,0.0089,True,False,0.0,17534,0.46,0.4159,0.4541,0.4159,0.4541,0.4159,0.4541
2502607,Igaracy - PB,25,1.5,0.3799,0.4216,0.4204,0.7528,0.0094,True,False,0.0,5633,0.52,0.3799,0.4216,0.3799,0.4216,0.3799,0.4216
2502706,Borborema - PB,25,1.5,0.4977,0.5343,0.544,0.9315,0.0166,True,True,0.0,4198,0.5,0.4977,0.5343,0.4977,0.5343,0.4977,0.5343
2502805,Brejo do Cruz - PB,25,1.5,0.3983,0.4385,0.428,0.7497,0.0104,True,False,0.0,13613,0.47,0.3983,0.4385,0.3983,0.4385,0.3983,0.4385
2502904,Brejo dos Santos - PB,25,1.5,0.4357,0.4728,0.4461,0.8141,0.0237,True,False,0.0,5742,0.46,0.4357,0.4728,0.4357,0.4728,0.4357,0.4728
2503001,Caaporã - PB,25,1.5,0.3815,0.4235,0.4362,0.6913,0.0101,True,True,0.0,21194,0.47,0.3815,0.4235,0.3815,0.4235,0.3815,0.4235
2503100,Cabaceiras - PB,25,1.5,0.408,0.4479,0.4247,0.7716,0.0161,True,False,0.0,5328,0.46,0.408,0.4479,0.408,0.4479,0.408,0.4479
2503209,Cabedelo - PB,25,1.5,0.6185,0.6353,0.5748,1.0797,0.0167,True,False,0.0,66162,0.7,0.6634,0.6785,0.6185,0.6353,0.6007,0.6181
2503308,Cachoeira dos Índios - PB,25,1.5,0.3785,0.4242,0.4213,0.7518,0.0224,True,False,0.0,9152,0.5,0.3785,0.4242,0.3785,0.4242,0.3785,0.4242
2503407,Cacimba de Areia - PB,25,1.5,0.4272,0.469,0.4637,0.8383,0.0174,True,False,0.0,3284,0.49,0.4272,0.469,0.4272,0.469,0.4272,0.469
2503506,Cacimba de Dentro - PB,25,1.5,0.4761,0.5149,0.5031,0.9162,0.0108,True,False,0.0,16059,0.53,0.4761,0.5149,0.4761,0.5149,0.4761,0.5149
2503555,Cacimbas - PB,25,1.5,0.4376,0.4912,0.4859,0.9142,0.0159,True,False,0.0,7222,0.53,0.4376,0.4912,0.4376,0.4912,0.4376,0.4912
2503605,Caiçara - PB,25,1.5,0.3957,0.4387,0.4432,0.739,0.002,True,True,0.0,6601,0.51,0.3957,0.4387,0.3957,0.4387,0.3957,0.4387
2503704,Cajazeiras - PB,25,1.5,0.4901,0.5189,0.4711,0.8502,0.015,True,False,0.0,62763,0.56,0.5157,0.5431,0.4901,0.5189,0.4809,0.5102
2503753,Cajazeirinhas - PB,25,1.5,0.3418,0.3876,0.3792,0.6784,0.0046,True,False,0.0,2727,0.5,0.3418,0.3876,0.3418,0.3876,0.3418,0.3876
2503803,Caldas Brandão - PB,25,1.5,0.3534,0.3986,0.3897,0.67,0.0079,True,False,0.0,5752,0.47,0.3534,0.3986,0.3534,0.3986,0.3534,0.3986
2503902,Camalaú - PB,25,1.5,0.4003,0.4427,0.4396,0.7635,0.0101,True,False,0.0,6043,0.46,0.4003,0.4427,0.4003,0.4427,0.4003,0.4427
2504009,Campina Grande - PB,25,1.5,0.5512,0.5733,0.5374,0.9609,0.0122,True,False,0.0,416829,0.58,0.5778,0.5986,0.5512,0.5733,0.5415,0.5641
2504033,Capim - PB,25,1.5,0.3635,0.4083,0.3925,0.71,0.0025,True,False,0.0,6970,0.48,0.3635,0.4083,0.3635,0.4083,0.3635,0.4083
2504074,Caraúbas - PB,25,1.5,0.3269,0.3729,0.3676,0.6617,0.0148,True,False,0.0,3944,0.45,0.3269,0.3729,0.3269,0.3729,0.3269,0.3729
2504108,Carrapateira - PB,25,1.5,0.3859,0.4283,0.4371,0.7818,0.0199,True,True,0.0,2313,0.47,0.3859,0.4283,0.3859,0.4283,0.3859,0.4283
2504157,Casserengue - PB,25,1.5,0.3901,0.4384,0.4428,0.7744,0.0157,True,True,0.0,6889,0.57,0.3901,0.4384,0.3901,0.4384,0.3901,0.4384
2504207,Catingueira - PB,25,1.5,0.4151,0.4606,0.4551,0.819,0.0249,True,False,0.0,4492,0.52,0.4151,0.4606,0.4151,0.4606,0.4151,0.4606
2504306,Catolé do Rocha - PB,25,1.5,0.4304,0.4665,0.4278,0.7657,0.0159,True,False,0.0,30458,0.5,0.4425,0.4778,0.4304,0.4665,0.4263,0.4626
2504355,Caturité - PB,25,1.5,0.435,0.4774,0.4723,0.8737,0.018,True,False,0.0,5253,0.56,0.435,0.4774,0.435,0.4774,0.435,0.4774
2504405,Conceição - PB,25,1.5,0.4741,0.5109,0.4944,0.9014,0.0122,True,False,0.0,18234,0.56,0.4741,0.5109,0.4741,0.5109,0.4741,0.5109
2504504,Condado - PB,25,1.5,0.4245,0.4636,0.453,0.8184,0.0163,True,False,0.0,6437,0.48,0.4245,0.4636,0.4245,0.4636,0.4245,0.4636
2504603,Conde - PB,25,1.5,0.4652,0.4979,0.4659,0.8484,0.014,True,False,0.0,27400,0.52,0.4652,0.4979,0.4652,0.4979,0.4652,0.4979
2504702,Congo - PB,25,1.5,0.3692,0.4134,0.3989,0.729,0.0167,True,False,0.0,4934,0.49,0.3692,0.4134,0.3692,0.4134,0.3692,0.4134
2504801,Coremas - PB,25,1.5,0.4341,0.4714,0.4475,0.8083,0.0105,True,False,0.0,14609,0.51,0.4341,0.4714,0.4341,0.4714,0.4341,0.4714
2504850,Coxixola - PB,25,1.5,0.427,0.4645,0.442,0.7972,0.0252,True,False,0.0,1823,0.48,0.427,0.4645,0.427,0.4645,0.427,0.4645
2504900,Cruz do Espírito Santo - PB,25,1.5,0.3325,0.3793,0.376,0.6597,0.0144,True,False,0.0,17090,0.43,0.3325,0.3793,0.3325,0.3793,0.3325,0.3793
2505006,Cubati - PB,25,1.5,0.3959,0.4374,0.4378,0.7805,0.0128,True,True,0.0,7539,0.48,0.3959,0.4374,0.3959,0.4374,0.3959,0.4374
2505105,Cuité - PB,25,1.5,0.4599,0.494,0.4849,0.8838,0.0134,True,False,0.0,19625,0.51,0.4599,0.494,0.4599,0.494,0.4599,0.494
2505204,Cuitegi - PB,25,1.5,0.3744,0.4178,0.4143,0.7277,0.0042,True,False,0.0,6729,0.49,0.3744,0.4178,0.3744,0.4178,0.3744,0.4178
2505238,Cuité de Mamanguape - PB,25,1.5,0.364,0.4082,0.3954,0.689,0.0046,True,False,0.0,6238,0.48,0.364,0.4082,0.364,0.4082,0.364,0.4082
2505279,Curral de Cima - PB,25,1.5,0.3727,0.4176,0.4032,0.7304,0.0069,True,False,0.0,5252,0.52,0.3727,0.4176,0.3727,0.4176,0.3727,0.4176
2505303,Curral Velho - PB,25,1.5,0.3478,0.3914,0.3951,0.6946,0.0149,True,True,0.0,2287,0.59,0.3478,0.3914,0.3478,0.3914,0.3478,0.3914
2505352,Damião - PB,25,1.5,0.4115,0.4647,0.458,0.8313,0.0221,True,False,0.0,4983,0.49,0.4115,0.4647,0.4115,0.4647,0.4115,0.4647
2505402,Desterro - PB,25,1.5,0.3943,0.436,0.4303,0.7769,0.0109,True,False,0.0,8067,0.54,0.3943,0.436,0.3943,0.436,0.3943,0.436
2505501,Vista Serrana - PB,25,1.5,0.4068,0.4503,0.4532,0.8,0.0187,True,True,0.0,3643,0.47,0.4068,0.4503,0.4068,0.4503,0.4068,0.4503
2505600,Diamante - PB,25,1.5,0.4516,0.4903,0.4746,0.8729,0.0086,True,False,0.0,6297,0.55,0.4516,0.4903,0.4516,0.4903,0.4516,0.4903
2505709,Dona Inês - PB,25,1.5,0.472,0.5136,0.5087,0.9282,0.0116,True,False,0.0,10340,0.54,0.472,0.5136,0.472,0.5136,0.472,0.5136
2505808,Duas Estradas - PB,25,1.5,0.406,0.4472,0.4377,0.8144,0.0082,True,False,0.0,3314,0.51,0.406,0.4472,0.406,0.4472,0.406,0.4472
2505907,Emas - PB,25,1.5,0.3682,0.4118,0.4179,0.7524,0.0293,True,True,0.0,2992,0.46,0.3682,0.4118,0.3682,0.4118,0.3682,0.4118
2506004,Esperança - PB,25,1.5,0.4496,0.4847,0.4619,0.8419,0.0092,True,False,0.0,31144,0.54,0.4496,0.4847,0.4496,0.4847,0.4496,0.4847
2506103,Fagundes - PB,25,1.5,0.441,0.4818,0.4818,0.844,0.0113,True,False,0.0,11049,0.52,0.441,0.4818,0.441,0.4818,0.441,0.4818
2506202,Frei Martinho - PB,25,1.5,0.3381,0.3846,0.3826,0.687,0.0317,True,False,0.0,2835,0.57,0.3381,0.3846,0.3381,0.3846,0.3381,0.3846
2506251,Gado Bravo - PB,25,1.5,0.3968,0.4472,0.4613,0.8047,0.0333,True,True,0.0,8179,0.56,0.3968,0.4472,0.3968,0.4472,0.3968,0.4472
2506301,Guarabira - PB,25,1.5,0.4846,0.5142,0.4845,0.8753,0.0092,True,False,0.0,57046,0.53,0.4992,0.5279,0.4846,0.5142,0.4795,0.5094
2506400,Gurinhém - PB,25,1.5,0.3756,0.4183,0.4105,0.7237,0.0086,True,False,0.0,13765,0.45,0.3756,0.4183,0.3756,0.4183,0.3756,0.4183
2506509,Gurjão - PB,25,1.5,0.3661,0.41,0.4079,0.732,0.0277,True,False,0.0,3242,0.45,0.3661,0.41,0.3661,0.41,0.3661,0.41
2506608,Ibiara - PB,25,1.5,0.45,0.488,0.4986,0.8868,0.0148,True,True,0.0,5624,0.53,0.45,0.488,0.45,0.488,0.45,0.488
2506707,Imaculada - PB,25,1.5,0.4121,0.4588,0.4671,0.8424,0.022,True,True,0.0,10392,0.52,0.4121,0.4588,0.4121,0.4588,0.4121,0.4588
2506806,Ingá - PB,25,1.5,0.3809,0.4215,0.4038,0.7325,0.0111,True,False,0.0,17627,0.49,0.3809,0.4215,0.3809,0.4215,0.3809,0.4215
2506905,Itabaiana - PB,25,1.5,0.417,0.4535,0.4517,0.814,0.0131,True,False,0.0,23082,0.5,0.417,0.4535,0.417,0.4535,0.417,0.4535
2507002,Itaporanga - PB,25,1.5,0.426,0.4621,0.4445,0.7882,0.0138,True,False,0.0,23845,0.5,0.438,0.4734,0.426,0.4621,0.4219,0.4582
2507101,Itapororoca - PB,25,1.5,0.4052,0.4469,0.4359,0.7816,0.0041,True,False,0.0,18375,0.48,0.4052,0.4469,0.4052,0.4469,0.4052,0.4469
2507200,Itatuba - PB,25,1.5,0.4504,0.4904,0.417,0.7359,0.0098,True,False,0.0,10478,0.49,0.5102,0.5459,0.4504,0.4904,0.4271,0.4688
2507309,Jacaraú - PB,25,1.5,0.4331,0.4704,0.4594,0.8211,0.0055,True,False,0.0,14452,0.54,0.4331,0.4704,0.4331,0.4704,0.4331,0.4704
2507408,Jericó - PB,25,1.5,0.3807,0.4216,0.4177,0.7568,0.0165,True,False,0.0,7512,0.51,0.3807,0.4216,0.3807,0.4216,0.3807,0.4216
2507507,João Pessoa - PB,25,1.5,0.5741,0.5921,0.566,1.039,0.0123,True,False,0.0,827822,0.62,0.599,0.616,0.5741,0.5921,0.5651,0.5834
2507606,Juarez Távora - PB,25,1.5,0.374,0.4169,0.411,0.753,0.0216,True,False,0.0,7791,0.48,0.374,0.4169,0.374,0.4169,0.374,0.4169
2507705,Juazeirinho - PB,25,1.5,0.4675,0.5075,0.4945,0.8967,0.0068,True,False,0.0,16998,0.51,0.4675,0.5075,0.4675,0.5075,0.4675,0.5075
2507804,Junco do Seridó - PB,25,1.5,0.3681,0.4107,0.3836,0.6877,0.0101,True,False,0.0,6770,0.47,0.3681,0.4107,0.3681,0.4107,0.3681,0.4107
2507903,Juripiranga - PB,25,1.5,0.3887,0.4311,0.4241,0.744,0.0081,True,False,0.0,10013,0.53,0.3887,0.4311,0.3887,0.4311,0.3887,0.4311
2508000,Juru - PB,25,1.5,0.4203,0.4657,0.4637,0.8537,0.0154,True,False,0.0,9234,0.51,0.4203,0.4657,0.4203,0.4657,0.4203,0.4657
2508109,Lagoa - PB,25,1.5,0.3926,0.4332,0.4333,0.7749,0.0099,True,True,0.0,4366,0.45,0.3926,0.4332,0.3926,0.4332,0.3926,0.4332
2508208,Lagoa de Dentro - PB,25,1.5,0.41,0.4498,0.4509,0.8253,0.0145,True,True,0.0,7806,0.52,0.41,0.4498,0.41,0.4498,0.41,0.4498
2508307,Lagoa Seca - PB,25,1.5,0.4961,0.5276,0.4992,0.9038,0.0166,True,False,0.0,27623,0.54,0.4961,0.5276,0.4961,0.5276,0.4961,0.5276
2508406,Lastro - PB,25,1.5,0.331,0.3829,0.3851,0.6716,0.0286,True,True,0.0,3160,0.44,0.331,0.3829,0.331,0.3829,0.331,0.3829
2508505,Livramento - PB,25,1.5,0.3923,0.4404,0.4393,0.801,0.0257,True,False,0.0,6876,0.5,0.3923,0.4404,0.3923,0.4404,0.3923,0.4404
2508554,Logradouro - PB,25,1.5,0.4406,0.4794,0.4806,0.8288,0.0139,True,True,0.0,4796,0.42,0.4406,0.4794,0.4406,0.4794,0.4406,0.4794
2508604,Lucena - PB,25,1.5,0.4331,0.4703,0.4521,0.7814,0.0076,True,False,0.0,12553,0.55,0.4546,0.4904,0.4331,0.4703,0.4255,0.4632
2508703,Mãe d'Água - PB,25,1.5,0.4492,0.4866,0.4758,0.8717,0.0095,True,False,0.0,3582,0.5,0.4492,0.4866,0.4492,0.4866,0.4492,0.4866
2508802,Malta - PB,25,1.5,0.364,0.4056,0.3922,0.7139,0.0116,True,False,0.0,5999,0.58,0.364,0.4056,0.364,0.4056,0.364,0.4056
2508901,Mamanguape - PB,25,1.5,0.4059,0.4439,0.4345,0.7687,0.0068,True,False,0.0,44509,0.52,0.4059,0.4439,0.4059,0.4439,0.4059,0.4439
2509008,Manaíra - PB,25,1.5,0.4793,0.526,0.5169,0.9598,0.0172,True,False,0.0,10427,0.53,0.4793,0.526,0.4793,0.526,0.4793,0.526
2509057,Marcação - PB,25,1.5,0.3459,0.3956,0.3871,0.6725,0.0068,True,False,0.0,8999,0.51,0.3459,0.3956,0.3459,0.3956,0.3459,0.3956
2509107,Mari - PB,25,1.5,0.3975,0.4401,0.4419,0.7684,0.02,True,True,0.0,21355,0.46,0.3975,0.4401,0.3975,0.4401,0.3975,0.4401
2509156,Marizópolis - PB,25,1.5,0.4284,0.4672,0.4632,0.7731,0.013,True,False,0.0,6701,0.51,0.4284,0.4672,0.4284,0.4672,0.4284,0.4672
2509206,Massaranduba - PB,25,1.5,0.3899,0.4301,0.4118,0.7116,0.0125,True,False,0.0,14139,0.46,0.3899,0.4301,0.3899,0.4301,0.3899,0.4301
2509305,Mataraca - PB,25,1.5,0.4878,0.5215,0.4529,0.8036,0.0082,True,False,0.0,8225,0.48,0.5445,0.5747,0.4878,0.5215,0.4656,0.5008
2509339,Matinhas - PB,25,1.5,0.4266,0.4764,0.4758,0.872,0.0134,True,False,0.0,4571,0.44,0.4266,0.4764,0.4266,0.4764,0.4266,0.4764
2509370,Mato Grosso - PB,25,1.5,0.3376,0.3825,0.3707,0.6747,0.0149,True,False,0.0,2544,0.45,0.3376,0.3825,0.3376,0.3825,0.3376,0.3825
2509396,Maturéia - PB,25,1.5,0.4299,0.474,0.4723,0.8643,0.0183,True,False,0.0,6421,0.51,0.4299,0.474,0.4299,0.474,0.4299,0.474
2509404,Mogeiro - PB,25,1.5,0.3899,0.4333,0.4235,0.7621,0.0172,True,False,0.0,13890,0.5,0.3899,0.4333,0.3899,0.4333,0.3899,0.4333
2509503,Montadas - PB,25,1.5,0.3971,0.4382,0.4321,0.7867,0.0114,True,False,0.0,5811,0.47,0.3971,0.4382,0.3971,0.4382,0.3971,0.4382
2509602,Monte Horebe - PB,25,1.5,0.4237,0.4743,0.4726,0.8696,0.0233,True,False,0.0,4315,0.54,0.4237,0.4743,0.4237,0.4743,0.4237,0.4743
2509701,Monteiro - PB,25,1.5,0.4525,0.4863,0.4766,0.8473,0.0089,True,False,0.0,32127,0.57,0.4525,0.4863,0.4525,0.4863,0.4525,0.4863
2509800,Mulungu - PB,25,1.5,0.3557,0.4006,0.3945,0.7222,0.0149,True,False,0.0,8782,0.49,0.3557,0.4006,0.3557,0.4006,0.3557,0.4006
2509909,Natuba - PB,25,1.5,0.4433,0.4897,0.4763,0.8346,0.0143,True,False,0.0,8940,0.54,0.4433,0.4897,0.4433,0.4897,0.4433,0.4897
2510006,Nazarezinho - PB,25,1.5,0.474,0.514,0.5057,0.9273,0.0174,True,False,0.0,7198,0.52,0.474,0.514,0.474,0.514,0.474,0.514
2510105,Nova Floresta - PB,25,1.5,0.4268,0.4656,0.4562,0.8474,0.0149,True,False,0.0,9719,0.51,0.4268,0.4656,0.4268,0.4656,0.4268,0.4656
2510204,Nova Olinda - PB,25,1.5,0.4034,0.4461,0.4443,0.787,0.0122,True,False,0.0,5787,0.52,0.4034,0.4461,0.4034,0.4461,0.4034,0.4461
2510303,Nova Palmeira - PB,25,1.5,0.4213,0.4586,0.4406,0.8049,0.0156,True,False,0.0,4258,0.45,0.4213,0.4586,0.4213,0.4586,0.4213,0.4586
2510402,Olho d'Água - PB,25,1.5,0.443,0.5048,0.5033,0.916,0.0179,True,False,0.0,6059,0.55,0.443,0.5048,0.443,0.5048,0.443,0.5048
2510501,Olivedos - PB,25,1.5,0.4115,0.4526,0.4503,0.8151,0.0161,True,False,0.0,3578,0.49,0.4115,0.4526,0.4115,0.4526,0.4115,0.4526
2510600,Ouro Velho - PB,25,1.5,0.3634,0.4058,0.4032,0.7099,0.0137,True,False,0.0,2917,0.47,0.3634,0.4058,0.3634,0.4058,0.3634,0.4058
2510659,Parari - PB,25,1.5,0.3992,0.4398,0.4376,0.7972,0.0236,True,False,0.0,1721,0.49,0.3992,0.4398,0.3992,0.4398,0.3992,0.4398
2510709,Passagem - PB,25,1.5,0.3477,0.3927,0.3843,0.6834,0.0138,True,False,0.0,2463,0.51,0.3477,0.3927,0.3477,0.3927,0.3477,0.3927
2510808,Patos - PB,25,1.5,0.484,0.5121,0.4862,0.8906,0.0087,True,False,0.0,102381,0.56,0.4911,0.5188,0.484,0.5121,0.4816,0.5098
2510907,Paulista - PB,25,1.5,0.4035,0.4441,0.4265,0.7707,0.0191,True,False,0.0,11834,0.49,0.4035,0.4441,0.4035,0.4441,0.4035,0.4441
2511004,Pedra Branca - PB,25,1.5,0.456,0.4945,0.4719,0.8651,0.0202,True,False,0.0,3739,0.5,0.456,0.4945,0.456,0.4945,0.456,0.4945
2511103,Pedra Lavrada - PB,25,1.5,0.3986,0.439,0.4261,0.7753,0.0121,True,False,0.0,6853,0.49,0.3986,0.439,0.3986,0.439,0.3986,0.439
2511202,Pedras de Fogo - PB,25,1.5,0.3903,0.4303,0.4252,0.7316,0.0064,True,False,0.0,29576,0.53,0.3903,0.4303,0.3903,0.4303,0.3903,0.4303
2511301,Piancó - PB,25,1.5,0.4205,0.4583,0.4457,0.7788,0.0106,True,False,0.0,16399,0.53,0.4205,0.4583,0.4205,0.4583,0.4205,0.4583
2511400,Picuí - PB,25,1.5,0.4748,0.5094,0.4918,0.8993,0.0096,True,False,0.0,18308,0.53,0.4748,0.5094,0.4748,0.5094,0.4748,0.5094
2511509,Pilar - PB,25,1.5,0.4478,0.4882,0.4836,0.8528,0.0139,True,False,0.0,12243,0.49,0.4478,0.4882,0.4478,0.4882,0.4478,0.4882
2511608,Pilões - PB,25,1.5,0.4177,0.4607,0.4461,0.8094,0.0085,True,False,0.0,6812,0.59,0.4177,0.4607,0.4177,0.4607,0.4177,0.4607
2511707,Pilõezinhos - PB,25,1.5,0.3839,0.4264,0.4135,0.7633,0.0171,True,False,0.0,5330,0.43,0.3839,0.4264,0.3839,0.4264,0.3839,0.4264
2511806,Pirpirituba - PB,25,1.5,0.4191,0.4598,0.4612,0.8155,0.0175,True,True,0.0,9325,0.52,0.4191,0.4598,0.4191,0.4598,0.4191,0.4598
2511905,Pitimbu - PB,25,1.5,0.3842,0.4245,0.4101,0.7291,0.01,True,False,0.0,16746,0.51,0.3842,0.4245,0.3842,0.4245,0.3842,0.4245
2512002,Pocinhos - PB,25,1.5,0.4024,0.4455,0.4468,0.8005,0.0167,True,True,0.0,17469,0.46,0.4024,0.4455,0.4024,0.4455,0.4024,0.4455
2512036,Poço Dantas - PB,25,1.5,0.4487,0.4924,0.4851,0.8605,0.0149,True,False,0.0,3830,0.49,0.4487,0.4924,0.4487,0.4924,0.4487,0.4924
2512077,Poço de José de Moura - PB,25,1.5,0.4171,0.4549,0.4472,0.8032,0.0154,True,False,0.0,4006,0.45,0.4171,0.4549,0.4171,0.4549,0.4171,0.4549
2512101,Pombal - PB,25,1.5,0.4458,0.4801,0.4583,0.8234,0.0101,True,False,0.0,32404,0.54,0.4458,0.4801,0.4458,0.4801,0.4458,0.4801
2512200,Prata - PB,25,1.5,0.4022,0.4391,0.418,0.7766,0.0063,True,False,0.0,3908,0.44,0.4022,0.4391,0.4022,0.4391,0.4022,0.4391
2512309,Princesa Isabel - PB,25,1.5,0.5081,0.5386,0.4902,0.8846,0.0109,True,False,0.0,21058,0.47,0.5271,0.5564,0.5081,0.5386,0.5015,0.5323
2512408,Puxinanã - PB,25,1.5,0.385,0.4269,0.4158,0.7349,0.0069,True,False,0.0,14214,0.45,0.385,0.4269,0.385,0.4269,0.385,0.4269
2512507,Queimadas - PB,25,1.5,0.3743,0.4163,0.4079,0.7078,0.006,True,False,0.0,47653,0.46,0.3743,0.4163,0.3743,0.4163,0.3743,0.4163
2512606,Quixaba - PB,25,1.5,0.4212,0.4629,0.4396,0.7932,0.0118,True,False,0.0,1740,0.46,0.4212,0.4629,0.4212,0.4629,0.4212,0.4629
2512705,Remígio - PB,25,1.5,0.4794,0.5119,0.493,0.9205,0.0109,True,False,0.0,17796,0.55,0.4794,0.5119,0.4794,0.5119,0.4794,0.5119
2512721,Pedro Régis - PB,25,1.5,0.4433,0.4883,0.5174,0.8003,0.0176,True,True,0.0,5767,0.51,0.4433,0.4883,0.4433,0.4883,0.4433,0.4883
2512747,Riachão - PB,25,1.5,0.3904,0.4391,0.4454,0.7747,0.019,True,True,0.0,2924,0.49,0.3904,0.4391,0.3904,0.4391,0.3904,0.4391
2512754,Riachão do Bacamarte - PB,25,1.5,0.3041,0.3553,0.3426,0.6145,0.0163,True,False,0.0,4690,0.49,0.3041,0.3553,0.3041,0.3553,0.3041,0.3553
2512762,Riachão do Poço - PB,25,1.5,0.4097,0.458,0.4794,0.7514,0.0065,True,True,0.0,4737,0.49,0.4097,0.458,0.4097,0.458,0.4097,0.458
2512788,Riacho de Santo Antônio - PB,25,1.5,0.4217,0.4594,0.4548,0.8363,0.0078,True,False,0.0,1950,0.43,0.4217,0.4594,0.4217,0.4594,0.4217,0.4594
2512804,Riacho dos Cavalos - PB,25,1.5,0.369,0.4127,0.4048,0.722,0.0123,True,False,0.0,8480,0.44,0.369,0.4127,0.369,0.4127,0.369,0.4127
2512903,Rio Tinto - PB,25,1.5,0.4193,0.4548,0.4303,0.7829,0.0155,True,False,0.0,24548,0.5,0.4193,0.4548,0.4193,0.4548,0.4193,0.4548
2513000,Salgadinho - PB,25,1.5,0.4279,0.4683,0.445,0.82,0.0113,True,False,0.0,3356,0.46,0.4279,0.4683,0.4279,0.4683,0.4279,0.4683
2513109,Salgado de São Félix - PB,25,1.5,0.3897,0.435,0.4302,0.7645,0.015,True,False,0.0,11502,0.5,0.3897,0.435,0.3897,0.435,0.3897,0.435
2513158,Santa Cecília - PB,25,1.5,0.4025,0.4462,0.4383,0.7684,0.0113,True,False,0.0,7667,0.48,0.4025,0.4462,0.4025,0.4462,0.4025,0.4462
2513208,Santa Cruz - PB,25,1.5,0.3628,0.4061,0.4117,0.7205,0.0177,True,True,0.0,5948,0.46,0.3628,0.4061,0.3628,0.4061,0.3628,0.4061
2513307,Santa Helena - PB,25,1.5,0.3322,0.3803,0.3649,0.6599,0.024,True,False,0.0,5860,0.5,0.3322,0.3803,0.3322,0.3803,0.3322,0.3803
2513356,Santa Inês - PB,25,1.5,0.4522,0.4926,0.4866,0.8873,0.0234,True,False,0.0,3219,0.55,0.4522,0.4926,0.4522,0.4926,0.4522,0.4926
2513406,Santa Luzia - PB,25,1.5,0.4331,0.4665,0.4253,0.7892,0.0129,True,False,0.0,14902,0.51,0.4481,0.4807,0.4331,0.4665,0.4279,0.4616
2513505,Santana de Mangueira - PB,25,1.5,0.5405,0.5788,0.5213,0.9259,0.0137,True,False,0.0,4993,0.54,0.5937,0.6278,0.5405,0.5788,0.5195,0.5596
2513604,Santana dos Garrotes - PB,25,1.5,0.4163,0.4591,0.448,0.8049,0.0206,True,False,0.0,6562,0.48,0.4163,0.4591,0.4163,0.4591,0.4163,0.4591
2513653,Joca Claudino - PB,25,1.5,0.4076,0.4517,0.4584,0.7986,0.0272,True,True,0.0,2539,0.44,0.4076,0.4517,0.4076,0.4517,0.4076,0.4517
2513703,Santa Rita - PB,25,1.5,0.3791,0.4195,0.4181,0.7126,0.0077,True,False,0.0,149336,0.46,0.3791,0.4195,0.3791,0.4195,0.3791,0.4195
2513802,Santa Teresinha - PB,25,1.5,0.3775,0.4194,0.4119,0.7426,0.0141,True,False,0.0,4400,0.59,0.3775,0.4194,0.3775,0.4194,0.3775,0.4194
2513851,Santo André - PB,25,1.5,0.42,0.4613,0.4334,0.7775,0.0155,True,False,0.0,2621,0.47,0.42,0.4613,0.42,0.4613,0.42,0.4613
2513901,São Bento - PB,25,1.5,0.4269,0.4638,0.4612,0.7859,0.0117,True,False,0.0,32211,0.47,0.4269,0.4638,0.4269,0.4638,0.4269,0.4638
2513927,São Bentinho - PB,25,1.5,0.3845,0.4263,0.4203,0.7631,0.0116,True,False,0.0,4327,0.46,0.3845,0.4263,0.3845,0.4263,0.3845,0.4263
2513943,São Domingos do Cariri - PB,25,1.5,0.3196,0.3703,0.3629,0.6535,0.0282,True,False,0.0,2586,0.47,0.3196,0.3703,0.3196,0.3703,0.3196,0.3703
2513968,São Domingos - PB,25,1.5,0.3004,0.3533,0.3626,0.5955,0.033,True,True,0.0,2596,0.46,0.3004,0.3533,0.3004,0.3533,0.3004,0.3533
2513984,São Francisco - PB,25,1.5,0.3772,0.4198,0.4185,0.7642,0.0293,True,False,0.0,3137,0.45,0.3772,0.4198,0.3772,0.4198,0.3772,0.4198
2514008,São João do Cariri - PB,25,1.5,0.3969,0.4359,0.4211,0.778,0.0193,True,False,0.0,4192,0.53,0.3969,0.4359,0.3969,0.4359,0.3969,0.4359
2514107,São João do Tigre - PB,25,1.5,0.404,0.4472,0.4414,0.7993,0.0086,True,False,0.0,4257,0.51,0.404,0.4472,0.404,0.4472,0.404,0.4472
2514206,São José da Lagoa Tapada - PB,25,1.5,0.4169,0.4569,0.4605,0.8288,0.0128,True,True,0.0,7122,0.49,0.4169,0.4569,0.4169,0.4569,0.4169,0.4569
2514305,São José de Caiana - PB,25,1.5,0.4499,0.4893,0.4923,0.8878,0.0045,True,True,0.0,5035,0.44,0.4499,0.4893,0.4499,0.4893,0.4499,0.4893
2514404,São José de Espinharas - PB,25,1.5,0.3885,0.4287,0.4244,0.7558,0.0024,True,False,0.0,4045,0.45,0.3885,0.4287,0.3885,0.4287,0.3885,0.4287
2514453,São José dos Ramos - PB,25,1.5,0.3823,0.4311,0.4269,0.7629,0.0083,True,False,0.0,5890,0.51,0.3823,0.4311,0.3823,0.4311,0.3823,0.4311
2514503,São José de Piranhas - PB,25,1.5,0.4201,0.4583,0.4733,0.7943,0.0228,True,True,0.0,18999,0.5,0.4201,0.4583,0.4201,0.4583,0.4201,0.4583
2514552,São José de Princesa - PB,25,1.5,0.4006,0.4483,0.4517,0.7967,0.0212,True,True,0.0,3411,0.45,0.4006,0.4483,0.4006,0.4483,0.4006,0.4483
2514602,São José do Bonfim - PB,25,1.5,0.3629,0.4066,0.3908,0.7084,0.0114,True,False,0.0,3243,0.48,0.3629,0.4066,0.3629,0.4066,0.3629,0.4066
2514651,São José do Brejo do Cruz - PB,25,1.5,0.3694,0.4167,0.4179,0.7219,0.0214,True,True,0.0,1700,0.46,0.3694,0.4167,0.3694,0.4167,0.3694,0.4167
2514701,São José do Sabugi - PB,25,1.5,0.3883,0.4251,0.4132,0.7569,0.01,True,False,0.0,4137,0.43,0.3883,0.4251,0.3883,0.4251,0.3883,0.4251
2514800,São José dos Cordeiros - PB,25,1.5,0.3507,0.3979,0.3929,0.7185,0.0292,True,False,0.0,3411,0.49,0.3507,0.3979,0.3507,0.3979,0.3507,0.3979
2514909,São Mamede - PB,25,1.5,0.3826,0.4212,0.3982,0.7317,0.0069,True,False,0.0,7469,0.52,0.3826,0.4212,0.3826,0.4212,0.3826,0.4212
2515005,São Miguel de Taipu - PB,25,1.5,0.4806,0.5206,0.4772,0.866,0.0155,True,False,0.0,7066,0.49,0.4806,0.5206,0.4806,0.5206,0.4806,0.5206
2515104,São Sebastião de Lagoa de Roça - PB,25,1.5,0.4052,0.4446,0.435,0.7857,0.0157,True,False,0.0,11034,0.48,0.4052,0.4446,0.4052,0.4446,0.4052,0.4446
2515203,São Sebastião do Umbuzeiro - PB,25,1.5,0.3961,0.4391,0.4537,0.7649,0.012,True,True,0.0,3280,0.46,0.3961,0.4391,0.3961,0.4391,0.3961,0.4391
2515302,Sapé - PB,25,1.5,0.3884,0.429,0.4162,0.7406,0.0093,True,False,0.0,51175,0.5,0.3884,0.429,0.3884,0.429,0.3884,0.429
2515401,São Vicente do Seridó - PB,25,1.5,0.3867,0.4347,0.4299,0.7606,0.0147,True,False,0.0,10290,0.47,0.3867,0.4347,0.3867,0.4347,0.3867,0.4347
2515500,Serra Branca - PB,25,1.5,0.4033,0.4444,0.4497,0.7785,0.0263,True,True,0.0,13549,0.48,0.4033,0.4444,0.4033,0.4444,0.4033,0.4444
2515609,Serra da Raiz - PB,25,1.5,0.4353,0.4729,0.4481,0.7982,0.0147,True,False,0.0,3094,0.5,0.4353,0.4729,0.4353,0.4729,0.4353,0.4729
2515708,Serra Grande - PB,25,1.5,0.4213,0.4581,0.4458,0.8364,0.0071,True,False,0.0,2939,0.47,0.4213,0.4581,0.4213,0.4581,0.4213,0.4581
2515807,Serra Redonda - PB,25,1.5,0.3803,0.4232,0.4161,0.7582,0.0222,True,False,0.0,6825,0.48,0.3803,0.4232,0.3803,0.4232,0.3803,0.4232
2515906,Serraria - PB,25,1.5,0.4036,0.4456,0.4368,0.7999,0.0165,True,False,0.0,4879,0.5,0.4036,0.4456,0.4036,0.4456,0.4036,0.4456
2515930,Sertãozinho - PB,25,1.5,0.3914,0.4334,0.4188,0.7435,0.0168,True,False,0.0,5054,0.46,0.3914,0.4334,0.3914,0.4334,0.3914,0.4334
2515971,Sobrado - PB,25,1.5,0.3867,0.4307,0.4291,0.7374,0.0153,True,False,0.0,8231,0.49,0.3867,0.4307,0.3867,0.4307,0.3867,0.4307
2516003,Solânea - PB,25,1.5,0.4375,0.473,0.4578,0.8285,0.0093,True,False,0.0,26736,0.56,0.4375,0.473,0.4375,0.473,0.4375,0.473
2516102,Soledade - PB,25,1.5,0.4538,0.4913,0.4832,0.8768,0.0018,True,False,0.0,13874,0.51,0.4538,0.4913,0.4538,0.4913,0.4538,0.4913
2516151,Sossêgo - PB,25,1.5,0.4058,0.4509,0.4547,0.7883,0.0187,True,True,0.0,3345,0.5,0.4058,0.4509,0.4058,0.4509,0.4058,0.4509
2516201,Sousa - PB,25,1.5,0.4689,0.5012,0.4597,0.8174,0.0134,True,False,0.0,66884,0.54,0.4948,0.5256,0.4689,0.5012,0.4597,0.4926
2516300,Sumé - PB,25,1.5,0.4503,0.4847,0.4627,0.8357,0.0132,True,False,0.0,17114,0.5,0.4503,0.4847,0.4503,0.4847,0.4503,0.4847
2516409,Tacima - PB,25,1.5,0.4312,0.4737,0.4485,0.8219,0.0056,True,False,0.0,8010,0.49,0.4312,0.4737,0.4312,0.4737,0.4312,0.4737
2516508,Taperoá - PB,25,1.5,0.4082,0.4521,0.4572,0.8026,0.0269,True,True,0.0,14069,0.48,0.4082,0.4521,0.4082,0.4521,0.4082,0.4521
2516607,Tavares - PB,25,1.5,0.4412,0.4843,0.4793,0.8833,0.0152,True,False,0.0,14100,0.52,0.4412,0.4843,0.4412,0.4843,0.4412,0.4843
2516706,Teixeira - PB,25,1.5,0.4366,0.4756,0.4831,0.8549,0.0127,True,True,0.0,14596,0.55,0.4366,0.4756,0.4366,0.4756,0.4366,0.4756
2516755,Tenório - PB,25,1.5,0.4024,0.4447,0.4322,0.7806,0.0233,True,False,0.0,2967,0.43,0.4024,0.4447,0.4024,0.4447,0.4024,0.4447
2516805,Triunfo - PB,25,1.5,0.41,0.4473,0.4512,0.7869,0.0061,True,True,0.0,9874,0.49,0.41,0.4473,0.41,0.4473,0.41,0.4473
2516904,Uiraúna - PB,25,1.5,0.4425,0.4769,0.4698,0.8624,0.0211,True,False,0.0,14902,0.54,0.4425,0.4769,0.4425,0.4769,0.4425,0.4769
2517001,Umbuzeiro - PB,25,1.5,0.425,0.471,0.465,0.8603,0.0274,True,False,0.0,9101,0.54,0.425,0.471,0.425,0.471,0.425,0.471
2517100,Várzea - PB,25,1.5,0.391,0.4282,0.4109,0.7594,0.0166,True,False,0.0,2668,0.4,0.391,0.4282,0.391,0.4282,0.391,0.4282
2517209,Vieirópolis - PB,25,1.5,0.3343,0.3838,0.3858,0.682,0.0306,True,True,0.0,4857,0.45,0.3343,0.3838,0.3343,0.3838,0.3343,0.3838
2517407,Zabelê - PB,25,1.5,0.4121,0.4554,0.449,0.8036,0.0165,True,False,0.0,2223,0.43,0.4121,0.4554,0.4121,0.4554,0.4121,0.4554
2600054,Abreu e Lima - PE,26,1.5,0.4153,0.4518,0.4413,0.761,0.0038,True,False,0.0,96695,0.45,0.4277,0.4635,0.4153,0.4518,0.411,0.4477
2600104,Afogados da Ingazeira - PE,26,1.5,0.4731,0.5036,0.4973,0.8905,0.0088,True,False,0.0,40171,0.56,0.4731,0.5036,0.4731,0.5036,0.4731,0.5036
2600203,Afrânio - PE,26,1.5,0.3888,0.4303,0.423,0.7534,0.0083,True,False,0.0,18585,0.53,0.3888,0.4303,0.3888,0.4303,0.3888,0.4303
2600302,Agrestina - PE,26,1.5,0.4507,0.4895,0.4964,0.843,0.0186,True,True,0.0,23771,0.48,0.4507,0.4895,0.4507,0.4895,0.4507,0.4895
2600401,Água Preta - PE,26,1.5,0.4034,0.4441,0.4337,0.7475,0.0115,True,False,0.0,26406,0.49,0.4034,0.4441,0.4034,0.4441,0.4034,0.4441
2600500,Águas Belas - PE,26,1.5,0.4523,0.4929,0.4866,0.8995,0.0099,True,False,0.0,41407,0.58,0.4523,0.4929,0.4523,0.4929,0.4523,0.4929
2600609,Alagoinha - PE,26,1.5,0.5528,0.5822,0.4936,0.8979,0.016,True,False,0.0,13542,0.49,0.6201,0.6455,0.5528,0.5822,0.5246,0.5559
2600708,Aliança - PE,26,1.5,0.4284,0.4679,0.4492,0.7665,0.0092,True,False,0.0,35705,0.49,0.4284,0.4679,0.4284,0.4679,0.4284,0.4679
2600807,Altinho - PE,26,1.5,0.461,0.4974,0.4807,0.8923,0.0076,True,False,0.0,20675,0.51,0.461,0.4974,0.461,0.4974,0.461,0.4974
2600906,Amaraji - PE,26,1.5,0.4032,0.4465,0.4318,0.7779,0.0157,True,False,0.0,18199,0.5,0.4032,0.4465,0.4032,0.4465,0.4032,0.4465
2601003,Angelim - PE,26,1.5,0.4311,0.4708,0.4648,0.8414,0.0158,True,False,0.0,10235,0.58,0.4311,0.4708,0.4311,0.4708,0.4311,0.4708
2601052,Araçoiaba - PE,26,1.5,0.4429,0.4815,0.472,0.82,0.0076,True,False,0.0,19241,0.45,0.4429,0.4815,0.4429,0.4815,0.4429,0.4815
2601102,Araripina - PE,26,1.5,0.4664,0.5019,0.4953,0.8882,0.0065,True,False,0.0,85087,0.56,0.4664,0.5019,0.4664,0.5019,0.4664,0.5019
2601201,Arcoverde - PE,26,1.5,0.5326,0.5574,0.5416,0.9697,0.0105,True,False,0.0,76758,0.58,0.5326,0.5574,0.5326,0.5574,0.5326,0.5574
2601300,Barra de Guabiraba - PE,26,1.5,0.3813,0.4251,0.4183,0.747,0.0065,True,False,0.0,12263,0.51,0.3813,0.4251,0.3813,0.4251,0.3813,0.4251
2601409,Barreiros - PE,26,1.5,0.4294,0.4665,0.4619,0.8014,0.007,True,False,0.0,40079,0.54,0.4294,0.4665,0.4294,0.4665,0.4294,0.4665
2601508,Belém de Maria - PE,26,1.5,0.3885,0.43,0.4162,0.7645,0.0092,True,False,0.0,10364,0.47,0.3885,0.43,0.3885,0.43,0.3885,0.43
2601607,Belém do São Francisco - PE,26,1.5,0.4625,0.4978,0.4818,0.9009,0.0079,True,False,0.0,18295,0.63,0.4625,0.4978,0.4625,0.4978,0.4625,0.4978
2601706,Belo Jardim - PE,26,1.5,0.4539,0.4884,0.4613,0.823,0.0117,True,False,0.0,79489,0.51,0.4654,0.4991,0.4539,0.4884,0.45,0.4847
2601805,Betânia - PE,26,1.5,0.4194,0.4617,0.4617,0.8457,0.0099,True,False,0.0,11232,0.55,0.4194,0.4617,0.4194,0.4617,0.4194,0.4617
2601904,Bezerros - PE,26,1.5,0.4298,0.466,0.4432,0.7874,0.0133,True,False,0.0,61558,0.52,0.4432,0.4786,0.4298,0.466,0.4252,0.4617
2602001,Bodocó - PE,26,1.5,0.4593,0.4977,0.4846,0.858,0.0079,True,False,0.0,34475,0.55,0.4593,0.4977,0.4593,0.4977,0.4593,0.4977
2602100,Bom Conselho - PE,26,1.5,0.4944,0.5285,0.4979,0.9029,0.0091,True,False,0.0,44198,0.62,0.5065,0.5398,0.4944,0.5285,0.4903,0.5247
2602209,Bom Jardim - PE,26,1.5,0.4137,0.4545,0.4508,0.7813,0.0123,True,False,0.0,37620,0.48,0.4137,0.4545,0.4137,0.4545,0.4137,0.4545
2602308,Bonito - PE,26,1.5,0.4578,0.4953,0.4893,0.8571,0.0071,True,False,0.0,37459,0.55,0.4578,0.4953,0.4578,0.4953,0.4578,0.4953
2602407,Brejão - PE,26,1.5,0.395,0.4388,0.4276,0.7673,0.0095,True,False,0.0,9079,0.49,0.395,0.4388,0.395,0.4388,0.395,0.4388
2602506,Brejinho - PE,26,1.5,0.4093,0.448,0.4426,0.8095,0.0133,True,False,0.0,7710,0.49,0.4093,0.448,0.4093,0.448,0.4093,0.448
2602605,Brejo da Madre de Deus - PE,26,1.5,0.3721,0.4157,0.4203,0.6971,0.0112,True,True,0.0,48594,0.47,0.3721,0.4157,0.3721,0.4157,0.3721,0.4157
2602704,Buenos Aires - PE,26,1.5,0.3907,0.4334,0.379,0.6779,0.0109,True,False,0.0,12807,0.45,0.4362,0.4758,0.3907,0.4334,0.3738,0.4178
2602803,Buíque - PE,26,1.5,0.4566,0.5053,0.5063,0.909,0.0127,True,True,0.0,51902,0.57,0.4566,0.5053,0.4566,0.5053,0.4566,0.5053
2602902,Cabo de Santo Agostinho - PE,26,1.5,0.4849,0.5153,0.4836,0.8389,0.007,True,False,0.0,202960,0.53,0.5074,0.5365,0.4849,0.5153,0.4769,0.5078
2603009,Cabrobó - PE,26,1.5,0.4836,0.5189,0.4978,0.8874,0.0049,True,False,0.0,30281,0.58,0.5146,0.5478,0.4836,0.5189,0.4724,0.5084
2603108,Cachoeirinha - PE,26,1.5,0.4479,0.4854,0.4685,0.8487,0.0084,True,False,0.0,19889,0.48,0.4479,0.4854,0.4479,0.4854,0.4479,0.4854
2603207,Caetés - PE,26,1.5,0.42,0.4648,0.4582,0.8288,0.0214,True,False,0.0,28806,0.6,0.42,0.4648,0.42,0.4648,0.42,0.4648
2603306,Calçado - PE,26,1.5,0.4228,0.4658,0.4618,0.852,0.0161,True,False,0.0,11093,0.53,0.4228,0.4658,0.4228,0.4658,0.4228,0.4658
2603405,Calumbi - PE,26,1.5,0.4604,0.4982,0.4833,0.9013,0.008,True,False,0.0,5228,0.54,0.4604,0.4982,0.4604,0.4982,0.4604,0.4982
2603454,Camaragibe - PE,26,1.5,0.5108,0.5378,0.5122,0.8977,0.0086,True,False,0.0,147532,0.51,0.5315,0.5574,0.5108,0.5378,0.5035,0.5309
2603504,Camocim de São Félix - PE,26,1.5,0.4039,0.4433,0.4385,0.7817,0.0099,True,False,0.0,17391,0.53,0.4039,0.4433,0.4039,0.4433,0.4039,0.4433
2603603,Camutanga - PE,26,1.5,0.3759,0.4179,0.3983,0.7162,0.0074,True,False,0.0,7749,0.48,0.3759,0.4179,0.3759,0.4179,0.3759,0.4179
2603702,Canhotinho - PE,26,1.5,0.4411,0.4803,0.4676,0.8637,0.008,True,False,0.0,22633,0.52,0.4411,0.4803,0.4411,0.4803,0.4411,0.4803
2603801,Capoeiras - PE,26,1.5,0.4064,0.4519,0.4506,0.815,0.0251,True,False,0.0,18338,0.5,0.4064,0.4519,0.4064,0.4519,0.4064,0.4519
2603900,Carnaíba - PE,26,1.5,0.4597,0.4993,0.5131,0.9004,0.0185,True,True,0.0,18645,0.53,0.4597,0.4993,0.4597,0.4993,0.4597,0.4993
2603926,Carnaubeira da Penha - PE,26,1.5,0.4462,0.4871,0.4829,0.8889,0.0085,True,False,0.0,12239,0.56,0.4462,0.4871,0.4462,0.4871,0.4462,0.4871
2604007,Carpina - PE,26,1.5,0.4566,0.4872,0.4669,0.852,0.0116,True,False,0.0,79051,0.5,0.4566,0.4872,0.4566,0.4872,0.4566,0.4872
2604106,Caruaru - PE,26,1.5,0.5172,0.5429,0.5173,0.9136,0.0125,True,False,0.0,376381,0.53,0.5299,0.5549,0.5172,0.5429,0.5128,0.5387
2604155,Casinhas - PE,26,1.5,0.386,0.4334,0.4389,0.7824,0.0225,True,True,0.0,12968,0.45,0.386,0.4334,0.386,0.4334,0.386,0.4334
2604205,Catende - PE,26,1.5,0.4206,0.4586,0.4437,0.7966,0.0062,True,False,0.0,32087,0.54,0.4206,0.4586,0.4206,0.4586,0.4206,0.4586
2604304,Cedro - PE,26,1.5,0.4493,0.4883,0.4824,0.8572,0.0091,True,False,0.0,10508,0.56,0.4493,0.4883,0.4493,0.4883,0.4493,0.4883
2604403,Chã de Alegria - PE,26,1.5,0.3976,0.4395,0.4239,0.7585,0.0063,True,False,0.0,12985,0.44,0.3976,0.4395,0.3976,0.4395,0.3976,0.4395
2604502,Chã Grande - PE,26,1.5,0.4134,0.4514,0.4487,0.767,0.007,True,False,0.0,20466,0.55,0.4134,0.4514,0.4134,0.4514,0.4134,0.4514
2604601,Condado - PE,26,1.5,0.4338,0.4684,0.4666,0.8286,0.009,True,False,0.0,24482,0.53,0.4338,0.4684,0.4338,0.4684,0.4338,0.4684
2604700,Correntes - PE,26,1.5,0.4192,0.4621,0.4494,0.8212,0.0055,True,False,0.0,17088,0.52,0.4192,0.4621,0.4192,0.4621,0.4192,0.4621
2604809,Cortês - PE,26,1.5,0.4066,0.4466,0.4344,0.7716,0.0084,True,False,0.0,10192,0.47,0.4066,0.4466,0.4066,0.4466,0.4066,0.4466
2604908,Cumaru - PE,26,1.5,0.4122,0.4518,0.4453,0.8018,0.0156,True,False,0.0,15909,0.5,0.4122,0.4518,0.4122,0.4518,0.4122,0.4518
2605004,Cupira - PE,26,1.5,0.4469,0.4852,0.5056,0.8426,0.0173,True,True,0.0,23476,0.49,0.4469,0.4852,0.4469,0.4852,0.4469,0.4852
2605103,Custódia - PE,26,1.5,0.4218,0.4592,0.4484,0.8092,0.0198,True,False,0.0,37676,0.53,0.4218,0.4592,0.4218,0.4592,0.4218,0.4592
2605152,Dormentes - PE,26,1.5,0.4418,0.4794,0.4466,0.797,0.0139,True,False,0.0,17184,0.47,0.4734,0.5089,0.4418,0.4794,0.4304,0.4688
2605202,Escada - PE,26,1.5,0.441,0.4758,0.4458,0.7891,0.0069,True,False,0.0,59740,0.46,0.4614,0.4949,0.441,0.4758,0.4338,0.469
2605301,Exu - PE,26,1.5,0.5123,0.5508,0.5005,0.9066,0.0091,True,False,0.0,31780,0.57,0.54,0.5763,0.5123,0.5508,0.5024,0.5416
2605400,Feira Nova - PE,26,1.5,0.3839,0.4238,0.4169,0.7158,0.0098,True,False,0.0,21427,0.48,0.3839,0.4238,0.3839,0.4238,0.3839,0.4238
2605459,Fernando de Noronha - PE,26,1.5,0.4308,0.4562,0.41,0.7274,0.007,True,False,0.0,2133,0.46,0.4712,0.495,0.4308,0.4562,0.416,0.442
2605509,Ferreiros - PE,26,1.5,0.4114,0.4494,0.4294,0.7653,0.0106,True,False,0.0,15020,0.5,0.4114,0.4494,0.4114,0.4494,0.4114,0.4494
2605608,Flores - PE,26,1.5,0.427,0.4701,0.4638,0.8534,0.0141,True,False,0.0,20318,0.5,0.427,0.4701,0.427,0.4701,0.427,0.4701
2605707,Floresta - PE,26,1.5,0.4541,0.4871,0.4701,0.8694,0.0046,True,False,0.0,30124,0.52,0.4541,0.4871,0.4541,0.4871,0.4541,0.4871
2605806,Frei Miguelinho - PE,26,1.5,0.3864,0.4284,0.4205,0.7623,0.0221,True,False,0.0,13636,0.46,0.3864,0.4284,0.3864,0.4284,0.3864,0.4284
2605905,Gameleira - PE,26,1.5,0.3997,0.4383,0.429,0.7653,0.0042,True,False,0.0,18190,0.46,0.3997,0.4383,0.3997,0.4383,0.3997,0.4383
2606002,Garanhuns - PE,26,1.5,0.5185,0.5437,0.5085,0.9275,0.0124,True,False,0.0,142004,0.59,0.531,0.5555,0.5185,0.5437,0.5142,0.5396
2606101,Glória do Goitá - PE,26,1.5,0.4157,0.4552,0.4511,0.7555,0.0088,True,False,0.0,29346,0.52,0.4157,0.4552,0.4157,0.4552,0.4157,0.4552
2606200,Goiana - PE,26,1.5,0.45,0.4834,0.4734,0.8092,0.0084,True,False,0.0,80897,0.54,0.4571,0.49,0.45,0.4834,0.4476,0.4811
2606309,Granito - PE,26,1.5,0.398,0.4403,0.4426,0.8045,0.0232,True,True,0.0,6953,0.54,0.398,0.4403,0.398,0.4403,0.398,0.4403
2606408,Gravatá - PE,26,1.5,0.4699,0.5012,0.4587,0.8261,0.0123,True,False,0.0,86313,0.53,0.4908,0.5209,0.4699,0.5012,0.4626,0.4943
2606507,Iati - PE,26,1.5,0.4201,0.4626,0.4503,0.8271,0.0132,True,False,0.0,17165,0.55,0.4201,0.4626,0.4201,0.4626,0.4201,0.4626
2606606,Ibimirim - PE,26,1.5,0.4983,0.5364,0.4824,0.8376,0.0087,True,False,0.0,26554,0.51,0.5475,0.582,0.4983,0.5364,0.4794,0.5189
2606705,Ibirajuba - PE,26,1.5,0.4415,0.4814,0.4609,0.8364,0.0135,True,False,0.0,7137,0.47,0.4657,0.5039,0.4415,0.4814,0.4329,0.4735
2606804,Igarassu - PE,26,1.5,0.4501,0.483,0.4775,0.8357,0.0052,True,False,0.0,114842,0.48,0.4501,0.483,0.4501,0.483,0.4501,0.483
2606903,Iguaracy - PE,26,1.5,0.4482,0.4892,0.493,0.8979,0.0149,True,True,0.0,11075,0.54,0.4482,0.4892,0.4482,0.4892,0.4482,0.4892
2607000,Inajá - PE,26,1.5,0.4584,0.5085,0.5033,0.8508,0.0041,True,False,0.0,25595,0.6,0.4584,0.5085,0.4584,0.5085,0.4584,0.5085
2607109,Ingazeira - PE,26,1.5,0.4112,0.4517,0.4612,0.8522,0.0217,True,True,0.0,4765,0.53,0.4112,0.4517,0.4112,0.4517,0.4112,0.4517
2607208,Ipojuca - PE,26,1.5,0.4401,0.4742,0.4713,0.7957,0.0075,True,False,0.0,98438,0.5,0.4401,0.4742,0.4401,0.4742,0.4401,0.4742
2607307,Ipubi - PE,26,1.5,0.4799,0.5193,0.4771,0.8863,0.0102,True,False,0.0,29008,0.53,0.4969,0.535,0.4799,0.5193,0.474,0.5138
2607406,Itacuruba - PE,26,1.5,0.357,0.4009,0.4011,0.6643,0.0086,True,True,0.0,4281,0.46,0.357,0.4009,0.357,0.4009,0.357,0.4009
2607505,Itaíba - PE,26,1.5,0.4002,0.446,0.4332,0.7771,0.0116,True,False,0.0,32566,0.51,0.4002,0.446,0.4002,0.446,0.4002,0.446
2607604,Ilha de Itamaracá - PE,26,1.5,0.5097,0.5385,0.5249,0.9548,0.0131,True,False,0.0,21526,0.6,0.5097,0.5385,0.5097,0.5385,0.5097,0.5385
2607653,Itambé - PE,26,1.5,0.4254,0.4634,0.4368,0.759,0.0137,True,False,0.0,34854,0.5,0.4254,0.4634,0.4254,0.4634,0.4254,0.4634
2607703,Itapetim - PE,26,1.5,0.4675,0.5017,0.4971,0.9151,0.0118,True,False,0.0,13759,0.55,0.4675,0.5017,0.4675,0.5017,0.4675,0.5017
2607752,Itapissuma - PE,26,1.5,0.4083,0.4474,0.433,0.7787,0.0106,True,False,0.0,23978,0.54,0.4083,0.4474,0.4083,0.4474,0.4083,0.4474
2607802,Itaquitinga - PE,26,1.5,0.4106,0.452,0.4432,0.7401,0.0135,True,False,0.0,15480,0.45,0.4106,0.452,0.4106,0.452,0.4106,0.452
2607901,Jaboatão dos Guararapes - PE,26,1.5,0.5324,0.5568,0.5418,0.938,0.0089,True,False,0.0,642958,0.58,0.5461,0.5699,0.5324,0.5568,0.5276,0.5523
2607950,Jaqueira - PE,26,1.5,0.4135,0.4626,0.4426,0.788,0.0051,True,False,0.0,10242,0.59,0.4135,0.4626,0.4135,0.4626,0.4135,0.4626
2608008,Jataúba - PE,26,1.5,0.4037,0.4491,0.4444,0.8009,0.0183,True,False,0.0,15776,0.49,0.4037,0.4491,0.4037,0.4491,0.4037,0.4491
2608057,Jatobá - PE,26,1.5,0.4535,0.4872,0.4863,0.8725,0.003,True,False,0.0,13991,0.57,0.4535,0.4872,0.4535,0.4872,0.4535,0.4872
2608107,João Alfredo - PE,26,1.5,0.4158,0.4559,0.451,0.81,0.0158,True,False,0.0,27724,0.49,0.4158,0.4559,0.4158,0.4559,0.4158,0.4559
2608206,Joaquim Nabuco - PE,26,1.5,0.408,0.4485,0.4295,0.7666,0.0085,True,False,0.0,13266,0.48,0.408,0.4485,0.408,0.4485,0.408,0.4485
2608255,Jucati - PE,26,1.5,0.4343,0.4763,0.4734,0.8659,0.0127,True,False,0.0,11513,0.5,0.4343,0.4763,0.4343,0.4763,0.4343,0.4763
2608305,Jupi - PE,26,1.5,0.482,0.5152,0.5055,0.9238,0.0048,True,False,0.0,15322,0.5,0.482,0.5152,0.482,0.5152,0.482,0.5152
2608404,Jurema - PE,26,1.5,0.4111,0.4565,0.4537,0.8299,0.0125,True,False,0.0,13648,0.51,0.4111,0.4565,0.4111,0.4565,0.4111,0.4565
2608453,Lagoa do Carro - PE,26,1.5,0.4031,0.442,0.4305,0.7476,0.0059,True,False,0.0,17962,0.45,0.4031,0.442,0.4031,0.442,0.4031,0.442
2608503,Lagoa de Itaenga - PE,26,1.5,0.4093,0.4496,0.4539,0.7738,0.0121,True,True,0.0,18982,0.45,0.4093,0.4496,0.4093,0.4496,0.4093,0.4496
2608602,Lagoa do Ouro - PE,26,1.5,0.4549,0.4973,0.4964,0.9011,0.0114,True,False,0.0,11902,0.51,0.4549,0.4973,0.4549,0.4973,0.4549,0.4973
2608701,Lagoa dos Gatos - PE,26,1.5,0.4073,0.4503,0.447,0.7826,0.0083,True,False,0.0,14069,0.5,0.4073,0.4503,0.4073,0.4503,0.4073,0.4503
2608750,Lagoa Grande - PE,26,1.5,0.3776,0.419,0.4041,0.7053,0.0064,True,False,0.0,24057,0.52,0.3776,0.419,0.3776,0.419,0.3776,0.419
2608800,Lajedo - PE,26,1.5,0.4724,0.5085,0.4983,0.9012,0.0073,True,False,0.0,39449,0.5,0.4724,0.5085,0.4724,0.5085,0.4724,0.5085
2608909,Limoeiro - PE,26,1.5,0.4832,0.5138,0.5034,0.8898,0.0105,True,False,0.0,55245,0.51,0.4891,0.5194,0.4832,0.5138,0.4812,0.5119
2609006,Macaparana - PE,26,1.5,0.4452,0.4818,0.4785,0.8127,0.01,True,False,0.0,23781,0.51,0.4452,0.4818,0.4452,0.4818,0.4452,0.4818
2609105,Machados - PE,26,1.5,0.4147,0.4541,0.4399,0.7907,0.0078,True,False,0.0,11327,0.48,0.4147,0.4541,0.4147,0.4541,0.4147,0.4541
2609154,Manari - PE,26,1.5,0.4227,0.5182,0.5028,0.8696,0.0104,True,False,0.0,23763,0.54,0.4227,0.5182,0.4227,0.5182,0.4227,0.5182
2609204,Maraial - PE,26,1.5,0.3971,0.4391,0.4138,0.7476,0.012,True,False,0.0,9359,0.54,0.3971,0.4391,0.3971,0.4391,0.3971,0.4391
2609303,Mirandiba - PE,26,1.5,0.4568,0.4951,0.4854,0.9069,0.0136,True,False,0.0,14162,0.58,0.4568,0.4951,0.4568,0.4951,0.4568,0.4951
2609402,Moreno - PE,26,1.5,0.4224,0.4588,0.4573,0.7762,0.0056,True,False,0.0,55093,0.53,0.4224,0.4588,0.4224,0.4588,0.4224,0.4588
2609501,Nazaré da Mata - PE,26,1.5,0.4657,0.4971,0.4479,0.8211,0.0143,True,False,0.0,30555,0.49,0.4902,0.5201,0.4657,0.4971,0.4571,0.4889
2609600,Olinda - PE,26,1.5,0.5413,0.5637,0.5693,0.9756,0.0076,True,True,0.0,349342,0.55,0.5481,0.5702,0.5413,0.5637,0.5389,0.5615
2609709,Orobó - PE,26,1.5,0.4163,0.4573,0.4483,0.777,0.0108,True,False,0.0,21720,0.52,0.4163,0.4573,0.4163,0.4573,0.4163,0.4573
2609808,Orocó - PE,26,1.5,0.4145,0.4615,0.4524,0.8277,0.0064,True,False,0.0,13602,0.51,0.4145,0.4615,0.4145,0.4615,0.4145,0.4615
2609907,Ouricuri - PE,26,1.5,0.4606,0.4969,0.4818,0.8509,0.0093,True,False,0.0,65196,0.6,0.4606,0.4969,0.4606,0.4969,0.4606,0.4969
2610004,Palmares - PE,26,1.5,0.4739,0.5054,0.4774,0.8606,0.0078,True,False,0.0,53713,0.49,0.4869,0.5176,0.4739,0.5054,0.4695,0.5012
2610103,Palmeirina - PE,26,1.5,0.4246,0.4621,0.4493,0.8275,0.0046,True,False,0.0,7032,0.51,0.4246,0.4621,0.4246,0.4621,0.4246,0.4621
2610202,Panelas - PE,26,1.5,0.4269,0.471,0.4857,0.8427,0.0145,True,True,0.0,22991,0.56,0.4269,0.471,0.4269,0.471,0.4269,0.471
2610301,Paranatama - PE,26,1.5,0.4564,0.5013,0.5128,0.8788,0.0059,True,True,0.0,12181,0.55,0.4564,0.5013,0.4564,0.5013,0.4564,0.5013
2610400,Parnamirim - PE,26,1.5,0.4423,0.4816,0.4802,0.8724,0.0156,True,False,0.0,18614,0.59,0.4423,0.4816,0.4423,0.4816,0.4423,0.4816
2610509,Passira - PE,26,1.5,0.4279,0.4673,0.4619,0.7937,0.0099,True,False,0.0,28326,0.5,0.4279,0.4673,0.4279,0.4673,0.4279,0.4673
2610608,Paudalho - PE,26,1.5,0.588,0.6121,0.531,0.9705,0.0243,True,False,0.0,56541,0.56,0.6263,0.6483,0.588,0.6121,0.5733,0.5983
2610707,Paulista - PE,26,1.5,0.4707,0.4987,0.4961,0.8739,0.002,True,False,0.0,341579,0.49,0.4809,0.5084,0.4707,0.4987,0.4672,0.4954
2610806,Pedra - PE,26,1.5,0.4289,0.4763,0.4783,0.8446,0.0142,True,True,0.0,22773,0.53,0.4289,0.4763,0.4289,0.4763,0.4289,0.4763
2610905,Pesqueira - PE,26,1.5,0.4814,0.5132,0.4955,0.9006,0.0076,True,False,0.0,62061,0.56,0.4814,0.5132,0.4814,0.5132,0.4814,0.5132
2611002,Petrolândia - PE,26,1.5,0.4241,0.4619,0.4476,0.8193,0.0063,True,False,0.0,34125,0.55,0.4241,0.4619,0.4241,0.4619,0.4241,0.4619
2611101,Petrolina - PE,26,1.5,0.5166,0.5414,0.5015,0.9155,0.0148,True,False,0.0,384758,0.62,0.533,0.557,0.5166,0.5414,0.5108,0.536
2611200,Poção - PE,26,1.5,0.4696,0.5106,0.5075,0.9321,0.0124,True,False,0.0,10501,0.54,0.4696,0.5106,0.4696,0.5106,0.4696,0.5106
2611309,Pombos - PE,26,1.5,0.424,0.4614,0.4537,0.777,0.0124,True,False,0.0,27542,0.48,0.424,0.4614,0.424,0.4614,0.424,0.4614
2611408,Primavera - PE,26,1.5,0.3496,0.3956,0.3825,0.6625,0.008,True,False,0.0,13825,0.44,0.3496,0.3956,0.3496,0.3956,0.3496,0.3956
2611507,Quipapá - PE,26,1.5,0.44,0.4799,0.4725,0.8245,0.0117,True,False,0.0,17928,0.48,0.44,0.4799,0.44,0.4799,0.44,0.4799
2611533,Quixaba - PE,26,1.5,0.5011,0.5483,0.5928,0.9479,0.025,True,True,0.0,6553,0.49,0.5011,0.5483,0.5011,0.5483,0.5011,0.5483
2611606,Recife - PE,26,1.5,0.6387,0.6529,0.6264,1.18,0.0169,True,False,0.0,1478146,0.68,0.6748,0.6879,0.6387,0.6529,0.6248,0.6394
2611705,Riacho das Almas - PE,26,1.5,0.3826,0.4268,0.4202,0.7346,0.0264,True,False,0.0,20638,0.51,0.3826,0.4268,0.3826,0.4268,0.3826,0.4268
2611804,Ribeirão - PE,26,1.5,0.4773,0.509,0.488,0.8628,0.006,True,False,0.0,33492,0.5,0.491,0.5218,0.4773,0.509,0.4726,0.5046
2611903,Rio Formoso - PE,26,1.5,0.4114,0.4491,0.4319,0.7829,0.0105,True,False,0.0,20008,0.44,0.4114,0.4491,0.4114,0.4491,0.4114,0.4491
2612000,Sairé - PE,26,1.5,0.4529,0.4877,0.4664,0.8102,0.0138,True,False,0.0,10880,0.45,0.4529,0.4877,0.4529,0.4877,0.4529,0.4877
2612109,Salgadinho - PE,26,1.5,0.474,0.509,0.4813,0.8678,0.0096,True,False,0.0,5725,0.52,0.474,0.509,0.474,0.509,0.474,0.509
2612208,Salgueiro - PE,26,1.5,0.4785,0.5082,0.4924,0.8868,0.0112,True,False,0.0,61950,0.59,0.4785,0.5082,0.4785,0.5082,0.4785,0.5082
2612307,Saloá - PE,26,1.5,0.4138,0.4552,0.4458,0.7906,0.0064,True,False,0.0,13733,0.55,0.4138,0.4552,0.4138,0.4552,0.4138,0.4552
2612406,Sanharó - PE,26,1.5,0.4079,0.4496,0.4509,0.7796,0.0124,True,True,0.0,18624,0.51,0.4079,0.4496,0.4079,0.4496,0.4079,0.4496
2612455,Santa Cruz - PE,26,1.5,0.4346,0.4765,0.462,0.8137,0.0123,True,False,0.0,13834,0.57,0.4346,0.4765,0.4346,0.4765,0.4346,0.4765
2612471,Santa Cruz da Baixa Verde - PE,26,1.5,0.4227,0.4658,0.476,0.8344,0.0121,True,True,0.0,11566,0.51,0.4227,0.4658,0.4227,0.4658,0.4227,0.4658
2612505,Santa Cruz do Capibaribe - PE,26,1.5,0.4235,0.4603,0.4363,0.7479,0.0115,True,False,0.0,97531,0.45,0.4453,0.4807,0.4235,0.4603,0.4159,0.4531
2612554,Santa Filomena - PE,26,1.5,0.3715,0.4202,0.4174,0.7623,0.0196,True,False,0.0,12106,0.55,0.3715,0.4202,0.3715,0.4202,0.3715,0.4202
2612604,Santa Maria da Boa Vista - PE,26,1.5,0.396,0.4362,0.4167,0.7647,0.006,True,False,0.0,40531,0.55,0.396,0.4362,0.396,0.4362,0.396,0.4362
2612703,Santa Maria do Cambucá - PE,26,1.5,0.3893,0.4314,0.4166,0.7467,0.008,True,False,0.0,13998,0.46,0.3893,0.4314,0.3893,0.4314,0.3893,0.4314
2612802,Santa Terezinha - PE,26,1.5,0.4311,0.4728,0.4771,0.8762,0.0189,True,True,0.0,10244,0.51,0.4311,0.4728,0.4311,0.4728,0.4311,0.4728
2612901,São Benedito do Sul - PE,26,1.5,0.3893,0.4345,0.4185,0.7612,0.0079,True,False,0.0,13103,0.52,0.3893,0.4345,0.3893,0.4345,0.3893,0.4345
2613008,São Bento do Una - PE,26,1.5,0.4272,0.467,0.462,0.8094,0.01,True,False,0.0,49351,0.6,0.4272,0.467,0.4272,0.467,0.4272,0.467
2613107,São Caitano - PE,26,1.5,0.3926,0.4343,0.441,0.7535,0.0159,True,True,0.0,37005,0.5,0.3926,0.4343,0.3926,0.4343,0.3926,0.4343
2613206,São João - PE,26,1.5,0.4475,0.4851,0.4594,0.8503,0.0096,True,False,0.0,23837,0.56,0.4677,0.5039,0.4475,0.4851,0.4405,0.4785
2613305,São Joaquim do Monte - PE,26,1.5,0.4508,0.4951,0.4928,0.888,0.021,True,False,0.0,20001,0.53,0.4508,0.4951,0.4508,0.4951,0.4508,0.4951
2613404,São José da Coroa Grande - PE,26,1.5,0.4991,0.5278,0.4911,0.8939,0.0237,True,False,0.0,18777,0.58,0.4991,0.5278,0.4991,0.5278,0.4991,0.5278
2613503,São José do Belmonte - PE,26,1.5,0.4378,0.4746,0.467,0.8438,0.0096,True,False,0.0,34821,0.54,0.4378,0.4746,0.4378,0.4746,0.4378,0.4746
2613602,São José do Egito - PE,26,1.5,0.441,0.4769,0.4774,0.8211,0.0126,True,True,0.0,30945,0.53,0.441,0.4769,0.441,0.4769,0.441,0.4769
2613701,São Lourenço da Mata - PE,26,1.5,0.4624,0.4942,0.4979,0.8527,0.004,True,True,0.0,111046,0.5,0.4624,0.4942,0.4624,0.4942,0.4624,0.4942
2613800,São Vicente Férrer - PE,26,1.5,0.4223,0.4641,0.4532,0.7862,0.0061,True,False,0.0,16670,0.56,0.4223,0.4641,0.4223,0.4641,0.4223,0.4641
2613909,Serra Talhada - PE,26,1.5,0.4858,0.5158,0.5,0.9044,0.0117,True,False,0.0,92120,0.56,0.49,0.5197,0.4858,0.5158,0.4844,0.5144
2614006,Serrita - PE,26,1.5,0.4247,0.4679,0.4576,0.8195,0.0097,True,False,0.0,18195,0.56,0.4247,0.4679,0.4247,0.4679,0.4247,0.4679
2614105,Sertânia - PE,26,1.5,0.4436,0.4805,0.4672,0.8364,0.0104,True,False,0.0,32767,0.6,0.4436,0.4805,0.4436,0.4805,0.4436,0.4805
2614204,Sirinhaém - PE,26,1.5,0.443,0.4804,0.4262,0.7445,0.0098,True,False,0.0,37585,0.44,0.4835,0.5183,0.443,0.4804,0.428,0.4665
2614303,Moreilândia - PE,26,1.5,0.4187,0.4603,0.4502,0.8079,0.0042,True,False,0.0,10526,0.54,0.4187,0.4603,0.4187,0.4603,0.4187,0.4603
2614402,Solidão - PE,26,1.5,0.4355,0.4783,0.4886,0.8823,0.0178,True,True,0.0,5198,0.56,0.4355,0.4783,0.4355,0.4783,0.4355,0.4783
2614501,Surubim - PE,26,1.5,0.4603,0.4937,0.4712,0.8309,0.013,True,False,0.0,64019,0.52,0.4603,0.4937,0.4603,0.4937,0.4603,0.4937
2614600,Tabira - PE,26,1.5,0.4709,0.5048,0.4746,0.8782,0.0075,True,False,0.0,27615,0.51,0.4709,0.5048,0.4709,0.5048,0.4709,0.5048
2614709,Tacaimbó - PE,26,1.5,0.3934,0.4353,0.4327,0.7732,0.007,True,False,0.0,13164,0.5,0.3934,0.4353,0.3934,0.4353,0.3934,0.4353
2614808,Tacaratu - PE,26,1.5,0.4005,0.4472,0.4435,0.7814,0.0119,True,False,0.0,23895,0.49,0.4005,0.4472,0.4005,0.4472,0.4005,0.4472
2614857,Tamandaré - PE,26,1.5,0.4658,0.4983,0.4786,0.8503,0.015,True,False,0.0,23521,0.55,0.4658,0.4983,0.4658,0.4983,0.4658,0.4983
2615003,Taquaritinga do Norte - PE,26,1.5,0.4118,0.4511,0.4138,0.7147,0.0109,True,False,0.0,24673,0.42,0.4385,0.476,0.4118,0.4511,0.4023,0.4423
2615102,Terezinha - PE,26,1.5,0.4117,0.4564,0.4616,0.847,0.018,True,True,0.0,6498,0.53,0.4117,0.4564,0.4117,0.4564,0.4117,0.4564
2615201,Terra Nova - PE,26,1.5,0.3812,0.4234,0.4225,0.7479,0.0116,True,False,0.0,8920,0.49,0.3812,0.4234,0.3812,0.4234,0.3812,0.4234
2615300,Timbaúba - PE,26,1.5,0.4659,0.4996,0.4724,0.8442,0.0144,True,False,0.0,46033,0.5,0.4659,0.4996,0.4659,0.4996,0.4659,0.4996
2615409,Toritama - PE,26,1.5,0.4019,0.4409,0.4391,0.7551,0.0139,True,False,0.0,41096,0.43,0.4019,0.4409,0.4019,0.4409,0.4019,0.4409
2615508,Tracunhaém - PE,26,1.5,0.4041,0.4445,0.4402,0.7424,0.0113,True,False,0.0,13866,0.46,0.4041,0.4445,0.4041,0.4445,0.4041,0.4445
2615607,Trindade - PE,26,1.5,0.4383,0.4775,0.4522,0.8196,0.0114,True,False,0.0,30284,0.57,0.4383,0.4775,0.4383,0.4775,0.4383,0.4775
2615706,Triunfo - PE,26,1.5,0.4559,0.4875,0.4758,0.8672,0.0114,True,False,0.0,14667,0.56,0.4559,0.4875,0.4559,0.4875,0.4559,0.4875
2615805,Tupanatinga - PE,26,1.5,0.4346,0.4873,0.4778,0.8407,0.0088,True,False,0.0,26874,0.61,0.4346,0.4873,0.4346,0.4873,0.4346,0.4873
2615904,Tuparetama - PE,26,1.5,0.4333,0.4694,0.4575,0.836,0.0097,True,False,0.0,7975,0.47,0.4333,0.4694,0.4333,0.4694,0.4333,0.4694
2616001,Venturosa - PE,26,1.5,0.5087,0.5408,0.4625,0.8423,0.0106,True,False,0.0,17232,0.52,0.5504,0.5799,0.5087,0.5408,0.493,0.5261
2616100,Verdejante - PE,26,1.5,0.4918,0.5291,0.5108,0.884,0.0161,True,False,0.0,9165,0.54,0.5198,0.555,0.4918,0.5291,0.4817,0.5197
2616183,Vertente do Lério - PE,26,1.5,0.3128,0.3628,0.3563,0.639,0.0205,True,False,0.0,7557,0.45,0.3128,0.3628,0.3128,0.3628,0.3128,0.3628
2616209,Vertentes - PE,26,1.5,0.3913,0.4302,0.4078,0.7402,0.0049,True,False,0.0,21949,0.46,0.3913,0.4302,0.3913,0.4302,0.3913,0.4302
2616308,Vicência - PE,26,1.5,0.3841,0.424,0.4235,0.7408,0.0037,True,False,0.0,26352,0.48,0.3841,0.424,0.3841,0.424,0.3841,0.424
2616407,Vitória de Santo Antão - PE,26,1.5,0.4539,0.4858,0.4694,0.836,0.0103,True,False,0.0,133703,0.54,0.4539,0.4858,0.4539,0.4858,0.4539,0.4858
2616506,Xexéu - PE,26,1.5,0.3944,0.4371,0.438,0.7317,0.0051,True,True,0.0,11611,0.49,0.3944,0.4371,0.3944,0.4371,0.3944,0.4371
2700102,Água Branca - AL,27,1.5,0.4578,0.4992,0.4675,0.8527,0.0088,True,False,0.0,19006,0.56,0.483,0.5225,0.4578,0.4992,0.4488,0.4909
2700201,Anadia - AL,27,1.5,0.4387,0.4769,0.4741,0.8297,0.007,True,False,0.0,13965,0.53,0.4387,0.4769,0.4387,0.4769,0.4387,0.4769
2700300,Arapiraca - AL,27,1.5,0.5012,0.5285,0.5007,0.8958,0.0101,True,False,0.0,233861,0.55,0.5139,0.5405,0.5012,0.5285,0.4968,0.5244
2700409,Atalaia - AL,27,1.5,0.4002,0.4404,0.4278,0.7599,0.0081,True,False,0.0,37468,0.5,0.4002,0.4404,0.4002,0.4404,0.4002,0.4404
2700508,Barra de Santo Antônio - AL,27,1.5,0.4143,0.4513,0.4279,0.7729,0.0129,True,False,0.0,16323,0.52,0.4143,0.4513,0.4143,0.4513,0.4143,0.4513
2700607,Barra de São Miguel - AL,27,1.5,0.4821,0.5155,0.4084,0.7571,0.027,True,False,0.0,7905,0.55,0.5223,0.5531,0.4821,0.5155,0.4672,0.5015
2700706,Batalha - AL,27,1.5,0.438,0.4748,0.4385,0.8093,0.0109,True,False,0.0,16415,0.49,0.438,0.4748,0.438,0.4748,0.438,0.4748
2700805,Belém - AL,27,1.5,0.4081,0.4499,0.4297,0.7721,0.024,True,False,0.0,4719,0.56,0.4081,0.4499,0.4081,0.4499,0.4081,0.4499
2700904,Belo Monte - AL,27,1.5,0.4325,0.4845,0.484,0.8915,0.0217,True,False,0.0,5936,0.65,0.4325,0.4845,0.4325,0.4845,0.4325,0.4845
2701001,Boca da Mata - AL,27,1.5,0.4303,0.467,0.4571,0.8093,0.0047,True,False,0.0,21080,0.51,0.4303,0.467,0.4303,0.467,0.4303,0.467
2701100,Branquinha - AL,27,1.5,0.3843,0.4318,0.4316,0.763,0.0161,True,False,0.0,9272,0.42,0.3843,0.4318,0.3843,0.4318,0.3843,0.4318
2701209,Cacimbinhas - AL,27,1.5,0.4319,0.4723,0.461,0.8268,0.0132,True,False,0.0,10446,0.6,0.4319,0.4723,0.4319,0.4723,0.4319,0.4723
2701308,Cajueiro - AL,27,1.5,0.4819,0.5184,0.5087,0.9426,0.0037,True,False,0.0,16013,0.49,0.4819,0.5184,0.4819,0.5184,0.4819,0.5184
2701357,Campestre - AL,27,1.5,0.4605,0.4971,0.4876,0.8824,0.0054,True,False,0.0,6663,0.47,0.4605,0.4971,0.4605,0.4971,0.4605,0.4971
2701407,Campo Alegre - AL,27,1.5,0.4043,0.4437,0.4304,0.7734,0.0098,True,False,0.0,32065,0.47,0.4043,0.4437,0.4043,0.4437,0.4043,0.4437
2701506,Campo Grande - AL,27,1.5,0.3943,0.4445,0.4419,0.7735,0.0109,True,False,0.0,8139,0.58,0.3943,0.4445,0.3943,0.4445,0.3943,0.4445
2701605,Canapi - AL,27,1.5,0.4508,0.4942,0.4739,0.8678,0.0095,True,False,0.0,15550,0.6,0.4508,0.4942,0.4508,0.4942,0.4508,0.4942
2701704,Capela - AL,27,1.5,0.44,0.4771,0.4369,0.7943,0.0089,True,False,0.0,14944,0.49,0.4617,0.4973,0.44,0.4771,0.4324,0.4699
2701803,Carneiros - AL,27,1.5,0.4271,0.4725,0.4656,0.8592,0.0186,True,False,0.0,8896,0.54,0.4271,0.4725,0.4271,0.4725,0.4271,0.4725
2701902,Chã Preta - AL,27,1.5,0.3871,0.4315,0.4182,0.7723,0.0188,True,False,0.0,5851,0.5,0.3871,0.4315,0.3871,0.4315,0.3871,0.4315
2702009,Coité do Nóia - AL,27,1.5,0.4299,0.4733,0.4703,0.8296,0.013,True,False,0.0,10801,0.52,0.4299,0.4733,0.4299,0.4733,0.4299,0.4733
2702108,Colônia Leopoldina - AL,27,1.5,0.4255,0.4641,0.4542,0.83,0.0025,True,False,0.0,15804,0.53,0.4255,0.4641,0.4255,0.4641,0.4255,0.4641
2702207,Coqueiro Seco - AL,27,1.5,0.392,0.4311,0.402,0.7267,0.0103,True,False,0.0,5555,0.49,0.392,0.4311,0.392,0.4311,0.392,0.4311
2702306,Coruripe - AL,27,1.5,0.4375,0.4724,0.4403,0.7728,0.0085,True,False,0.0,50305,0.52,0.4581,0.4918,0.4375,0.4724,0.4302,0.4656
2702355,Craíbas - AL,27,1.5,0.4266,0.4762,0.4636,0.8427,0.0069,True,False,0.0,25396,0.53,0.4266,0.4762,0.4266,0.4762,0.4266,0.4762
2702405,Delmiro Gouveia - AL,27,1.5,0.4502,0.4833,0.4678,0.8327,0.0093,True,False,0.0,51108,0.52,0.4502,0.4833,0.4502,0.4833,0.4502,0.4833
2702504,Dois Riachos - AL,27,1.5,0.4219,0.468,0.4675,0.8401,0.0174,True,False,0.0,9798,0.55,0.4219,0.468,0.4219,0.468,0.4219,0.468
2702553,Estrela de Alagoas - AL,27,1.5,0.4529,0.5006,0.4952,0.91,0.0139,True,False,0.0,15419,0.51,0.4529,0.5006,0.4529,0.5006,0.4529,0.5006
2702603,Feira Grande - AL,27,1.5,0.44,0.4878,0.4874,0.8378,0.0094,True,False,0.0,22702,0.53,0.44,0.4878,0.44,0.4878,0.44,0.4878
2702702,Feliz Deserto - AL,27,1.5,0.424,0.4619,0.451,0.8213,0.0103,True,False,0.0,3963,0.49,0.424,0.4619,0.424,0.4619,0.424,0.4619
2702801,Flexeiras - AL,27,1.5,0.3901,0.4327,0.4234,0.7297,0.0104,True,False,0.0,9618,0.47,0.3901,0.4327,0.3901,0.4327,0.3901,0.4327
2702900,Girau do Ponciano - AL,27,1.5,0.4275,0.4724,0.4693,0.8401,0.0111,True,False,0.0,35294,0.58,0.4275,0.4724,0.4275,0.4724,0.4275,0.4724
2703007,Ibateguara - AL,27,1.5,0.3931,0.4346,0.4167,0.7106,0.0109,True,False,0.0,13708,0.53,0.3931,0.4346,0.3931,0.4346,0.3931,0.4346
2703106,Igaci - AL,27,1.5,0.4399,0.4834,0.4823,0.8753,0.0119,True,False,0.0,23994,0.57,0.4399,0.4834,0.4399,0.4834,0.4399,0.4834
2703205,Igreja Nova - AL,27,1.5,0.3753,0.4244,0.4341,0.7094,0.0068,True,True,0.0,21372,0.65,0.3753,0.4244,0.3753,0.4244,0.3753,0.4244
2703304,Inhapi - AL,27,1.5,0.5143,0.557,0.505,0.9148,0.0108,True,False,0.0,15166,0.67,0.5683,0.6063,0.5143,0.557,0.4933,0.5377
2703403,Jacaré dos Homens - AL,27,1.5,0.3982,0.4371,0.4147,0.7507,0.0109,True,False,0.0,5078,0.49,0.3982,0.4371,0.3982,0.4371,0.3982,0.4371
2703502,Jacuípe - AL,27,1.5,0.3832,0.4243,0.4103,0.7225,0.0069,True,False,0.0,5333,0.46,0.3832,0.4243,0.3832,0.4243,0.3832,0.4243
2703601,Japaratinga - AL,27,1.5,0.3606,0.4022,0.38,0.6908,0.0081,True,False,0.0,9173,0.52,0.3606,0.4022,0.3606,0.4022,0.3606,0.4022
2703700,Jaramataia - AL,27,1.5,0.3605,0.4071,0.3967,0.7035,0.0174,True,False,0.0,4982,0.48,0.3605,0.4071,0.3605,0.4071,0.3605,0.4071
2703759,Jequiá da Praia - AL,27,1.5,0.324,0.3712,0.3522,0.6298,0.0086,True,False,0.0,9439,0.47,0.324,0.3712,0.324,0.3712,0.324,0.3712
2703809,Joaquim Gomes - AL,27,1.5,0.4007,0.4444,0.4287,0.7672,0.0087,True,False,0.0,17108,0.5,0.4007,0.4444,0.4007,0.4444,0.4007,0.4444
2703908,Jundiá - AL,27,1.5,0.4023,0.4418,0.4341,0.7574,0.0058,True,False,0.0,4089,0.54,0.4023,0.4418,0.4023,0.4418,0.4023,0.4418
2704005,Junqueiro - AL,27,1.5,0.4184,0.4564,0.4415,0.7782,0.0047,True,False,0.0,23859,0.57,0.4184,0.4564,0.4184,0.4564,0.4184,0.4564
2704104,Lagoa da Canoa - AL,27,1.5,0.4174,0.4603,0.4707,0.8193,0.0191,True,True,0.0,18404,0.51,0.4174,0.4603,0.4174,0.4603,0.4174,0.4603
2704203,Limoeiro de Anadia - AL,27,1.5,0.4049,0.4472,0.4433,0.7663,0.0102,True,False,0.0,24739,0.64,0.4049,0.4472,0.4049,0.4472,0.4049,0.4472
2704302,Maceió - AL,27,1.5,0.5785,0.5976,0.5616,1.0155,0.016,True,False,0.0,952381,0.63,0.603,0.6211,0.5785,0.5976,0.5696,0.5892
2704401,Major Isidoro - AL,27,1.5,0.4029,0.4426,0.4273,0.7885,0.0103,True,False,0.0,17692,0.54,0.4029,0.4426,0.4029,0.4426,0.4029,0.4426
2704500,Maragogi - AL,27,1.5,0.4355,0.4704,0.4357,0.7876,0.0099,True,False,0.0,32064,0.54,0.4493,0.4834,0.4355,0.4704,0.4307,0.4659
2704609,Maravilha - AL,27,1.5,0.3953,0.4361,0.4276,0.7683,0.0132,True,False,0.0,9534,0.58,0.3953,0.4361,0.3953,0.4361,0.3953,0.4361
2704708,Marechal Deodoro - AL,27,1.5,0.5282,0.5523,0.5131,0.9289,0.0144,True,False,0.0,60244,0.6,0.5494,0.5724,0.5282,0.5523,0.5207,0.5451
2704807,Maribondo - AL,27,1.5,0.3829,0.4243,0.4064,0.7407,0.0155,True,False,0.0,13661,0.49,0.3829,0.4243,0.3829,0.4243,0.3829,0.4243
2704906,Mar Vermelho - AL,27,1.5,0.4388,0.4783,0.4065,0.7355,0.0217,True,False,0.0,3152,0.47,0.4899,0.5259,0.4388,0.4783,0.4194,0.4602
2705002,Mata Grande - AL,27,1.5,0.4333,0.4863,0.4876,0.8774,0.0154,True,True,0.0,21844,0.57,0.4333,0.4863,0.4333,0.4863,0.4333,0.4863
2705101,Matriz de Camaragibe - AL,27,1.5,0.3491,0.3942,0.3792,0.6699,0.0049,True,False,0.0,23570,0.46,0.3491,0.3942,0.3491,0.3942,0.3491,0.3942
2705200,Messias - AL,27,1.5,0.3833,0.4266,0.4291,0.7155,0.0106,True,True,0.0,15295,0.49,0.3833,0.4266,0.3833,0.4266,0.3833,0.4266
2705309,Minador do Negrão - AL,27,1.5,0.4523,0.495,0.4796,0.8617,0.0199,True,False,0.0,4845,0.54,0.4523,0.495,0.4523,0.495,0.4523,0.495
2705408,Monteirópolis - AL,27,1.5,0.4142,0.4589,0.4488,0.8202,0.0183,True,False,0.0,7185,0.49,0.4142,0.4589,0.4142,0.4589,0.4142,0.4589
2705507,Murici - AL,27,1.5,0.4081,0.4461,0.4245,0.7671,0.0163,True,False,0.0,25158,0.48,0.4081,0.4461,0.4081,0.4461,0.4081,0.4461
2705606,Novo Lino - AL,27,1.5,0.4044,0.4449,0.4314,0.7835,0.0068,True,False,0.0,10007,0.55,0.4044,0.4449,0.4044,0.4449,0.4044,0.4449
2705705,Olho d'Água das Flores - AL,27,1.5,0.4695,0.5074,0.5004,0.8919,0.0115,True,False,0.0,20656,0.55,0.4695,0.5074,0.4695,0.5074,0.4695,0.5074
2705804,Olho d'Água do Casado - AL,27,1.5,0.4222,0.4685,0.4519,0.7995,0.0046,True,False,0.0,8348,0.54,0.4222,0.4685,0.4222,0.4685,0.4222,0.4685
2705903,Olho d'Água Grande - AL,27,1.5,0.4081,0.4739,0.4707,0.8279,0.0137,True,False,0.0,4327,0.59,0.4081,0.4739,0.4081,0.4739,0.4081,0.4739
2706000,Olivença - AL,27,1.5,0.4506,0.5076,0.5057,0.9078,0.0128,True,False,0.0,10812,0.56,0.4506,0.5076,0.4506,0.5076,0.4506,0.5076
2706109,Ouro Branco - AL,27,1.5,0.4596,0.4966,0.4707,0.869,0.0087,True,False,0.0,11446,0.55,0.4596,0.4966,0.4596,0.4966,0.4596,0.4966
2706208,Palestina - AL,27,1.5,0.395,0.4347,0.4148,0.7652,0.0081,True,False,0.0,4310,0.59,0.395,0.4347,0.395,0.4347,0.395,0.4347
2706307,Palmeira dos Índios - AL,27,1.5,0.4748,0.5069,0.4828,0.8716,0.0122,True,False,0.0,71370,0.56,0.4829,0.5145,0.4748,0.5069,0.472,0.5043
2706406,Pão de Açúcar - AL,27,1.5,0.4523,0.488,0.4749,0.8565,0.0067,True,False,0.0,23803,0.57,0.4523,0.488,0.4523,0.488,0.4523,0.488
2706422,Pariconha - AL,27,1.5,0.4174,0.462,0.4566,0.8224,0.0112,True,False,0.0,10574,0.5,0.4174,0.462,0.4174,0.462,0.4174,0.462
2706448,Paripueira - AL,27,1.5,0.434,0.4673,0.4292,0.7749,0.0181,True,False,0.0,13834,0.53,0.434,0.4673,0.434,0.4673,0.434,0.4673
2706505,Passo de Camaragibe - AL,27,1.5,0.36,0.4021,0.3842,0.6793,0.0119,True,False,0.0,13788,0.48,0.36,0.4021,0.36,0.4021,0.36,0.4021
2706604,Paulo Jacinto - AL,27,1.5,0.4471,0.4856,0.4268,0.7483,0.0127,True,False,0.0,6576,0.52,0.4999,0.5347,0.4471,0.4856,0.427,0.4668
2706703,Penedo - AL,27,1.5,0.51,0.5396,0.4895,0.8925,0.0106,True,False,0.0,58589,0.55,0.5348,0.563,0.51,0.5396,0.5011,0.5313
2706802,Piaçabuçu - AL,27,1.5,0.4477,0.4865,0.4722,0.8644,0.0081,True,False,0.0,15889,0.52,0.4477,0.4865,0.4477,0.4865,0.4477,0.4865
2706901,Pilar - AL,27,1.5,0.4159,0.4523,0.4443,0.784,0.0083,True,False,0.0,35361,0.51,0.4159,0.4523,0.4159,0.4523,0.4159,0.4523
2707008,Pindoba - AL,27,1.5,0.3662,0.4124,0.3937,0.6988,0.0176,True,False,0.0,2726,0.58,0.3662,0.4124,0.3662,0.4124,0.3662,0.4124
2707107,Piranhas - AL,27,1.5,0.4998,0.5312,0.5065,0.9233,0.0093,True,False,0.0,22609,0.6,0.4998,0.5312,0.4998,0.5312,0.4998,0.5312
2707206,Poço das Trincheiras - AL,27,1.5,0.4152,0.4698,0.4675,0.8379,0.0159,True,False,0.0,12482,0.64,0.4152,0.4698,0.4152,0.4698,0.4152,0.4698
2707305,Porto Calvo - AL,27,1.5,0.4272,0.4636,0.4416,0.7668,0.012,True,False,0.0,24066,0.47,0.4272,0.4636,0.4272,0.4636,0.4272,0.4636
2707404,Porto de Pedras - AL,27,1.5,0.3886,0.4302,0.4109,0.7435,0.0117,True,False,0.0,9216,0.53,0.3886,0.4302,0.3886,0.4302,0.3886,0.4302
2707503,Porto Real do Colégio - AL,27,1.5,0.4389,0.4854,0.4705,0.8409,0.0044,True,False,0.0,19963,0.61,0.4389,0.4854,0.4389,0.4854,0.4389,0.4854
2707602,Quebrangulo - AL,27,1.5,0.466,0.5034,0.4643,0.8469,0.0127,True,False,0.0,11070,0.53,0.466,0.5034,0.466,0.5034,0.466,0.5034
2707701,Rio Largo - AL,27,1.5,0.3969,0.4355,0.4351,0.7579,0.0065,True,False,0.0,93903,0.48,0.3969,0.4355,0.3969,0.4355,0.3969,0.4355
2707800,Roteiro - AL,27,1.5,0.3129,0.3627,0.3607,0.6274,0.0254,True,False,0.0,6453,0.47,0.3129,0.3627,0.3129,0.3627,0.3129,0.3627
2707909,Santa Luzia do Norte - AL,27,1.5,0.3777,0.4197,0.413,0.7249,0.007,True,False,0.0,6916,0.48,0.3777,0.4197,0.3777,0.4197,0.3777,0.4197
2708006,Santana do Ipanema - AL,27,1.5,0.4637,0.5002,0.5006,0.906,0.0097,True,True,0.0,46116,0.61,0.4637,0.5002,0.4637,0.5002,0.4637,0.5002
2708105,Santana do Mundaú - AL,27,1.5,0.3739,0.4185,0.3965,0.7247,0.0059,True,False,0.0,11322,0.49,0.3739,0.4185,0.3739,0.4185,0.3739,0.4185
2708204,São Brás - AL,27,1.5,0.5097,0.5558,0.5503,0.9877,0.0013,True,False,0.0,6550,0.61,0.5097,0.5558,0.5097,0.5558,0.5097,0.5558
2708303,São José da Laje - AL,27,1.5,0.3805,0.4226,0.4094,0.7283,0.0094,True,False,0.0,20812,0.48,0.3805,0.4226,0.3805,0.4226,0.3805,0.4226
2708402,São José da Tapera - AL,27,1.5,0.4692,0.5138,0.5013,0.9133,0.0033,True,False,0.0,30595,0.58,0.4692,0.5138,0.4692,0.5138,0.4692,0.5138
2708501,São Luís do Quitunde - AL,27,1.5,0.3624,0.404,0.385,0.6838,0.011,True,False,0.0,30864,0.5,0.3624,0.404,0.3624,0.404,0.3624,0.404
2708600,São Miguel dos Campos - AL,27,1.5,0.3954,0.4328,0.4221,0.7458,0.0075,True,False,0.0,51791,0.51,0.3954,0.4328,0.3954,0.4328,0.3954,0.4328
2708709,São Miguel dos Milagres - AL,27,1.5,0.428,0.4645,0.4503,0.7613,0.0143,True,False,0.0,8473,0.48,0.428,0.4645,0.428,0.4645,0.428,0.4645
2708808,São Sebastião - AL,27,1.5,0.4079,0.45,0.4303,0.7589,0.008,True,False,0.0,31623,0.54,0.4079,0.45,0.4079,0.45,0.4079,0.45
2708907,Satuba - AL,27,1.5,0.3778,0.4171,0.4173,0.7317,0.0107,True,True,0.0,24279,0.52,0.3778,0.4171,0.3778,0.4171,0.3778,0.4171
2708956,Senador Rui Palmeira - AL,27,1.5,0.4019,0.4493,0.4445,0.794,0.0093,True,False,0.0,12263,0.55,0.4019,0.4493,0.4019,0.4493,0.4019,0.4493
2709004,Tanque d'Arca - AL,27,1.5,0.4819,0.5194,0.4561,0.8026,0.0115,True,False,0.0,5795,0.5,0.5395,0.573,0.4819,0.5194,0.4593,0.4985
2709103,Taquarana - AL,27,1.5,0.4122,0.4565,0.4518,0.7972,0.0121,True,False,0.0,18880,0.51,0.4122,0.4565,0.4122,0.4565,0.4122,0.4565
2709152,Teotônio Vilela - AL,27,1.5,0.4258,0.4624,0.4715,0.7874,0.005,True,True,0.0,38014,0.51,0.4258,0.4624,0.4258,0.4624,0.4258,0.4624
2709202,Traipu - AL,27,1.5,0.4578,0.5011,0.4918,0.8656,0.011,True,False,0.0,23523,0.64,0.4578,0.5011,0.4578,0.5011,0.4578,0.5011
2709301,União dos Palmares - AL,27,1.5,0.4215,0.4591,0.4504,0.7901,0.011,True,False,0.0,58438,0.53,0.4215,0.4591,0.4215,0.4591,0.4215,0.4591
2709400,Viçosa - AL,27,1.5,0.3969,0.4377,0.4144,0.7301,0.0152,True,False,0.0,23873,0.59,0.3969,0.4377,0.3969,0.4377,0.3969,0.4377
2800100,Amparo do São Francisco - SE,28,1.5,0.4695,0.5032,0.5113,0.8582,0.0104,True,True,0.0,2168,0.51,0.4695,0.5032,0.4695,0.5032,0.4695,0.5032
2800209,Aquidabã - SE,28,1.5,0.4654,0.5017,0.4797,0.8786,0.0108,True,False,0.0,20028,0.54,0.4654,0.5017,0.4654,0.5017,0.4654,0.5017
2800308,Aracaju - SE,28,1.5,0.5872,0.6039,0.5813,1.0909,0.0109,True,False,0.0,600792,0.62,0.615,0.6307,0.5872,0.6039,0.577,0.5941
2800407,Arauá - SE,28,1.5,0.4522,0.4899,0.4581,0.8477,0.0144,True,False,0.0,10309,0.5,0.4522,0.4899,0.4522,0.4899,0.4522,0.4899
2800506,Areia Branca - SE,28,1.5,0.452,0.4885,0.4369,0.7837,0.0104,True,False,0.0,17304,0.48,0.4804,0.5151,0.452,0.4885,0.4419,0.479
2800605,Barra dos Coqueiros - SE,28,1.5,0.5295,0.551,0.5307,0.9905,0.0075,True,False,0.0,41487,0.54,0.5397,0.5607,0.5295,0.551,0.526,0.5476
2800670,Boquim - SE,28,1.5,0.4822,0.515,0.4981,0.9218,0.0165,True,False,0.0,24557,0.5,0.4822,0.515,0.4822,0.515,0.4822,0.515
2800704,Brejo Grande - SE,28,1.5,0.4588,0.5057,0.4843,0.8595,0.0046,True,False,0.0,7841,0.51,0.4588,0.5057,0.4588,0.5057,0.4588,0.5057
2801009,Campo do Brito - SE,28,1.5,0.4166,0.4531,0.4268,0.7646,0.0155,True,False,0.0,18130,0.54,0.4166,0.4531,0.4166,0.4531,0.4166,0.4531
2801108,Canhoba - SE,28,1.5,0.4463,0.4871,0.4897,0.8954,0.0176,True,True,0.0,3783,0.52,0.4463,0.4871,0.4463,0.4871,0.4463,0.4871
2801207,Canindé de São Francisco - SE,28,1.5,0.4672,0.503,0.4879,0.8968,0.0111,True,False,0.0,26723,0.55,0.4672,0.503,0.4672,0.503,0.4672,0.503
2801306,Capela - SE,28,1.5,0.458,0.4947,0.492,0.8313,0.0089,True,False,0.0,31535,0.53,0.458,0.4947,0.458,0.4947,0.458,0.4947
2801405,Carira - SE,28,1.5,0.4236,0.4639,0.4571,0.8112,0.015,True,False,0.0,19823,0.49,0.4236,0.4639,0.4236,0.4639,0.4236,0.4639
2801504,Carmópolis - SE,28,1.5,0.4285,0.4641,0.4524,0.7953,0.0079,True,False,0.0,13844,0.55,0.4285,0.4641,0.4285,0.4641,0.4285,0.4641
2801603,Cedro de São João - SE,28,1.5,0.4669,0.5027,0.4933,0.8882,0.0043,True,False,0.0,5391,0.53,0.4669,0.5027,0.4669,0.5027,0.4669,0.5027
2801702,Cristinápolis - SE,28,1.5,0.4377,0.4777,0.4686,0.8432,0.0062,True,False,0.0,17017,0.5,0.4377,0.4777,0.4377,0.4777,0.4377,0.4777
2801900,Cumbe - SE,28,1.5,0.3938,0.435,0.4354,0.7472,0.014,True,True,0.0,3824,0.49,0.3938,0.435,0.3938,0.435,0.3938,0.435
2802007,Divina Pastora - SE,28,1.5,0.3822,0.4229,0.4102,0.7411,0.0112,True,False,0.0,4339,0.4,0.3822,0.4229,0.3822,0.4229,0.3822,0.4229
2802106,Estância - SE,28,1.5,0.4756,0.5068,0.4833,0.8758,0.0115,True,False,0.0,64882,0.52,0.4756,0.5068,0.4756,0.5068,0.4756,0.5068
2802205,Feira Nova - SE,28,1.5,0.4175,0.4602,0.4498,0.804,0.0054,True,False,0.0,5968,0.47,0.4175,0.4602,0.4175,0.4602,0.4175,0.4602
2802304,Frei Paulo - SE,28,1.5,0.4104,0.4488,0.4288,0.7722,0.0145,True,False,0.0,14520,0.48,0.4104,0.4488,0.4104,0.4488,0.4104,0.4488
2802403,Gararu - SE,28,1.5,0.4957,0.5348,0.5184,0.9786,0.0029,True,False,0.0,11063,0.61,0.4957,0.5348,0.4957,0.5348,0.4957,0.5348
2802502,General Maynard - SE,28,1.5,0.4039,0.4411,0.4275,0.75,0.016,True,False,0.0,3032,0.54,0.4039,0.4411,0.4039,0.4411,0.4039,0.4411
2802601,Graccho Cardoso - SE,28,1.5,0.4044,0.4482,0.447,0.8053,0.0249,True,False,0.0,5828,0.56,0.4044,0.4482,0.4044,0.4482,0.4044,0.4482
2802700,Ilha das Flores - SE,28,1.5,0.4019,0.4554,0.4469,0.7965,0.0094,True,False,0.0,8320,0.56,0.4019,0.4554,0.4019,0.4554,0.4019,0.4554
2802809,Indiaroba - SE,28,1.5,0.4877,0.5302,0.5072,0.9224,0.007,True,False,0.0,16531,0.53,0.4877,0.5302,0.4877,0.5302,0.4877,0.5302
2802908,Itabaiana - SE,28,1.5,0.4492,0.4813,0.4435,0.8096,0.0106,True,False,0.0,103156,0.52,0.4652,0.4964,0.4492,0.4813,0.4436,0.4761
2803005,Itabaianinha - SE,28,1.5,0.4155,0.4562,0.44,0.7866,0.0088,True,False,0.0,40649,0.51,0.4155,0.4562,0.4155,0.4562,0.4155,0.4562
2803104,Itabi - SE,28,1.5,0.3903,0.43,0.4275,0.7775,0.0161,True,False,0.0,4744,0.47,0.3903,0.43,0.3903,0.43,0.3903,0.43
2803203,Itaporanga d'Ajuda - SE,28,1.5,0.4397,0.4778,0.4779,0.7991,0.008,True,True,0.0,34327,0.49,0.4397,0.4778,0.4397,0.4778,0.4397,0.4778
2803302,Japaratuba - SE,28,1.5,0.4378,0.4731,0.456,0.8243,0.0071,True,False,0.0,16207,0.5,0.4378,0.4731,0.4378,0.4731,0.4378,0.4731
2803401,Japoatã - SE,28,1.5,0.4445,0.4822,0.4571,0.8095,0.0121,True,False,0.0,13407,0.49,0.4445,0.4822,0.4445,0.4822,0.4445,0.4822
2803500,Lagarto - SE,28,1.5,0.4522,0.4855,0.4622,0.8344,0.0101,True,False,0.0,101403,0.5,0.4612,0.494,0.4522,0.4855,0.4492,0.4826
2803609,Laranjeiras - SE,28,1.5,0.4177,0.4542,0.4481,0.7816,0.0075,True,False,0.0,23976,0.49,0.4177,0.4542,0.4177,0.4542,0.4177,0.4542
2803708,Macambira - SE,28,1.5,0.3641,0.4058,0.3992,0.7262,0.0167,True,False,0.0,6796,0.43,0.3641,0.4058,0.3641,0.4058,0.3641,0.4058
2803807,Malhada dos Bois - SE,28,1.5,0.3901,0.4292,0.4236,0.7519,0.0033,True,False,0.0,3563,0.46,0.3901,0.4292,0.3901,0.4292,0.3901,0.4292
2803906,Malhador - SE,28,1.5,0.4082,0.4463,0.4403,0.8107,0.0098,True,False,0.0,11534,0.45,0.4082,0.4463,0.4082,0.4463,0.4082,0.4463
2804003,Maruim - SE,28,1.5,0.4452,0.4798,0.4817,0.8289,0.0037,True,True,0.0,15709,0.48,0.4452,0.4798,0.4452,0.4798,0.4452,0.4798
2804102,Moita Bonita - SE,28,1.5,0.3977,0.4369,0.4195,0.7625,0.0103,True,False,0.0,11029,0.44,0.3977,0.4369,0.3977,0.4369,0.3977,0.4369
2804201,Monte Alegre de Sergipe - SE,28,1.5,0.4312,0.4692,0.4557,0.8298,0.0064,True,False,0.0,14337,0.56,0.4312,0.4692,0.4312,0.4692,0.4312,0.4692
2804300,Muribeca - SE,28,1.5,0.4072,0.4459,0.4288,0.769,0.0052,True,False,0.0,7809,0.49,0.4072,0.4459,0.4072,0.4459,0.4072,0.4459
2804409,Neópolis - SE,28,1.5,0.4648,0.5,0.4831,0.868,0.013,True,False,0.0,16422,0.55,0.4648,0.5,0.4648,0.5,0.4648,0.5
2804458,Nossa Senhora Aparecida - SE,28,1.5,0.4496,0.4854,0.4775,0.8815,0.0153,True,False,0.0,9218,0.56,0.4496,0.4854,0.4496,0.4854,0.4496,0.4854
2804508,Nossa Senhora da Glória - SE,28,1.5,0.4911,0.5217,0.487,0.8702,0.0122,True,False,0.0,40683,0.52,0.5168,0.5459,0.4911,0.5217,0.4819,0.5131
2804607,Nossa Senhora das Dores - SE,28,1.5,0.4285,0.4663,0.4633,0.824,0.0122,True,False,0.0,24962,0.51,0.4285,0.4663,0.4285,0.4663,0.4285,0.4663
2804706,Nossa Senhora de Lourdes - SE,28,1.5,0.4465,0.4825,0.4594,0.8028,0.0101,True,False,0.0,6255,0.49,0.4465,0.4825,0.4465,0.4825,0.4465,0.4825
2804805,Nossa Senhora do Socorro - SE,28,1.5,0.4104,0.4478,0.442,0.7699,0.0061,True,False,0.0,192002,0.47,0.4138,0.4509,0.4104,0.4478,0.4093,0.4467
2804904,Pacatuba - SE,28,1.5,0.4487,0.4938,0.4739,0.8433,0.0087,True,False,0.0,12494,0.58,0.4487,0.4938,0.4487,0.4938,0.4487,0.4938
2805000,Pedra Mole - SE,28,1.5,0.404,0.4479,0.4358,0.8008,0.0005,True,False,0.0,2779,0.54,0.404,0.4479,0.404,0.4479,0.404,0.4479
2805109,Pedrinhas - SE,28,1.5,0.4151,0.4528,0.4401,0.8011,0.0047,True,False,0.0,7386,0.52,0.4151,0.4528,0.4151,0.4528,0.4151,0.4528
2805208,Pinhão - SE,28,1.5,0.409,0.4498,0.4292,0.7812,0.0094,True,False,0.0,5643,0.42,0.409,0.4498,0.409,0.4498,0.409,0.4498
2805307,Pirambu - SE,28,1.5,0.4293,0.4665,0.4592,0.7827,0.0107,True,False,0.0,7892,0.53,0.4293,0.4665,0.4293,0.4665,0.4293,0.4665
2805406,Poço Redondo - SE,28,1.5,0.4641,0.5047,0.4953,0.8831,0.0038,True,False,0.0,33373,0.59,0.4641,0.5047,0.4641,0.5047,0.4641,0.5047
2805505,Poço Verde - SE,28,1.5,0.4319,0.4681,0.4659,0.8284,0.0062,True,False,0.0,21742,0.51,0.4319,0.4681,0.4319,0.4681,0.4319,0.4681
2805604,Porto da Folha - SE,28,1.5,0.483,0.5218,0.5305,0.8593,0.0087,True,True,0.0,26529,0.56,0.483,0.5218,0.483,0.5218,0.483,0.5218
2805703,Propriá - SE,28,1.5,0.5085,0.5367,0.5177,0.9255,0.0113,True,False,0.0,26551,0.54,0.5085,0.5367,0.5085,0.5367,0.5085,0.5367
2805802,Riachão do Dantas - SE,28,1.5,0.4074,0.4477,0.439,0.7814,0.0026,True,False,0.0,18296,0.48,0.4074,0.4477,0.4074,0.4477,0.4074,0.4477
2805901,Riachuelo - SE,28,1.5,0.4243,0.463,0.4667,0.7827,0.0119,True,True,0.0,8724,0.5,0.4243,0.463,0.4243,0.463,0.4243,0.463
2806008,Ribeirópolis - SE,28,1.5,0.4333,0.4699,0.4405,0.7918,0.0141,True,False,0.0,16970,0.45,0.4333,0.4699,0.4333,0.4699,0.4333,0.4699
2806107,Rosário do Catete - SE,28,1.5,0.4449,0.48,0.4714,0.8249,0.0082,True,False,0.0,9286,0.5,0.4449,0.48,0.4449,0.48,0.4449,0.48
2806206,Salgado - SE,28,1.5,0.4175,0.4559,0.4327,0.7797,0.0162,True,False,0.0,20279,0.51,0.4175,0.4559,0.4175,0.4559,0.4175,0.4559
2806305,Santa Luzia do Itanhy - SE,28,1.5,0.3871,0.4352,0.4194,0.753,0.0069,True,False,0.0,13596,0.53,0.3871,0.4352,0.3871,0.4352,0.3871,0.4352
2806404,Santana do São Francisco - SE,28,1.5,0.4092,0.4489,0.4404,0.7784,0.0125,True,False,0.0,7338,0.48,0.4092,0.4489,0.4092,0.4489,0.4092,0.4489
2806503,Santa Rosa de Lima - SE,28,1.5,0.4094,0.4518,0.46,0.763,0.0136,True,True,0.0,3913,0.45,0.4094,0.4518,0.4094,0.4518,0.4094,0.4518
2806602,Santo Amaro das Brotas - SE,28,1.5,0.4488,0.485,0.4819,0.8574,0.0143,True,False,0.0,11051,0.57,0.4488,0.485,0.4488,0.485,0.4488,0.485
2806701,São Cristóvão - SE,28,1.5,0.4777,0.5054,0.4931,0.8831,0.009,True,False,0.0,93355,0.47,0.4777,0.5054,0.4777,0.5054,0.4777,0.5054
2806800,São Domingos - SE,28,1.5,0.4316,0.4697,0.4785,0.7843,0.0129,True,True,0.0,10316,0.41,0.4316,0.4697,0.4316,0.4697,0.4316,0.4697
2806909,São Francisco - SE,28,1.5,0.3889,0.429,0.4112,0.76,0.0124,True,False,0.0,3244,0.48,0.3889,0.429,0.3889,0.429,0.3889,0.429
2807006,São Miguel do Aleixo - SE,28,1.5,0.3627,0.4068,0.4031,0.7249,0.0187,True,False,0.0,3420,0.49,0.3627,0.4068,0.3627,0.4068,0.3627,0.4068
2807105,Simão Dias - SE,28,1.5,0.4413,0.4763,0.4612,0.821,0.0078,True,False,0.0,42536,0.49,0.4413,0.4763,0.4413,0.4763,0.4413,0.4763
2807204,Siriri - SE,28,1.5,0.4104,0.4486,0.4476,0.8039,0.0174,True,False,0.0,7835,0.47,0.4104,0.4486,0.4104,0.4486,0.4104,0.4486
2807303,Telha - SE,28,1.5,0.3926,0.4342,0.4266,0.7682,0.0165,True,False,0.0,3273,0.48,0.3926,0.4342,0.3926,0.4342,0.3926,0.4342
2807402,Tobias Barreto - SE,28,1.5,0.4676,0.5006,0.4611,0.8322,0.0101,True,False,0.0,50259,0.55,0.4889,0.5206,0.4676,0.5006,0.4601,0.4935
2807501,Tomar do Geru - SE,28,1.5,0.4479,0.4937,0.5169,0.8331,0.0126,True,True,0.0,11986,0.47,0.4479,0.4937,0.4479,0.4937,0.4479,0.4937
2807600,Umbaúba - SE,28,1.5,0.4304,0.4686,0.453,0.8238,0.0124,True,False,0.0,23917,0.46,0.4304,0.4686,0.4304,0.4686,0.4304,0.4686
2900108,Abaíra - BA,29,1.5,0.3707,0.4165,0.414,0.7352,0.0341,True,False,0.0,7276,0.46,0.3707,0.4165,0.3707,0.4165,0.3707,0.4165
2900207,Abaré - BA,29,1.5,0.3991,0.444,0.4346,0.7532,0.0103,True,False,0.0,17638,0.55,0.3991,0.444,0.3991,0.444,0.3991,0.444
2900306,Acajutiba - BA,29,1.5,0.4292,0.4687,0.4616,0.83,0.0106,True,False,0.0,13725,0.57,0.4292,0.4687,0.4292,0.4687,0.4292,0.4687
2900355,Adustina - BA,29,1.5,0.4158,0.4547,0.4492,0.8132,0.0128,True,False,0.0,14176,0.54,0.4158,0.4547,0.4158,0.4547,0.4158,0.4547
2900405,Água Fria - BA,29,1.5,0.3819,0.4244,0.4047,0.7298,0.008,True,False,0.0,14486,0.53,0.3819,0.4244,0.3819,0.4244,0.3819,0.4244
2900504,Érico Cardoso - BA,29,1.5,0.3555,0.4009,0.3917,0.7024,0.0228,True,False,0.0,10598,0.49,0.3555,0.4009,0.3555,0.4009,0.3555,0.4009
2900603,Aiquara - BA,29,1.5,0.3643,0.4057,0.391,0.6949,0.0061,True,False,0.0,4443,0.44,0.3643,0.4057,0.3643,0.4057,0.3643,0.4057
2900702,Alagoinhas - BA,29,1.5,0.4931,0.5204,0.5061,0.9058,0.0094,True,False,0.0,150785,0.55,0.4954,0.5226,0.4931,0.5204,0.4923,0.5196
2900801,Alcobaça - BA,29,1.5,0.4043,0.4433,0.4477,0.7476,0.0083,True,True,0.0,24350,0.53,0.4043,0.4433,0.4043,0.4433,0.4043,0.4433
2900900,Almadina - BA,29,1.5,0.3627,0.4042,0.3767,0.6918,0.0114,True,False,0.0,5210,0.46,0.3627,0.4042,0.3627,0.4042,0.3627,0.4042
2901007,Amargosa - BA,29,1.5,0.4533,0.4874,0.4701,0.8287,0.011,True,False,0.0,36400,0.56,0.4533,0.4874,0.4533,0.4874,0.4533,0.4874
2901106,Amélia Rodrigues - BA,29,1.5,0.4085,0.4456,0.4379,0.7499,0.0088,True,False,0.0,24115,0.49,0.4085,0.4456,0.4085,0.4456,0.4085,0.4456
2901155,América Dourada - BA,29,1.5,0.3732,0.4157,0.4085,0.7385,0.0052,True,False,0.0,15061,0.5,0.3732,0.4157,0.3732,0.4157,0.3732,0.4157
2901205,Anagé - BA,29,1.5,0.3821,0.4263,0.4307,0.7564,0.0259,True,True,0.0,25396,0.48,0.3821,0.4263,0.3821,0.4263,0.3821,0.4263
2901304,Andaraí - BA,29,1.5,0.4433,0.4803,0.4702,0.8103,0.0088,True,False,0.0,13044,0.59,0.4433,0.4803,0.4433,0.4803,0.4433,0.4803
2901353,Andorinha - BA,29,1.5,0.3844,0.425,0.4086,0.7365,0.01,True,False,0.0,14979,0.55,0.3844,0.425,0.3844,0.425,0.3844,0.425
2901403,Angical - BA,29,1.5,0.4151,0.4527,0.4364,0.7974,0.0099,True,False,0.0,13723,0.54,0.4151,0.4527,0.4151,0.4527,0.4151,0.4527
2901502,Anguera - BA,29,1.5,0.306,0.3583,0.3532,0.6244,0.0325,True,False,0.0,11028,0.48,0.306,0.3583,0.306,0.3583,0.306,0.3583
2901601,Antas - BA,29,1.5,0.4621,0.497,0.4627,0.8431,0.0176,True,False,0.0,14203,0.52,0.4621,0.497,0.4621,0.497,0.4621,0.497
2901700,Antônio Cardoso - BA,29,1.5,0.3799,0.4245,0.4623,0.677,0.0259,True,True,0.0,11134,0.46,0.3799,0.4245,0.3799,0.4245,0.3799,0.4245
2901809,Antônio Gonçalves - BA,29,1.5,0.3311,0.3779,0.3666,0.6717,0.0188,True,False,0.0,10850,0.51,0.3311,0.3779,0.3311,0.3779,0.3311,0.3779
2901908,Aporá - BA,29,1.5,0.4167,0.4566,0.4532,0.8041,0.0145,True,False,0.0,15855,0.56,0.4167,0.4566,0.4167,0.4566,0.4167,0.4566
2901957,Apuarema - BA,29,1.5,0.3838,0.4235,0.4134,0.7633,0.0127,True,False,0.0,6890,0.46,0.3838,0.4235,0.3838,0.4235,0.3838,0.4235
2902005,Aracatu - BA,29,1.5,0.3734,0.4175,0.4165,0.7563,0.0257,True,False,0.0,13937,0.45,0.3734,0.4175,0.3734,0.4175,0.3734,0.4175
2902054,Araçás - BA,29,1.5,0.3872,0.4291,0.4074,0.7057,0.0106,True,False,0.0,11557,0.53,0.414,0.4541,0.3872,0.4291,0.3777,0.4203
2902104,Araci - BA,29,1.5,0.4648,0.5034,0.4894,0.8908,0.01,True,False,0.0,48161,0.57,0.4648,0.5034,0.4648,0.5034,0.4648,0.5034
2902203,Aramari - BA,29,1.5,0.4143,0.4519,0.436,0.796,0.0134,True,False,0.0,9828,0.51,0.4143,0.4519,0.4143,0.4519,0.4143,0.4519
2902252,Arataca - BA,29,1.5,0.4248,0.464,0.4447,0.7832,0.0069,True,False,0.0,10182,0.47,0.4248,0.464,0.4248,0.464,0.4248,0.464
2902302,Aratuípe - BA,29,1.5,0.4154,0.4574,0.4472,0.782,0.0081,True,False,0.0,8677,0.52,0.4154,0.4574,0.4154,0.4574,0.4154,0.4574
2902401,Aurelino Leal - BA,29,1.5,0.3788,0.4201,0.4033,0.7225,0.0102,True,False,0.0,11136,0.45,0.3788,0.4201,0.3788,0.4201,0.3788,0.4201
2902500,Baianópolis - BA,29,1.5,0.3816,0.4254,0.4294,0.7557,0.0239,True,True,0.0,13580,0.57,0.3816,0.4254,0.3816,0.4254,0.3816,0.4254
2902609,Baixa Grande - BA,29,1.5,0.4341,0.4725,0.4722,0.8038,0.011,True,False,0.0,18178,0.53,0.4341,0.4725,0.4341,0.4725,0.4341,0.4725
2902658,Banzaê - BA,29,1.5,0.4073,0.4502,0.4427,0.804,0.0188,True,False,0.0,11949,0.46,0.4073,0.4502,0.4073,0.4502,0.4073,0.4502
2902708,Barra - BA,29,1.5,0.5399,0.5775,0.5103,0.8965,0.006,True,False,0.0,50920,0.59,0.596,0.6292,0.5399,0.5775,0.5176,0.5569
2902807,Barra da Estiva - BA,29,1.5,0.4245,0.4617,0.4521,0.7847,0.0125,True,False,0.0,25903,0.53,0.4245,0.4617,0.4245,0.4617,0.4245,0.4617
2902906,Barra do Choça - BA,29,1.5,0.3809,0.4225,0.4037,0.7189,0.0096,True,False,0.0,36518,0.44,0.3809,0.4225,0.3809,0.4225,0.3809,0.4225
2903003,Barra do Mendes - BA,29,1.5,0.4501,0.486,0.4489,0.8099,0.0116,True,False,0.0,13824,0.57,0.4697,0.5044,0.4501,0.486,0.4432,0.4796
2903102,Barra do Rocha - BA,29,1.5,0.4211,0.4579,0.4419,0.7704,0.0073,True,False,0.0,5775,0.52,0.439,0.4746,0.4211,0.4579,0.4149,0.452
2903201,Barreiras - BA,29,1.5,0.4964,0.5224,0.49,0.8783,0.0115,True,False,0.0,159031,0.56,0.509,0.5343,0.4964,0.5224,0.4921,0.5182
2903235,Barro Alto - BA,29,1.5,0.419,0.4583,0.4452,0.8146,0.0072,True,False,0.0,13448,0.51,0.419,0.4583,0.419,0.4583,0.419,0.4583
2903276,Barrocas - BA,29,1.5,0.4001,0.4414,0.4336,0.7656,0.0179,True,False,0.0,15200,0.46,0.4001,0.4414,0.4001,0.4414,0.4001,0.4414
2903300,Barro Preto - BA,29,1.5,0.3429,0.3883,0.3731,0.6627,0.0172,True,False,0.0,5831,0.49,0.3429,0.3883,0.3429,0.3883,0.3429,0.3883
2903409,Belmonte - BA,29,1.5,0.4225,0.4595,0.446,0.7786,0.012,True,False,0.0,20059,0.5,0.4225,0.4595,0.4225,0.4595,0.4225,0.4595
2903508,Belo Campo - BA,29,1.5,0.3994,0.4392,0.4241,0.7733,0.0067,True,False,0.0,18374,0.49,0.3994,0.4392,0.3994,0.4392,0.3994,0.4392
2903607,Biritinga - BA,29,1.5,0.375,0.4192,0.4202,0.7565,0.0172,True,True,0.0,15110,0.55,0.375,0.4192,0.375,0.4192,0.375,0.4192
2903706,Boa Nova - BA,29,1.5,0.3988,0.4413,0.4194,0.7523,0.01,True,False,0.0,13681,0.51,0.3988,0.4413,0.3988,0.4413,0.3988,0.4413
2903805,Boa Vista do Tupim - BA,29,1.5,0.3911,0.4358,0.4297,0.7621,0.0097,True,False,0.0,16853,0.56,0.3911,0.4358,0.3911,0.4358,0.3911,0.4358
2903904,Bom Jesus da Lapa - BA,29,1.5,0.5017,0.5313,0.4917,0.882,0.0091,True,False,0.0,65209,0.6,0.5266,0.5548,0.5017,0.5313,0.4928,0.5229
2903953,Bom Jesus da Serra - BA,29,1.5,0.3689,0.4137,0.4054,0.7309,0.0154,True,False,0.0,9730,0.52,0.3689,0.4137,0.3689,0.4137,0.3689,0.4137
2904001,Boninal - BA,29,1.5,0.4122,0.4502,0.445,0.7881,0.0049,True,False,0.0,13535,0.53,0.4122,0.4502,0.4122,0.4502,0.4122,0.4502
2904050,Bonito - BA,29,1.5,0.3813,0.4227,0.4137,0.7408,0.0088,True,False,0.0,15776,0.5,0.3813,0.4227,0.3813,0.4227,0.3813,0.4227
2904100,Boquira - BA,29,1.5,0.4068,0.449,0.4461,0.8013,0.0173,True,False,0.0,19301,0.53,0.4068,0.449,0.4068,0.449,0.4068,0.449
2904209,Botuporã - BA,29,1.5,0.4255,0.4655,0.4537,0.8218,0.015,True,False,0.0,11019,0.52,0.4255,0.4655,0.4255,0.4655,0.4255,0.4655
2904308,Brejões - BA,29,1.5,0.4235,0.4623,0.4527,0.7892,0.0052,True,False,0.0,12943,0.5,0.4235,0.4623,0.4235,0.4623,0.4235,0.4623
2904407,Brejolândia - BA,29,1.5,0.3978,0.4411,0.4318,0.7898,0.0203,True,False,0.0,9101,0.56,0.3978,0.4411,0.3978,0.4411,0.3978,0.4411
2904506,Brotas de Macaúbas - BA,29,1.5,0.4045,0.4466,0.4472,0.797,0.0231,True,True,0.0,11730,0.56,0.4045,0.4466,0.4045,0.4466,0.4045,0.4466
2904605,Brumado - BA,29,1.5,0.4531,0.4848,0.464,0.828,0.0113,True,False,0.0,70464,0.52,0.4531,0.4848,0.4531,0.4848,0.4531,0.4848
2904704,Buerarema - BA,29,1.5,0.4184,0.4541,0.4494,0.7937,0.0103,True,False,0.0,14778,0.53,0.4184,0.4541,0.4184,0.4541,0.4184,0.4541
2904753,Buritirama - BA,29,1.5,0.4292,0.4835,0.4734,0.8605,0.0085,True,False,0.0,19538,0.57,0.4292,0.4835,0.4292,0.4835,0.4292,0.4835
2904803,Caatiba - BA,29,1.5,0.3472,0.3943,0.3546,0.6042,0.0097,True,False,0.0,6185,0.39,0.3773,0.4223,0.3472,0.3943,0.3365,0.3844
2904852,Cabaceiras do Paraguaçu - BA,29,1.5,0.4242,0.4668,0.4568,0.8197,0.0116,True,False,0.0,16525,0.54,0.4242,0.4668,0.4242,0.4668,0.4242,0.4668
2904902,Cachoeira - BA,29,1.5,0.491,0.5223,0.4792,0.8342,0.0157,True,False,0.0,29172,0.56,0.5182,0.5479,0.491,0.5223,0.4812,0.5131
2905008,Caculé - BA,29,1.5,0.4293,0.465,0.4464,0.8079,0.0208,True,False,0.0,22390,0.48,0.4293,0.465,0.4293,0.465,0.4293,0.465
2905107,Caém - BA,29,1.5,0.4601,0.4944,0.47,0.861,0.0111,True,False,0.0,10386,0.54,0.4601,0.4944,0.4601,0.4944,0.4601,0.4944
2905156,Caetanos - BA,29,1.5,0.365,0.4085,0.4109,0.746,0.0197,True,True,0.0,11248,0.5,0.365,0.4085,0.365,0.4085,0.365,0.4085
2905206,Caetité - BA,29,1.5,0.4528,0.4859,0.4703,0.8498,0.0143,True,False,0.0,51898,0.59,0.4528,0.4859,0.4528,0.4859,0.4528,0.4859
2905305,Cafarnaum - BA,29,1.5,0.4425,0.4826,0.4649,0.8537,0.0056,True,False,0.0,17460,0.55,0.4425,0.4826,0.4425,0.4826,0.4425,0.4826
2905404,Cairu - BA,29,1.5,0.439,0.4732,0.4427,0.7928,0.0089,True,False,0.0,17730,0.53,0.4669,0.4995,0.439,0.4732,0.429,0.4638
2905503,Caldeirão Grande - BA,29,1.5,0.3679,0.4141,0.4036,0.717,0.0098,True,False,0.0,13080,0.55,0.3679,0.4141,0.3679,0.4141,0.3679,0.4141
2905602,Camacan - BA,29,1.5,0.449,0.4816,0.4782,0.8573,0.0057,True,False,0.0,22488,0.6,0.449,0.4816,0.449,0.4816,0.449,0.4816
2905701,Camaçari - BA,29,1.5,0.5025,0.5285,0.5195,0.9157,0.0059,True,False,0.0,299797,0.53,0.509,0.5347,0.5025,0.5285,0.5003,0.5264
2905800,Camamu - BA,29,1.5,0.4697,0.5036,0.4935,0.8952,0.009,True,False,0.0,30399,0.54,0.4697,0.5036,0.4697,0.5036,0.4697,0.5036
2905909,Campo Alegre de Lourdes - BA,29,1.5,0.4741,0.5151,0.5197,0.9306,0.0102,True,True,0.0,30610,0.61,0.4741,0.5151,0.4741,0.5151,0.4741,0.5151
2906006,Campo Formoso - BA,29,1.5,0.4771,0.5128,0.477,0.878,0.0071,True,False,0.0,71287,0.57,0.4993,0.5335,0.4771,0.5128,0.4693,0.5055
2906105,Canápolis - BA,29,1.5,0.3832,0.4312,0.4347,0.7558,0.0252,True,True,0.0,10217,0.49,0.3832,0.4312,0.3832,0.4312,0.3832,0.4312
2906204,Canarana - BA,29,1.5,0.4261,0.4685,0.4685,0.8286,0.0147,True,True,0.0,24095,0.48,0.4261,0.4685,0.4261,0.4685,0.4261,0.4685
2906303,Canavieiras - BA,29,1.5,0.4855,0.518,0.4952,0.866,0.0088,True,False,0.0,32246,0.51,0.501,0.5325,0.4855,0.518,0.4801,0.513
2906402,Candeal - BA,29,1.5,0.3809,0.4245,0.4152,0.7279,0.0161,True,False,0.0,7773,0.44,0.3809,0.4245,0.3809,0.4245,0.3809,0.4245
2906501,Candeias - BA,29,1.5,0.4616,0.4945,0.5051,0.8172,0.0069,True,True,0.0,72319,0.48,0.4749,0.507,0.4616,0.4945,0.4571,0.4902
2906600,Candiba - BA,29,1.5,0.3775,0.4203,0.4295,0.7348,0.0195,True,True,0.0,13016,0.44,0.3775,0.4203,0.3775,0.4203,0.3775,0.4203
2906709,Cândido Sales - BA,29,1.5,0.4036,0.4436,0.4297,0.7653,0.0115,True,False,0.0,25212,0.5,0.4036,0.4436,0.4036,0.4436,0.4036,0.4436
2906808,Cansanção - BA,29,1.5,0.4254,0.4668,0.4523,0.8226,0.0113,True,False,0.0,37410,0.57,0.4254,0.4668,0.4254,0.4668,0.4254,0.4668
2906824,Canudos - BA,29,1.5,0.4469,0.4842,0.4738,0.8423,0.0065,True,False,0.0,16081,0.53,0.4469,0.4842,0.4469,0.4842,0.4469,0.4842
2906857,Capela do Alto Alegre - BA,29,1.5,0.3854,0.4274,0.423,0.7451,0.0182,True,False,0.0,10737,0.49,0.3854,0.4274,0.3854,0.4274,0.3854,0.4274
2906873,Capim Grosso - BA,29,1.5,0.4396,0.4746,0.4664,0.8247,0.0095,True,False,0.0,33183,0.54,0.4396,0.4746,0.4396,0.4746,0.4396,0.4746
2906899,Caraíbas - BA,29,1.5,0.3381,0.3833,0.3783,0.6793,0.0118,True,False,0.0,9897,0.49,0.3381,0.3833,0.3381,0.3833,0.3381,0.3833
2906907,Caravelas - BA,29,1.5,0.4752,0.5075,0.4553,0.7949,0.0106,True,False,0.0,20479,0.56,0.5155,0.5453,0.4752,0.5075,0.4602,0.4934
2907004,Cardeal da Silva - BA,29,1.5,0.4035,0.4459,0.4352,0.7739,0.0048,True,False,0.0,8353,0.52,0.4035,0.4459,0.4035,0.4459,0.4035,0.4459
2907103,Carinhanha - BA,29,1.5,0.4455,0.4868,0.4814,0.87,0.016,True,False,0.0,28845,0.51,0.4455,0.4868,0.4455,0.4868,0.4455,0.4868
2907202,Casa Nova - BA,29,1.5,0.3833,0.4272,0.4269,0.7473,0.0205,True,False,0.0,72015,0.54,0.3833,0.4272,0.3833,0.4272,0.3833,0.4272
2907301,Castro Alves - BA,29,1.5,0.4274,0.4647,0.4534,0.7916,0.0133,True,False,0.0,24673,0.54,0.4274,0.4647,0.4274,0.4647,0.4274,0.4647
2907400,Catolândia - BA,29,1.5,0.365,0.4106,0.3983,0.7084,0.0282,True,False,0.0,3421,0.51,0.365,0.4106,0.365,0.4106,0.365,0.4106
2907509,Catu - BA,29,1.5,0.4663,0.497,0.5018,0.8886,0.0076,True,True,0.0,48125,0.55,0.4663,0.497,0.4663,0.497,0.4663,0.497
2907558,Caturama - BA,29,1.5,0.3998,0.4469,0.4435,0.7982,0.0246,True,False,0.0,8823,0.49,0.3998,0.4469,0.3998,0.4469,0.3998,0.4469
2907608,Central - BA,29,1.5,0.4633,0.5,0.4925,0.891,0.0106,True,False,0.0,16288,0.54,0.4633,0.5,0.4633,0.5,0.4633,0.5
2907707,Chorrochó - BA,29,1.5,0.4237,0.4643,0.4344,0.7951,0.0099,True,False,0.0,10580,0.58,0.4237,0.4643,0.4237,0.4643,0.4237,0.4643
2907806,Cícero Dantas - BA,29,1.5,0.4198,0.4566,0.4446,0.7911,0.0093,True,False,0.0,30875,0.53,0.4198,0.4566,0.4198,0.4566,0.4198,0.4566
2907905,Cipó - BA,29,1.5,0.4796,0.5126,0.5031,0.9348,0.0095,True,False,0.0,17232,0.55,0.4796,0.5126,0.4796,0.5126,0.4796,0.5126
2908002,Coaraci - BA,29,1.5,0.4197,0.4584,0.4396,0.7825,0.0169,True,False,0.0,17330,0.54,0.4197,0.4584,0.4197,0.4584,0.4197,0.4584
2908101,Cocos - BA,29,1.5,0.4525,0.4912,0.4767,0.8292,0.0133,True,False,0.0,19135,0.56,0.4643,0.5022,0.4525,0.4912,0.4485,0.4875
2908200,Conceição da Feira - BA,29,1.5,0.3798,0.4209,0.407,0.7355,0.0139,True,False,0.0,20774,0.56,0.3798,0.4209,0.3798,0.4209,0.3798,0.4209
2908309,Conceição do Almeida - BA,29,1.5,0.3813,0.4227,0.4018,0.7201,0.0142,True,False,0.0,15740,0.56,0.3813,0.4227,0.3813,0.4227,0.3813,0.4227
2908408,Conceição do Coité - BA,29,1.5,0.4368,0.4727,0.4589,0.7822,0.0103,True,False,0.0,67722,0.48,0.4368,0.4727,0.4368,0.4727,0.4368,0.4727
2908507,Conceição do Jacuípe - BA,29,1.5,0.4188,0.4556,0.4077,0.7203,0.0126,True,False,0.0,35278,0.48,0.4492,0.4842,0.4188,0.4556,0.4078,0.4453
2908606,Conde - BA,29,1.5,0.4777,0.5162,0.4992,0.9062,0.0091,True,False,0.0,23570,0.63,0.4777,0.5162,0.4777,0.5162,0.4777,0.5162
2908705,Condeúba - BA,29,1.5,0.4208,0.4604,0.4629,0.782,0.0199,True,True,0.0,17047,0.49,0.4208,0.4604,0.4208,0.4604,0.4208,0.4604
2908804,Contendas do Sincorá - BA,29,1.5,0.3481,0.3917,0.385,0.6776,0.0076,True,False,0.0,4325,0.51,0.3481,0.3917,0.3481,0.3917,0.3481,0.3917
2908903,Coração de Maria - BA,29,1.5,0.3773,0.4182,0.4093,0.7316,0.0145,True,False,0.0,26589,0.52,0.3773,0.4182,0.3773,0.4182,0.3773,0.4182
2909000,Cordeiros - BA,29,1.5,0.3223,0.3696,0.3643,0.647,0.018,True,False,0.0,7539,0.45,0.3223,0.3696,0.3223,0.3696,0.3223,0.3696
2909109,Coribe - BA,29,1.5,0.4837,0.5203,0.5091,0.9109,0.0121,True,False,0.0,13986,0.58,0.4837,0.5203,0.4837,0.5203,0.4837,0.5203
2909208,Coronel João Sá - BA,29,1.5,0.4081,0.4485,0.4221,0.7727,0.0065,True,False,0.0,17053,0.48,0.4224,0.4619,0.4081,0.4485,0.4032,0.4439
2909307,Correntina - BA,29,1.5,0.4757,0.5087,0.4968,0.9122,0.0125,True,False,0.0,32426,0.58,0.4757,0.5087,0.4757,0.5087,0.4757,0.5087
2909406,Cotegipe - BA,29,1.5,0.4197,0.4603,0.5,0.7727,0.0195,True,True,0.0,13053,0.56,0.4197,0.4603,0.4197,0.4603,0.4197,0.4603
2909505,Cravolândia - BA,29,1.5,0.4346,0.474,0.466,0.8093,0.0137,True,False,0.0,4415,0.53,0.4346,0.474,0.4346,0.474,0.4346,0.474
2909604,Crisópolis - BA,29,1.5,0.4347,0.4755,0.4614,0.8369,0.0074,True,False,0.0,19653,0.57,0.4347,0.4755,0.4347,0.4755,0.4347,0.4755
2909703,Cristópolis - BA,29,1.5,0.4083,0.4475,0.4267,0.7884,0.0096,True,False,0.0,13978,0.54,0.4083,0.4475,0.4083,0.4475,0.4083,0.4475
2909802,Cruz das Almas - BA,29,1.5,0.4982,0.5259,0.4835,0.8675,0.0195,True,False,0.0,60236,0.55,0.515,0.5418,0.4982,0.5259,0.4924,0.5204
2909901,Curaçá - BA,29,1.5,0.4174,0.4593,0.4563,0.8165,0.0099,True,False,0.0,34138,0.51,0.4174,0.4593,0.4174,0.4593,0.4174,0.4593
2910008,Dário Meira - BA,29,1.5,0.4076,0.4471,0.4439,0.792,0.0106,True,False,0.0,10801,0.54,0.4076,0.4471,0.4076,0.4471,0.4076,0.4471
2910057,Dias d'Ávila - BA,29,1.5,0.435,0.4686,0.4789,0.8204,0.0066,True,True,0.0,71358,0.5,0.435,0.4686,0.435,0.4686,0.435,0.4686
2910107,Dom Basílio - BA,29,1.5,0.3926,0.4335,0.4291,0.7511,0.013,True,False,0.0,11884,0.46,0.3926,0.4335,0.3926,0.4335,0.3926,0.4335
2910206,Dom Macedo Costa - BA,29,1.5,0.373,0.4147,0.4081,0.7115,0.0079,True,False,0.0,4396,0.55,0.373,0.4147,0.373,0.4147,0.373,0.4147
2910305,Elísio Medrado - BA,29,1.5,0.4308,0.47,0.4718,0.8265,0.0161,True,True,0.0,7777,0.5,0.4308,0.47,0.4308,0.47,0.4308,0.47
2910404,Encruzilhada - BA,29,1.5,0.406,0.4501,0.4494,0.763,0.0098,True,False,0.0,19058,0.49,0.406,0.4501,0.406,0.4501,0.406,0.4501
2910503,Entre Rios - BA,29,1.5,0.4762,0.508,0.5095,0.8884,0.0046,True,True,0.0,37863,0.6,0.4762,0.508,0.4762,0.508,0.4762,0.508
2910602,Esplanada - BA,29,1.5,0.453,0.4887,0.4784,0.845,0.007,True,False,0.0,32524,0.57,0.453,0.4887,0.453,0.4887,0.453,0.4887
2910701,Euclides da Cunha - BA,29,1.5,0.4431,0.4792,0.4539,0.8226,0.0106,True,False,0.0,61382,0.55,0.4431,0.4792,0.4431,0.4792,0.4431,0.4792
2910727,Eunápolis - BA,29,1.5,0.4781,0.5063,0.474,0.8525,0.0132,True,False,0.0,113098,0.57,0.489,0.5166,0.4781,0.5063,0.4743,0.5027
2910750,Fátima - BA,29,1.5,0.4382,0.4767,0.471,0.8153,0.0131,True,False,0.0,17896,0.53,0.4573,0.4945,0.4382,0.4767,0.4315,0.4705
2910776,Feira da Mata - BA,29,1.5,0.3556,0.3998,0.3925,0.7007,0.0134,True,False,0.0,5625,0.54,0.3556,0.3998,0.3556,0.3998,0.3556,0.3998
2910800,Feira de Santana - BA,29,1.5,0.5178,0.543,0.5182,0.9078,0.0107,True,False,0.0,613954,0.6,0.5351,0.5595,0.5178,0.543,0.5117,0.5373
2910859,Filadélfia - BA,29,1.5,0.3909,0.4318,0.4263,0.7537,0.0035,True,False,0.0,17893,0.57,0.3909,0.4318,0.3909,0.4318,0.3909,0.4318
2910909,Firmino Alves - BA,29,1.5,0.3134,0.3625,0.3472,0.6272,0.0167,True,False,0.0,4869,0.43,0.3134,0.3625,0.3134,0.3625,0.3134,0.3625
2911006,Floresta Azul - BA,29,1.5,0.3919,0.4307,0.4077,0.7414,0.0094,True,False,0.0,11058,0.45,0.3919,0.4307,0.3919,0.4307,0.3919,0.4307
2911105,Formosa do Rio Preto - BA,29,1.5,0.4958,0.5274,0.5225,0.9557,0.0178,True,False,0.0,25809,0.6,0.4958,0.5274,0.4958,0.5274,0.4958,0.5274
2911204,Gandu - BA,29,1.5,0.4407,0.4745,0.4547,0.817,0.0105,True,False,0.0,32095,0.59,0.4407,0.4745,0.4407,0.4745,0.4407,0.4745
2911253,Gavião - BA,29,1.5,0.3621,0.4063,0.4012,0.7047,0.0217,True,False,0.0,4346,0.4,0.3621,0.4063,0.3621,0.4063,0.3621,0.4063
2911303,Gentio do Ouro - BA,29,1.5,0.4026,0.4424,0.444,0.7954,0.0113,True,True,0.0,10882,0.52,0.4026,0.4424,0.4026,0.4424,0.4026,0.4424
2911402,Glória - BA,29,1.5,0.4081,0.4474,0.4293,0.7742,0.0063,True,False,0.0,15501,0.51,0.4081,0.4474,0.4081,0.4474,0.4081,0.4474
2911501,Gongogi - BA,29,1.5,0.3769,0.4213,0.3711,0.6574,0.015,True,False,0.0,5543,0.47,0.4186,0.4601,0.3769,0.4213,0.3617,0.4071
2911600,Governador Mangabeira - BA,29,1.5,0.4275,0.4652,0.4523,0.8075,0.0199,True,False,0.0,20423,0.54,0.4275,0.4652,0.4275,0.4652,0.4275,0.4652
2911659,Guajeru - BA,29,1.5,0.3549,0.3984,0.3983,0.7137,0.0154,True,False,0.0,8047,0.46,0.3549,0.3984,0.3549,0.3984,0.3549,0.3984
2911709,Guanambi - BA,29,1.5,0.494,0.5217,0.4845,0.8638,0.0133,True,False,0.0,87687,0.55,0.5092,0.536,0.494,0.5217,0.4888,0.5168
2911808,Guaratinga - BA,29,1.5,0.3805,0.421,0.4153,0.739,0.0162,True,False,0.0,19027,0.53,0.3805,0.421,0.3805,0.421,0.3805,0.421
2911857,Heliópolis - BA,29,1.5,0.4185,0.4572,0.4541,0.809,0.0088,True,False,0.0,12264,0.5,0.4185,0.4572,0.4185,0.4572,0.4185,0.4572
2911907,Iaçu - BA,29,1.5,0.4301,0.4679,0.4607,0.8159,0.0121,True,False,0.0,24586,0.61,0.4301,0.4679,0.4301,0.4679,0.4301,0.4679
2912004,Ibiassucê - BA,29,1.5,0.3582,0.4035,0.3916,0.7109,0.0311,True,False,0.0,10431,0.46,0.3582,0.4035,0.3582,0.4035,0.3582,0.4035
2912103,Ibicaraí - BA,29,1.5,0.4765,0.5075,0.4494,0.821,0.0123,True,False,0.0,21644,0.53,0.5098,0.539,0.4765,0.5075,0.4643,0.4961
2912202,Ibicoara - BA,29,1.5,0.3681,0.4094,0.3965,0.6883,0.0076,True,False,0.0,20775,0.48,0.3681,0.4094,0.3681,0.4094,0.3681,0.4094
2912301,Ibicuí - BA,29,1.5,0.4375,0.4748,0.4058,0.7232,0.0157,True,False,0.0,13913,0.5,0.4845,0.5188,0.4375,0.4748,0.4198,0.4582
2912400,Ibipeba - BA,29,1.5,0.4282,0.4677,0.4367,0.7661,0.0091,True,False,0.0,16563,0.56,0.4521,0.49,0.4282,0.4677,0.4197,0.4599
2912509,Ibipitanga - BA,29,1.5,0.4097,0.4508,0.4511,0.8177,0.0248,True,True,0.0,13864,0.57,0.4097,0.4508,0.4097,0.4508,0.4097,0.4508
2912608,Ibiquera - BA,29,1.5,0.413,0.4559,0.4439,0.8037,0.0141,True,False,0.0,3724,0.58,0.413,0.4559,0.413,0.4559,0.413,0.4559
2912707,Ibirapitanga - BA,29,1.5,0.4362,0.4763,0.4665,0.8333,0.0122,True,False,0.0,25299,0.52,0.4362,0.4763,0.4362,0.4763,0.4362,0.4763
2912806,Ibirapuã - BA,29,1.5,0.39,0.4311,0.3766,0.6649,0.0125,True,False,0.0,8889,0.51,0.4344,0.4726,0.39,0.4311,0.3736,0.4158
2912905,Ibirataia - BA,29,1.5,0.3942,0.4334,0.424,0.7635,0.0097,True,False,0.0,18750,0.49,0.3942,0.4334,0.3942,0.4334,0.3942,0.4334
2913002,Ibitiara - BA,29,1.5,0.4317,0.4716,0.4576,0.8523,0.0214,True,False,0.0,14552,0.55,0.4317,0.4716,0.4317,0.4716,0.4317,0.4716
2913101,Ibititá - BA,29,1.5,0.3924,0.4342,0.4274,0.7682,0.0122,True,False,0.0,16944,0.5,0.3924,0.4342,0.3924,0.4342,0.3924,0.4342
2913200,Ibotirama - BA,29,1.5,0.4696,0.5027,0.4938,0.8758,0.005,True,False,0.0,26276,0.55,0.4823,0.5146,0.4696,0.5027,0.4653,0.4986
2913309,Ichu - BA,29,1.5,0.4235,0.4594,0.4327,0.7869,0.0111,True,False,0.0,6165,0.47,0.4235,0.4594,0.4235,0.4594,0.4235,0.4594
2913408,Igaporã - BA,29,1.5,0.3839,0.4262,0.4127,0.7495,0.0242,True,False,0.0,15524,0.5,0.3839,0.4262,0.3839,0.4262,0.3839,0.4262
2913457,Igrapiúna - BA,29,1.5,0.3522,0.395,0.3819,0.6855,0.0033,True,False,0.0,13132,0.54,0.3522,0.395,0.3522,0.395,0.3522,0.395
2913507,Iguaí - BA,29,1.5,0.4388,0.4772,0.4572,0.7947,0.0166,True,False,0.0,21424,0.55,0.4388,0.4772,0.4388,0.4772,0.4388,0.4772
2913606,Ilhéus - BA,29,1.5,0.545,0.5682,0.5193,0.9309,0.0147,True,False,0.0,178130,0.58,0.574,0.5958,0.545,0.5682,0.5345,0.5582
2913705,Inhambupe - BA,29,1.5,0.4101,0.4487,0.4482,0.7719,0.0102,True,False,0.0,33735,0.53,0.4101,0.4487,0.4101,0.4487,0.4101,0.4487
2913804,Ipecaetá - BA,29,1.5,0.3908,0.4439,0.4598,0.7448,0.0216,True,True,0.0,13697,0.53,0.3908,0.4439,0.3908,0.4439,0.3908,0.4439
2913903,Ipiaú - BA,29,1.5,0.4616,0.4932,0.4746,0.8441,0.016,True,False,0.0,40547,0.69,0.4616,0.4932,0.4616,0.4932,0.4616,0.4932
2914000,Ipirá - BA,29,1.5,0.4532,0.4897,0.4849,0.8101,0.0131,True,False,0.0,56777,0.52,0.4532,0.4897,0.4532,0.4897,0.4532,0.4897
2914109,Ipupiara - BA,29,1.5,0.3821,0.4249,0.4268,0.7415,0.0235,True,True,0.0,9932,0.5,0.3821,0.4249,0.3821,0.4249,0.3821,0.4249
2914208,Irajuba - BA,29,1.5,0.3564,0.4,0.3967,0.7098,0.0207,True,False,0.0,6102,0.52,0.3564,0.4,0.3564,0.4,0.3564,0.4
2914307,Iramaia - BA,29,1.5,0.4028,0.4448,0.41,0.7289,0.0074,True,False,0.0,10738,0.5,0.4265,0.4668,0.4028,0.4448,0.3944,0.437
2914406,Iraquara - BA,29,1.5,0.4839,0.5211,0.4821,0.8644,0.0081,True,False,0.0,23827,0.61,0.5257,0.5599,0.4839,0.5211,0.4683,0.5065
2914505,Irará - BA,29,1.5,0.4151,0.452,0.4394,0.7936,0.017,True,False,0.0,27991,0.5,0.4151,0.452,0.4151,0.452,0.4151,0.452
2914604,Irecê - BA,29,1.5,0.4888,0.5164,0.4864,0.889,0.013,True,False,0.0,74299,0.59,0.4926,0.5201,0.4888,0.5164,0.4875,0.5152
2914653,Itabela - BA,29,1.5,0.4962,0.5271,0.4867,0.855,0.0101,True,False,0.0,28074,0.55,0.5291,0.5581,0.4962,0.5271,0.4841,0.5158
2914703,Itaberaba - BA,29,1.5,0.454,0.4868,0.4542,0.8086,0.0109,True,False,0.0,64945,0.58,0.469,0.5009,0.454,0.4868,0.4488,0.4819
2914802,Itabuna - BA,29,1.5,0.5285,0.5521,0.5244,0.9384,0.0091,True,False,0.0,185152,0.56,0.5486,0.5713,0.5285,0.5521,0.5213,0.5453
2914901,Itacaré - BA,29,1.5,0.4798,0.5112,0.4395,0.7902,0.0145,True,False,0.0,27584,0.55,0.5266,0.5552,0.4798,0.5112,0.4621,0.4945
2915007,Itaeté - BA,29,1.5,0.348,0.3934,0.3759,0.6721,0.0078,True,False,0.0,13431,0.54,0.348,0.3934,0.348,0.3934,0.348,0.3934
2915106,Itagi - BA,29,1.5,0.4408,0.4815,0.4683,0.8328,0.0132,True,False,0.0,13753,0.46,0.4408,0.4815,0.4408,0.4815,0.4408,0.4815
2915205,Itagibá - BA,29,1.5,0.4043,0.4414,0.4228,0.7624,0.0083,True,False,0.0,15289,0.47,0.4043,0.4414,0.4043,0.4414,0.4043,0.4414
2915304,Itagimirim - BA,29,1.5,0.4126,0.449,0.4289,0.7512,0.0096,True,False,0.0,6335,0.52,0.4126,0.449,0.4126,0.449,0.4126,0.449
2915353,Itaguaçu da Bahia - BA,29,1.5,0.362,0.4073,0.3969,0.7046,0.0121,True,False,0.0,12288,0.54,0.362,0.4073,0.362,0.4073,0.362,0.4073
2915403,Itaju do Colônia - BA,29,1.5,0.379,0.4222,0.3868,0.7029,0.0151,True,False,0.0,6033,0.48,0.379,0.4222,0.379,0.4222,0.379,0.4222
2915502,Itajuípe - BA,29,1.5,0.4174,0.4539,0.4413,0.7829,0.0118,True,False,0.0,18773,0.49,0.4174,0.4539,0.4174,0.4539,0.4174,0.4539
2915601,Itamaraju - BA,29,1.5,0.4184,0.4533,0.4278,0.7607,0.0115,True,False,0.0,59539,0.55,0.4184,0.4533,0.4184,0.4533,0.4184,0.4533
2915700,Itamari - BA,29,1.5,0.394,0.4327,0.423,0.7614,0.005,True,False,0.0,7052,0.51,0.394,0.4327,0.394,0.4327,0.394,0.4327
2915809,Itambé - BA,29,1.5,0.3916,0.4322,0.3952,0.698,0.0127,True,False,0.0,24338,0.4,0.4159,0.4549,0.3916,0.4322,0.383,0.4242
2915908,Itanagra - BA,29,1.5,0.382,0.4259,0.422,0.722,0.014,True,False,0.0,5915,0.63,0.382,0.4259,0.382,0.4259,0.382,0.4259
2916005,Itanhém - BA,29,1.5,0.4059,0.4444,0.4353,0.73,0.0177,True,False,0.0,17769,0.54,0.4059,0.4444,0.4059,0.4444,0.4059,0.4444
2916104,Itaparica - BA,29,1.5,0.4654,0.4977,0.4943,0.8708,0.0053,True,False,0.0,19665,0.63,0.4654,0.4977,0.4654,0.4977,0.4654,0.4977
2916203,Itapé - BA,29,1.5,0.3988,0.4374,0.4153,0.7416,0.01,True,False,0.0,10311,0.47,0.3988,0.4374,0.3988,0.4374,0.3988,0.4374
2916302,Itapebi - BA,29,1.5,0.3865,0.4267,0.4074,0.7121,0.0129,True,False,0.0,9103,0.48,0.3865,0.4267,0.3865,0.4267,0.3865,0.4267
2916401,Itapetinga - BA,29,1.5,0.4387,0.4723,0.4546,0.7802,0.0148,True,False,0.0,65757,0.48,0.4387,0.4723,0.4387,0.4723,0.4387,0.4723
2916500,Itapicuru - BA,29,1.5,0.4285,0.4699,0.456,0.8218,0.0107,True,False,0.0,31617,0.54,0.4285,0.4699,0.4285,0.4699,0.4285,0.4699
2916609,Itapitanga - BA,29,1.5,0.3329,0.3797,0.3545,0.6463,0.0091,True,False,0.0,10275,0.43,0.3329,0.3797,0.3329,0.3797,0.3329,0.3797
2916708,Itaquara - BA,29,1.5,0.417,0.4604,0.4379,0.7664,0.0095,True,False,0.0,8152,0.55,0.417,0.4604,0.417,0.4604,0.417,0.4604
2916807,Itarantim - BA,29,1.5,0.4061,0.4439,0.4122,0.7153,0.0092,True,False,0.0,17040,0.5,0.43,0.4663,0.4061,0.4439,0.3977,0.436
2916856,Itatim - BA,29,1.5,0.3931,0.4334,0.4201,0.7402,0.0061,True,False,0.0,15668,0.46,0.3931,0.4334,0.3931,0.4334,0.3931,0.4334
2916906,Itiruçu - BA,29,1.5,0.4129,0.4507,0.4314,0.7579,0.0167,True,False,0.0,10954,0.5,0.4129,0.4507,0.4129,0.4507,0.4129,0.4507
2917003,Itiúba - BA,29,1.5,0.4719,0.5094,0.5029,0.9058,0.0086,True,False,0.0,33858,0.56,0.4719,0.5094,0.4719,0.5094,0.4719,0.5094
2917102,Itororó - BA,29,1.5,0.432,0.468,0.444,0.7804,0.0134,True,False,0.0,16580,0.44,0.432,0.468,0.432,0.468,0.432,0.468
2917201,Ituaçu - BA,29,1.5,0.4343,0.4718,0.4555,0.811,0.0085,True,False,0.0,17877,0.52,0.4343,0.4718,0.4343,0.4718,0.4343,0.4718
2917300,Ituberá - BA,29,1.5,0.4574,0.4917,0.4653,0.8102,0.0066,True,False,0.0,21903,0.51,0.4791,0.5121,0.4574,0.4917,0.4498,0.4846
2917334,Iuiu - BA,29,1.5,0.3616,0.4067,0.3953,0.7143,0.01,True,False,0.0,11113,0.47,0.3616,0.4067,0.3616,0.4067,0.3616,0.4067
2917359,Jaborandi - BA,29,1.5,0.4348,0.4808,0.4691,0.8617,0.0229,True,False,0.0,9270,0.62,0.4348,0.4808,0.4348,0.4808,0.4348,0.4808
2917409,Jacaraci - BA,29,1.5,0.3976,0.438,0.4188,0.7656,0.0187,True,False,0.0,14436,0.47,0.3976,0.438,0.3976,0.438,0.3976,0.438
2917508,Jacobina - BA,29,1.5,0.4632,0.494,0.4743,0.8535,0.012,True,False,0.0,82446,0.55,0.4632,0.494,0.4632,0.494,0.4632,0.494
2917607,Jaguaquara - BA,29,1.5,0.4225,0.4601,0.4533,0.7904,0.012,True,False,0.0,45885,0.5,0.4225,0.4601,0.4225,0.4601,0.4225,0.4601
2917706,Jaguarari - BA,29,1.5,0.4764,0.5081,0.5089,0.8876,0.0101,True,True,0.0,32691,0.66,0.4856,0.5167,0.4764,0.5081,0.4733,0.5051
2917805,Jaguaripe - BA,29,1.5,0.4584,0.5015,0.4791,0.8547,0.0111,True,False,0.0,17566,0.55,0.4584,0.5015,0.4584,0.5015,0.4584,0.5015
2917904,Jandaíra - BA,29,1.5,0.4311,0.4723,0.4645,0.7543,0.0118,True,False,0.0,9275,0.54,0.4311,0.4723,0.4311,0.4723,0.4311,0.4723
2918001,Jequié - BA,29,1.5,0.4909,0.5194,0.5009,0.8882,0.0099,True,False,0.0,158164,0.55,0.4965,0.5248,0.4909,0.5194,0.489,0.5176
2918100,Jeremoabo - BA,29,1.5,0.4353,0.4712,0.4613,0.826,0.0062,True,False,0.0,37558,0.53,0.4353,0.4712,0.4353,0.4712,0.4353,0.4712
2918209,Jiquiriçá - BA,29,1.5,0.417,0.4558,0.4511,0.8009,0.0129,True,False,0.0,13609,0.5,0.417,0.4558,0.417,0.4558,0.417,0.4558
2918308,Jitaúna - BA,29,1.5,0.3889,0.4297,0.4042,0.7417,0.0122,True,False,0.0,14290,0.51,0.3889,0.4297,0.3889,0.4297,0.3889,0.4297
2918357,João Dourado - BA,29,1.5,0.4104,0.4489,0.4335,0.7828,0.0073,True,False,0.0,24832,0.52,0.4104,0.4489,0.4104,0.4489,0.4104,0.4489
2918407,Juazeiro - BA,29,1.5,0.4852,0.5138,0.4875,0.8687,0.0134,True,False,0.0,236839,0.56,0.4898,0.5181,0.4852,0.5138,0.4836,0.5123
2918456,Jucuruçu - BA,29,1.5,0.4158,0.4546,0.4304,0.7679,0.0153,True,False,0.0,9646,0.54,0.437,0.4744,0.4158,0.4546,0.4084,0.4477
2918506,Jussara - BA,29,1.5,0.4046,0.4481,0.446,0.8175,0.0141,True,False,0.0,16330,0.52,0.4046,0.4481,0.4046,0.4481,0.4046,0.4481
2918555,Jussari - BA,29,1.5,0.3409,0.3855,0.378,0.6874,0.0166,True,False,0.0,5888,0.51,0.3409,0.3855,0.3409,0.3855,0.3409,0.3855
2918605,Jussiape - BA,29,1.5,0.3332,0.3804,0.3764,0.6725,0.0244,True,False,0.0,7379,0.46,0.3332,0.3804,0.3332,0.3804,0.3332,0.3804
2918704,Lafaiete Coutinho - BA,29,1.5,0.3388,0.3862,0.3841,0.6774,0.0309,True,False,0.0,4073,0.51,0.3388,0.3862,0.3388,0.3862,0.3388,0.3862
2918753,Lagoa Real - BA,29,1.5,0.3571,0.4057,0.3898,0.7095,0.02,True,False,0.0,14098,0.48,0.3571,0.4057,0.3571,0.4057,0.3571,0.4057
2918803,Laje - BA,29,1.5,0.4351,0.4745,0.4772,0.8451,0.0106,True,True,0.0,20987,0.51,0.4351,0.4745,0.4351,0.4745,0.4351,0.4745
2918902,Lajedão - BA,29,1.5,0.4186,0.4548,0.4636,0.7208,0.017,True,True,0.0,3844,0.58,0.4186,0.4548,0.4186,0.4548,0.4186,0.4548
2919009,Lajedinho - BA,29,1.5,0.3993,0.4425,0.4433,0.7926,0.0155,True,True,0.0,3527,0.56,0.3993,0.4425,0.3993,0.4425,0.3993,0.4425
2919058,Lajedo do Tabocal - BA,29,1.5,0.3711,0.4147,0.402,0.7107,0.0187,True,False,0.0,7495,0.46,0.3711,0.4147,0.3711,0.4147,0.3711,0.4147
2919108,Lamarão - BA,29,1.5,0.3854,0.4289,0.4201,0.7568,0.0151,True,False,0.0,9015,0.5,0.3854,0.4289,0.3854,0.4289,0.3854,0.4289
2919157,Lapão - BA,29,1.5,0.4227,0.462,0.452,0.7857,0.0085,True,False,0.0,25601,0.52,0.4227,0.462,0.4227,0.462,0.4227,0.462
2919207,Lauro de Freitas - BA,29,1.5,0.5654,0.5835,0.5622,1.044,0.0107,True,False,0.0,202494,0.63,0.5894,0.6066,0.5654,0.5835,0.5568,0.5752
2919306,Lençóis - BA,29,1.5,0.4801,0.5108,0.4545,0.835,0.0179,True,False,0.0,10635,0.61,0.497,0.5268,0.4801,0.5108,0.4742,0.5053
2919405,Licínio de Almeida - BA,29,1.5,0.3952,0.4347,0.3981,0.7188,0.0101,True,False,0.0,11833,0.45,0.4132,0.4515,0.3952,0.4347,0.389,0.4289
2919504,Livramento de Nossa Senhora - BA,29,1.5,0.479,0.5118,0.4679,0.8451,0.015,True,False,0.0,43826,0.52,0.5097,0.5406,0.479,0.5118,0.468,0.5014
2919553,Luís Eduardo Magalhães - BA,29,1.5,0.5166,0.5411,0.4776,0.87,0.0104,True,False,0.0,107659,0.62,0.559,0.5815,0.5166,0.5411,0.5005,0.5258
2919603,Macajuba - BA,29,1.5,0.4157,0.4575,0.451,0.8028,0.0138,True,False,0.0,10454,0.55,0.4157,0.4575,0.4157,0.4575,0.4157,0.4575
2919702,Macarani - BA,29,1.5,0.3852,0.4284,0.4314,0.7263,0.0129,True,True,0.0,21547,0.46,0.3852,0.4284,0.3852,0.4284,0.3852,0.4284
2919801,Macaúbas - BA,29,1.5,0.4649,0.5003,0.4821,0.8692,0.0094,True,False,0.0,41774,0.55,0.478,0.5125,0.4649,0.5003,0.4604,0.4961
2919900,Macururé - BA,29,1.5,0.3964,0.442,0.4434,0.7768,0.0224,True,True,0.0,7256,0.55,0.3964,0.442,0.3964,0.442,0.3964,0.442
2919926,Madre de Deus - BA,29,1.5,0.4747,0.5029,0.515,0.9151,0.0063,True,True,0.0,18369,0.54,0.4747,0.5029,0.4747,0.5029,0.4747,0.5029
2919959,Maetinga - BA,29,1.5,0.3415,0.3869,0.3832,0.6909,0.0192,True,False,0.0,6972,0.46,0.3415,0.3869,0.3415,0.3869,0.3415,0.3869
2920007,Maiquinique - BA,29,1.5,0.4017,0.4395,0.4324,0.7524,0.0142,True,False,0.0,8727,0.46,0.4017,0.4395,0.4017,0.4395,0.4017,0.4395
2920106,Mairi - BA,29,1.5,0.4151,0.4569,0.452,0.8033,0.0218,True,False,0.0,17652,0.5,0.4325,0.4731,0.4151,0.4569,0.409,0.4513
2920205,Malhada - BA,29,1.5,0.3888,0.4356,0.4335,0.7661,0.0133,True,False,0.0,15356,0.49,0.3888,0.4356,0.3888,0.4356,0.3888,0.4356
2920304,Malhada de Pedras - BA,29,1.5,0.3793,0.4235,0.4241,0.7635,0.0268,True,True,0.0,8657,0.48,0.3793,0.4235,0.3793,0.4235,0.3793,0.4235
2920403,Manoel Vitorino - BA,29,1.5,0.4078,0.4521,0.4392,0.8008,0.0198,True,False,0.0,13845,0.51,0.4078,0.4521,0.4078,0.4521,0.4078,0.4521
2920452,Mansidão - BA,29,1.5,0.4304,0.4735,0.4472,0.8329,0.0051,True,False,0.0,13891,0.55,0.4304,0.4735,0.4304,0.4735,0.4304,0.4735
2920502,Maracás - BA,29,1.5,0.4384,0.4745,0.4635,0.8128,0.013,True,False,0.0,27576,0.51,0.4384,0.4745,0.4384,0.4745,0.4384,0.4745
2920601,Maragogipe - BA,29,1.5,0.4151,0.4572,0.4674,0.7979,0.0176,True,True,0.0,35789,0.57,0.4151,0.4572,0.4151,0.4572,0.4151,0.4572
2920700,Maraú - BA,29,1.5,0.4683,0.4993,0.4862,0.8828,0.0106,True,False,0.0,24387,0.71,0.4683,0.4993,0.4683,0.4993,0.4683,0.4993
2920809,Marcionílio Souza - BA,29,1.5,0.4395,0.4767,0.4356,0.7995,0.0065,True,False,0.0,9244,0.49,0.4723,0.5073,0.4395,0.4767,0.4277,0.4656
2920908,Mascote - BA,29,1.5,0.3912,0.4327,0.4366,0.7435,0.0123,True,True,0.0,13544,0.58,0.3912,0.4327,0.3912,0.4327,0.3912,0.4327
2921005,Mata de São João - BA,29,1.5,0.4408,0.4755,0.4577,0.8035,0.0118,True,False,0.0,42530,0.56,0.4537,0.4875,0.4408,0.4755,0.4364,0.4713
2921054,Matina - BA,29,1.5,0.3923,0.4331,0.4259,0.7647,0.0105,True,False,0.0,10325,0.46,0.3923,0.4331,0.3923,0.4331,0.3923,0.4331
2921104,Medeiros Neto - BA,29,1.5,0.445,0.4788,0.4581,0.8026,0.0075,True,False,0.0,22173,0.53,0.445,0.4788,0.445,0.4788,0.445,0.4788
2921203,Miguel Calmon - BA,29,1.5,0.4712,0.5072,0.5001,0.862,0.0128,True,False,0.0,24615,0.54,0.4882,0.5231,0.4712,0.5072,0.4653,0.5017
2921302,Milagres - BA,29,1.5,0.4272,0.4654,0.451,0.8047,0.0094,True,False,0.0,11071,0.51,0.4272,0.4654,0.4272,0.4654,0.4272,0.4654
2921401,Mirangaba - BA,29,1.5,0.4141,0.46,0.461,0.8221,0.0139,True,True,0.0,15723,0.51,0.4141,0.46,0.4141,0.46,0.4141,0.46
2921450,Mirante - BA,29,1.5,0.3854,0.4313,0.444,0.7754,0.023,True,True,0.0,10185,0.52,0.3854,0.4313,0.3854,0.4313,0.3854,0.4313
2921500,Monte Santo - BA,29,1.5,0.4312,0.4751,0.4655,0.8548,0.0154,True,False,0.0,47750,0.55,0.4312,0.4751,0.4312,0.4751,0.4312,0.4751
2921609,Morpará - BA,29,1.5,0.4221,0.4682,0.477,0.8374,0.0223,True,True,0.0,7953,0.55,0.4221,0.4682,0.4221,0.4682,0.4221,0.4682
2921708,Morro do Chapéu - BA,29,1.5,0.4737,0.5061,0.4833,0.8708,0.0106,True,False,0.0,33475,0.51,0.4737,0.5061,0.4737,0.5061,0.4737,0.5061
2921807,Mortugaba - BA,29,1.5,0.4182,0.4593,0.4607,0.7863,0.0165,True,True,0.0,11144,0.48,0.4182,0.4593,0.4182,0.4593,0.4182,0.4593
2921906,Mucugê - BA,29,1.5,0.4604,0.4928,0.4572,0.7995,0.0208,True,False,0.0,12078,0.53,0.4604,0.4928,0.4604,0.4928,0.4604,0.4928
2922003,Mucuri - BA,29,1.5,0.4613,0.4915,0.4619,0.8263,0.0106,True,False,0.0,37904,0.57,0.475,0.5044,0.4613,0.4915,0.4566,0.4871
2922052,Mulungu do Morro - BA,29,1.5,0.3976,0.4414,0.4348,0.7721,0.0082,True,False,0.0,13153,0.49,0.3976,0.4414,0.3976,0.4414,0.3976,0.4414
2922102,Mundo Novo - BA,29,1.5,0.4345,0.4714,0.4604,0.8144,0.0095,True,False,0.0,17282,0.65,0.4345,0.4714,0.4345,0.4714,0.4345,0.4714
2922201,Muniz Ferreira - BA,29,1.5,0.3606,0.4034,0.3839,0.6958,0.0126,True,False,0.0,7183,0.51,0.3606,0.4034,0.3606,0.4034,0.3606,0.4034
2922250,Muquém do São Francisco - BA,29,1.5,0.3947,0.437,0.4334,0.7185,0.0072,True,False,0.0,10439,0.55,0.3947,0.437,0.3947,0.437,0.3947,0.437
2922300,Muritiba - BA,29,1.5,0.4223,0.458,0.4607,0.8254,0.0165,True,True,0.0,28704,0.55,0.4223,0.458,0.4223,0.458,0.4223,0.458
2922409,Mutuípe - BA,29,1.5,0.4274,0.4671,0.4813,0.8256,0.0173,True,True,0.0,19982,0.63,0.4274,0.4671,0.4274,0.4671,0.4274,0.4671
2922508,Nazaré - BA,29,1.5,0.4442,0.4787,0.4842,0.8478,0.0125,True,True,0.0,26985,0.61,0.4442,0.4787,0.4442,0.4787,0.4442,0.4787
2922607,Nilo Peçanha - BA,29,1.5,0.4163,0.4573,0.4447,0.8092,0.0136,True,False,0.0,12048,0.52,0.4163,0.4573,0.4163,0.4573,0.4163,0.4573
2922656,Nordestina - BA,29,1.5,0.3569,0.4062,0.3912,0.7112,0.0108,True,False,0.0,18319,0.54,0.3569,0.4062,0.3569,0.4062,0.3569,0.4062
2922706,Nova Canaã - BA,29,1.5,0.3859,0.4268,0.4141,0.7241,0.0142,True,False,0.0,13702,0.46,0.3859,0.4268,0.3859,0.4268,0.3859,0.4268
2922730,Nova Fátima - BA,29,1.5,0.3456,0.39,0.3731,0.6758,0.0136,True,False,0.0,7965,0.43,0.3456,0.39,0.3456,0.39,0.3456,0.39
2922755,Nova Ibiá - BA,29,1.5,0.3589,0.4022,0.3763,0.6744,0.0096,True,False,0.0,6486,0.56,0.3589,0.4022,0.3589,0.4022,0.3589,0.4022
2922805,Nova Itarana - BA,29,1.5,0.3934,0.4371,0.4286,0.7564,0.0097,True,False,0.0,7770,0.55,0.3934,0.4371,0.3934,0.4371,0.3934,0.4371
2922854,Nova Redenção - BA,29,1.5,0.3752,0.4201,0.409,0.7382,0.0171,True,False,0.0,7516,0.5,0.3752,0.4201,0.3752,0.4201,0.3752,0.4201
2922904,Nova Soure - BA,29,1.5,0.4641,0.5052,0.4914,0.8982,0.0118,True,False,0.0,24129,0.57,0.4641,0.5052,0.4641,0.5052,0.4641,0.5052
2923001,Nova Viçosa - BA,29,1.5,0.4547,0.4874,0.4774,0.8285,0.0087,True,False,0.0,39386,0.61,0.4547,0.4874,0.4547,0.4874,0.4547,0.4874
2923035,Novo Horizonte - BA,29,1.5,0.3749,0.4212,0.4268,0.7489,0.0251,True,True,0.0,11129,0.56,0.3749,0.4212,0.3749,0.4212,0.3749,0.4212
2923050,Novo Triunfo - BA,29,1.5,0.4631,0.5018,0.4866,0.895,0.0033,True,False,0.0,10636,0.51,0.4631,0.5018,0.4631,0.5018,0.4631,0.5018
2923100,Olindina - BA,29,1.5,0.4054,0.448,0.4466,0.7994,0.0141,True,False,0.0,22583,0.58,0.4054,0.448,0.4054,0.448,0.4054,0.448
2923209,Oliveira dos Brejinhos - BA,29,1.5,0.4589,0.4955,0.4888,0.8476,0.0133,True,False,0.0,20715,0.56,0.4839,0.5188,0.4589,0.4955,0.45,0.4872
2923308,Ouriçangas - BA,29,1.5,0.3679,0.4109,0.3951,0.7083,0.0101,True,False,0.0,7717,0.45,0.3679,0.4109,0.3679,0.4109,0.3679,0.4109
2923357,Ourolândia - BA,29,1.5,0.3616,0.4081,0.4,0.7132,0.0064,True,False,0.0,19225,0.52,0.3616,0.4081,0.3616,0.4081,0.3616,0.4081
2923407,Palmas de Monte Alto - BA,29,1.5,0.4175,0.4562,0.4579,0.8211,0.0163,True,True,0.0,20067,0.48,0.4175,0.4562,0.4175,0.4562,0.4175,0.4562
2923506,Palmeiras - BA,29,1.5,0.5071,0.5355,0.5086,0.9183,0.0103,True,False,0.0,10284,0.58,0.5219,0.5495,0.5071,0.5355,0.502,0.5307
2923605,Paramirim - BA,29,1.5,0.4223,0.4585,0.4351,0.7807,0.0159,True,False,0.0,20310,0.51,0.4223,0.4585,0.4223,0.4585,0.4223,0.4585
2923704,Paratinga - BA,29,1.5,0.3985,0.4421,0.433,0.7721,0.0144,True,False,0.0,29252,0.55,0.3985,0.4421,0.3985,0.4421,0.3985,0.4421
2923803,Paripiranga - BA,29,1.5,0.4496,0.487,0.4777,0.8674,0.0142,True,False,0.0,26586,0.59,0.4496,0.487,0.4496,0.487,0.4496,0.487
2923902,Pau Brasil - BA,29,1.5,0.4121,0.4492,0.4352,0.7815,0.0066,True,False,0.0,9368,0.56,0.4121,0.4492,0.4121,0.4492,0.4121,0.4492
2924009,Paulo Afonso - BA,29,1.5,0.4961,0.5238,0.5105,0.9291,0.0052,True,False,0.0,112445,0.58,0.5065,0.5336,0.4961,0.5238,0.4925,0.5204
2924058,Pé de Serra - BA,29,1.5,0.3674,0.4114,0.3999,0.7239,0.0174,True,False,0.0,13222,0.46,0.3674,0.4114,0.3674,0.4114,0.3674,0.4114
2924108,Pedrão - BA,29,1.5,0.3572,0.4012,0.3931,0.7082,0.0114,True,False,0.0,6235,0.47,0.3572,0.4012,0.3572,0.4012,0.3572,0.4012
2924207,Pedro Alexandre - BA,29,1.5,0.3921,0.439,0.4197,0.7741,0.0082,True,False,0.0,13878,0.51,0.3921,0.439,0.3921,0.439,0.3921,0.439
2924306,Piatã - BA,29,1.5,0.4211,0.4598,0.4402,0.7937,0.0099,True,False,0.0,20027,0.54,0.4211,0.4598,0.4211,0.4598,0.4211,0.4598
2924405,Pilão Arcado - BA,29,1.5,0.4369,0.4927,0.4972,0.8705,0.0172,True,True,0.0,35325,0.6,0.4369,0.4927,0.4369,0.4927,0.4369,0.4927
2924504,Pindaí - BA,29,1.5,0.3713,0.4148,0.4096,0.7492,0.0241,True,False,0.0,14713,0.45,0.3713,0.4148,0.3713,0.4148,0.3713,0.4148
2924603,Pindobaçu - BA,29,1.5,0.4013,0.4428,0.4445,0.801,0.0181,True,True,0.0,18990,0.5,0.4013,0.4428,0.4013,0.4428,0.4013,0.4428
2924652,Pintadas - BA,29,1.5,0.3796,0.4195,0.4207,0.7421,0.011,True,True,0.0,10322,0.46,0.3796,0.4195,0.3796,0.4195,0.3796,0.4195
2924678,Piraí do Norte - BA,29,1.5,0.4998,0.5395,0.5505,0.8985,0.0071,True,True,0.0,10974,0.49,0.4998,0.5395,0.4998,0.5395,0.4998,0.5395
2924702,Piripá - BA,29,1.5,0.3858,0.4286,0.4159,0.7529,0.0148,True,False,0.0,9130,0.49,0.3858,0.4286,0.3858,0.4286,0.3858,0.4286
2924801,Piritiba - BA,29,1.5,0.4428,0.4823,0.475,0.8484,0.0175,True,False,0.0,17544,0.52,0.4428,0.4823,0.4428,0.4823,0.4428,0.4823
2924900,Planaltino - BA,29,1.5,0.3645,0.4103,0.4222,0.7422,0.0298,True,True,0.0,8017,0.56,0.3645,0.4103,0.3645,0.4103,0.3645,0.4103
2925006,Planalto - BA,29,1.5,0.3689,0.4108,0.3994,0.7166,0.0092,True,False,0.0,23334,0.45,0.3689,0.4108,0.3689,0.4108,0.3689,0.4108
2925105,Poções - BA,29,1.5,0.4244,0.4618,0.4485,0.8051,0.0103,True,False,0.0,48210,0.54,0.4244,0.4618,0.4244,0.4618,0.4244,0.4618
2925204,Pojuca - BA,29,1.5,0.4544,0.4852,0.4882,0.8528,0.0038,True,True,0.0,32109,0.5,0.4544,0.4852,0.4544,0.4852,0.4544,0.4852
2925253,Ponto Novo - BA,29,1.5,0.4405,0.4836,0.4492,0.8158,0.0141,True,False,0.0,17911,0.49,0.4716,0.5124,0.4405,0.4836,0.4293,0.4733
2925303,Porto Seguro - BA,29,1.5,0.5068,0.5329,0.4807,0.8695,0.0114,True,False,0.0,167568,0.56,0.5376,0.5622,0.5068,0.5329,0.4956,0.5223
2925402,Potiraguá - BA,29,1.5,0.3479,0.393,0.3595,0.6551,0.013,True,False,0.0,10273,0.49,0.3479,0.393,0.3479,0.393,0.3479,0.393
2925501,Prado - BA,29,1.5,0.4583,0.4895,0.4549,0.8229,0.0113,True,False,0.0,34547,0.55,0.472,0.5024,0.4583,0.4895,0.4535,0.485
2925600,Presidente Dutra - BA,29,1.5,0.401,0.4417,0.4309,0.7822,0.0151,True,False,0.0,15116,0.53,0.401,0.4417,0.401,0.4417,0.401,0.4417
2925709,Presidente Jânio Quadros - BA,29,1.5,0.371,0.4178,0.4186,0.759,0.0257,True,True,0.0,12622,0.53,0.371,0.4178,0.371,0.4178,0.371,0.4178
2925758,Presidente Tancredo Neves - BA,29,1.5,0.4465,0.4806,0.4696,0.8368,0.0075,True,False,0.0,27659,0.55,0.4465,0.4806,0.4465,0.4806,0.4465,0.4806
2925808,Queimadas - BA,29,1.5,0.4309,0.4721,0.4607,0.8095,0.0077,True,False,0.0,25988,0.51,0.4309,0.4721,0.4309,0.4721,0.4309,0.4721
2925907,Quijingue - BA,29,1.5,0.4305,0.4703,0.4663,0.8434,0.0125,True,False,0.0,25264,0.58,0.4305,0.4703,0.4305,0.4703,0.4305,0.4703
2925931,Quixabeira - BA,29,1.5,0.384,0.4301,0.4301,0.7918,0.0258,True,True,0.0,9453,0.49,0.384,0.4301,0.384,0.4301,0.384,0.4301
2925956,Rafael Jambeiro - BA,29,1.5,0.3961,0.444,0.4622,0.7528,0.0205,True,True,0.0,19635,0.5,0.3961,0.444,0.3961,0.444,0.3961,0.444
2926004,Remanso - BA,29,1.5,0.4622,0.4975,0.4923,0.8869,0.0166,True,False,0.0,40440,0.54,0.4622,0.4975,0.4622,0.4975,0.4622,0.4975
2926103,Retirolândia - BA,29,1.5,0.3823,0.4243,0.4119,0.7494,0.0172,True,False,0.0,13614,0.46,0.3823,0.4243,0.3823,0.4243,0.3823,0.4243
2926202,Riachão das Neves - BA,29,1.5,0.3739,0.4175,0.4235,0.7126,0.0164,True,True,0.0,21604,0.53,0.3739,0.4175,0.3739,0.4175,0.3739,0.4175
2926301,Riachão do Jacuípe - BA,29,1.5,0.4418,0.4753,0.4429,0.8088,0.0101,True,False,0.0,33367,0.47,0.4511,0.4841,0.4418,0.4753,0.4386,0.4723
2926400,Riacho de Santana - BA,29,1.5,0.4404,0.4798,0.4797,0.8543,0.0139,True,False,0.0,30689,0.56,0.4404,0.4798,0.4404,0.4798,0.4404,0.4798
2926509,Ribeira do Amparo - BA,29,1.5,0.4047,0.4469,0.4411,0.7918,0.0093,True,False,0.0,13819,0.53,0.4047,0.4469,0.4047,0.4469,0.4047,0.4469
2926608,Ribeira do Pombal - BA,29,1.5,0.4706,0.5029,0.4959,0.8955,0.008,True,False,0.0,53946,0.54,0.4706,0.5029,0.4706,0.5029,0.4706,0.5029
2926657,Ribeirão do Largo - BA,29,1.5,0.3564,0.402,0.3922,0.6768,0.0104,True,False,0.0,9658,0.46,0.3564,0.402,0.3564,0.402,0.3564,0.402
2926707,Rio de Contas - BA,29,1.5,0.4343,0.4697,0.4616,0.837,0.0138,True,False,0.0,13176,0.48,0.4343,0.4697,0.4343,0.4697,0.4343,0.4697
2926806,Rio do Antônio - BA,29,1.5,0.3895,0.4325,0.432,0.7742,0.0208,True,False,0.0,13135,0.49,0.3895,0.4325,0.3895,0.4325,0.3895,0.4325
2926905,Rio do Pires - BA,29,1.5,0.4227,0.4614,0.4682,0.8193,0.0154,True,True,0.0,10470,0.48,0.4227,0.4614,0.4227,0.4614,0.4227,0.4614
2927002,Rio Real - BA,29,1.5,0.4575,0.4939,0.4822,0.8301,0.0117,True,False,0.0,35270,0.53,0.4575,0.4939,0.4575,0.4939,0.4575,0.4939
2927101,Rodelas - BA,29,1.5,0.4223,0.4605,0.4507,0.8102,0.0046,True,False,0.0,10272,0.53,0.4223,0.4605,0.4223,0.4605,0.4223,0.4605
2927200,Ruy Barbosa - BA,29,1.5,0.4313,0.4691,0.4376,0.7783,0.0143,True,False,0.0,28270,0.55,0.4313,0.4691,0.4313,0.4691,0.4313,0.4691
2927309,Salinas da Margarida - BA,29,1.5,0.4541,0.493,0.4831,0.8682,0.005,True,False,0.0,14982,0.54,0.4541,0.493,0.4541,0.493,0.4541,0.493
2927408,Salvador - BA,29,1.5,0.6064,0.6239,0.5888,1.0565,0.0157,True,False,0.0,2406396,0.63,0.639,0.6552,0.6064,0.6239,0.5942,0.6121
2927507,Santa Bárbara - BA,29,1.5,0.3895,0.4306,0.4117,0.7373,0.0108,True,False,0.0,20913,0.52,0.3895,0.4306,0.3895,0.4306,0.3895,0.4306
2927606,Santa Brígida - BA,29,1.5,0.3992,0.4462,0.4527,0.7951,0.0169,True,True,0.0,14961,0.55,0.3992,0.4462,0.3992,0.4462,0.3992,0.4462
2927705,Santa Cruz Cabrália - BA,29,1.5,0.4357,0.4681,0.4488,0.8061,0.0145,True,False,0.0,28712,0.58,0.4357,0.4681,0.4357,0.4681,0.4357,0.4681
2927804,Santa Cruz da Vitória - BA,29,1.5,0.3269,0.3748,0.3659,0.6529,0.0211,True,False,0.0,4660,0.54,0.3269,0.3748,0.3269,0.3748,0.3269,0.3748
2927903,Santa Inês - BA,29,1.5,0.4269,0.4627,0.4337,0.773,0.013,True,False,0.0,10240,0.48,0.4269,0.4627,0.4269,0.4627,0.4269,0.4627
2928000,Santaluz - BA,29,1.5,0.3996,0.439,0.4355,0.7544,0.0077,True,False,0.0,37784,0.49,0.3996,0.439,0.3996,0.439,0.3996,0.439
2928059,Santa Luzia - BA,29,1.5,0.3962,0.4358,0.4217,0.7606,0.0118,True,False,0.0,13785,0.46,0.3962,0.4358,0.3962,0.4358,0.3962,0.4358
2928109,Santa Maria da Vitória - BA,29,1.5,0.4629,0.4951,0.4619,0.8425,0.0135,True,False,0.0,38522,0.54,0.4629,0.4951,0.4629,0.4951,0.4629,0.4951
2928208,Santana - BA,29,1.5,0.4496,0.4853,0.4671,0.8267,0.0121,True,False,0.0,24692,0.54,0.4496,0.4853,0.4496,0.4853,0.4496,0.4853
2928307,Santanópolis - BA,29,1.5,0.4163,0.4549,0.4453,0.7848,0.0081,True,False,0.0,8717,0.52,0.4163,0.4549,0.4163,0.4549,0.4163,0.4549
2928406,Santa Rita de Cássia - BA,29,1.5,0.4653,0.5008,0.4827,0.8835,0.009,True,False,0.0,27353,0.6,0.4653,0.5008,0.4653,0.5008,0.4653,0.5008
2928505,Santa Terezinha - BA,29,1.5,0.4256,0.4656,0.4709,0.8052,0.0167,True,True,0.0,10429,0.53,0.4256,0.4656,0.4256,0.4656,0.4256,0.4656
2928604,Santo Amaro - BA,29,1.5,0.4498,0.4847,0.4783,0.8423,0.0081,True,False,0.0,55745,0.56,0.4498,0.4847,0.4498,0.4847,0.4498,0.4847
2928703,Santo Antônio de Jesus - BA,29,1.5,0.4961,0.5239,0.4695,0.8478,0.0148,True,False,0.0,102642,0.54,0.5254,0.5517,0.4961,0.5239,0.4855,0.5139
2928802,Santo Estêvão - BA,29,1.5,0.4004,0.4399,0.4219,0.7443,0.0116,True,False,0.0,52168,0.56,0.4004,0.4399,0.4004,0.4399,0.4004,0.4399
2928901,São Desidério - BA,29,1.5,0.4285,0.4627,0.4544,0.8187,0.0017,True,False,0.0,32730,0.57,0.4285,0.4627,0.4285,0.4627,0.4285,0.4627
2928950,São Domingos - BA,29,1.5,0.3227,0.3705,0.3596,0.6501,0.0195,True,False,0.0,8426,0.47,0.3227,0.3705,0.3227,0.3705,0.3227,0.3705
2929008,São Félix - BA,29,1.5,0.3967,0.4365,0.4231,0.7448,0.0111,True,False,0.0,11017,0.48,0.3967,0.4365,0.3967,0.4365,0.3967,0.4365
2929057,São Félix do Coribe - BA,29,1.5,0.4804,0.5127,0.4456,0.8026,0.0119,True,False,0.0,15182,0.5,0.5233,0.553,0.4804,0.5127,0.4644,0.4977
2929107,São Felipe - BA,29,1.5,0.3893,0.429,0.4187,0.7513,0.0071,True,False,0.0,20122,0.5,0.3893,0.429,0.3893,0.429,0.3893,0.429
2929206,São Francisco do Conde - BA,29,1.5,0.4762,0.5084,0.5148,0.9053,0.0011,True,True,0.0,38645,0.5,0.4762,0.5084,0.4762,0.5084,0.4762,0.5084
2929255,São Gabriel - BA,29,1.5,0.4535,0.4934,0.4605,0.8166,0.0198,True,False,0.0,18559,0.51,0.4936,0.5307,0.4535,0.4934,0.4386,0.4797
2929305,São Gonçalo dos Campos - BA,29,1.5,0.4283,0.4644,0.4369,0.7734,0.0139,True,False,0.0,39464,0.55,0.4283,0.4644,0.4283,0.4644,0.4283,0.4644
2929354,São José da Vitória - BA,29,1.5,0.3562,0.3996,0.3912,0.6894,0.0108,True,False,0.0,5313,0.45,0.3562,0.3996,0.3562,0.3996,0.3562,0.3996
2929370,São José do Jacuípe - BA,29,1.5,0.3827,0.4254,0.4154,0.7419,0.0152,True,False,0.0,10150,0.46,0.3827,0.4254,0.3827,0.4254,0.3827,0.4254
2929404,São Miguel das Matas - BA,29,1.5,0.3761,0.4175,0.4136,0.7524,0.021,True,False,0.0,10324,0.51,0.3761,0.4175,0.3761,0.4175,0.3761,0.4175
2929503,São Sebastião do Passé - BA,29,1.5,0.4588,0.4916,0.4912,0.8428,0.0044,True,False,0.0,40899,0.53,0.4588,0.4916,0.4588,0.4916,0.4588,0.4916
2929602,Sapeaçu - BA,29,1.5,0.3875,0.4286,0.4171,0.7356,0.0166,True,False,0.0,17930,0.58,0.3875,0.4286,0.3875,0.4286,0.3875,0.4286
2929701,Sátiro Dias - BA,29,1.5,0.4292,0.4706,0.4599,0.8276,0.0115,True,False,0.0,16004,0.54,0.4292,0.4706,0.4292,0.4706,0.4292,0.4706
2929750,Saubara - BA,29,1.5,0.4128,0.4521,0.4406,0.7567,0.0129,True,False,0.0,11417,0.49,0.4128,0.4521,0.4128,0.4521,0.4128,0.4521
2929800,Saúde - BA,29,1.5,0.4299,0.4688,0.4253,0.7789,0.0184,True,False,0.0,10472,0.55,0.4537,0.4911,0.4299,0.4688,0.4215,0.461
2929909,Seabra - BA,29,1.5,0.4675,0.5007,0.4846,0.8827,0.0131,True,False,0.0,46107,0.57,0.4751,0.5079,0.4675,0.5007,0.4649,0.4983
2930006,Sebastião Laranjeiras - BA,29,1.5,0.3851,0.4278,0.4209,0.7567,0.0184,True,False,0.0,9353,0.46,0.3851,0.4278,0.3851,0.4278,0.3851,0.4278
2930105,Senhor do Bonfim - BA,29,1.5,0.517,0.5435,0.5134,0.9335,0.0094,True,False,0.0,74316,0.57,0.5283,0.5542,0.517,0.5435,0.5131,0.5399
2930154,Serra do Ramalho - BA,29,1.5,0.4548,0.4918,0.4786,0.8739,0.0072,True,False,0.0,34197,0.53,0.4548,0.4918,0.4548,0.4918,0.4548,0.4918
2930204,Sento Sé - BA,29,1.5,0.4393,0.4831,0.4838,0.8348,0.0108,True,True,0.0,38075,0.53,0.4393,0.4831,0.4393,0.4831,0.4393,0.4831
2930303,Serra Dourada - BA,29,1.5,0.4073,0.4474,0.4414,0.7818,0.0119,True,False,0.0,17051,0.51,0.4073,0.4474,0.4073,0.4474,0.4073,0.4474
2930402,Serra Preta - BA,29,1.5,0.3536,0.3981,0.3893,0.6877,0.0115,True,False,0.0,17980,0.48,0.3536,0.3981,0.3536,0.3981,0.3536,0.3981
2930501,Serrinha - BA,29,1.5,0.468,0.4999,0.4864,0.8718,0.0113,True,False,0.0,80097,0.55,0.468,0.4999,0.468,0.4999,0.468,0.4999
2930600,Serrolândia - BA,29,1.5,0.3685,0.4116,0.4009,0.7123,0.0172,True,False,0.0,13253,0.5,0.3685,0.4116,0.3685,0.4116,0.3685,0.4116
2930709,Simões Filho - BA,29,1.5,0.4414,0.4754,0.4873,0.806,0.0066,True,True,0.0,113980,0.5,0.4414,0.4754,0.4414,0.4754,0.4414,0.4754
2930758,Sítio do Mato - BA,29,1.5,0.3464,0.3926,0.38,0.678,0.0042,True,False,0.0,13366,0.59,0.3464,0.3926,0.3464,0.3926,0.3464,0.3926
2930766,Sítio do Quinto - BA,29,1.5,0.3987,0.4431,0.4331,0.8044,0.0184,True,False,0.0,14741,0.55,0.3987,0.4431,0.3987,0.4431,0.3987,0.4431
2930774,Sobradinho - BA,29,1.5,0.456,0.4887,0.4802,0.8034,0.013,True,False,0.0,25445,0.49,0.456,0.4887,0.456,0.4887,0.456,0.4887
2930808,Souto Soares - BA,29,1.5,0.3876,0.4328,0.4364,0.7712,0.0173,True,True,0.0,17041,0.54,0.3876,0.4328,0.3876,0.4328,0.3876,0.4328
2930907,Tabocas do Brejo Velho - BA,29,1.5,0.4148,0.4587,0.456,0.8226,0.0203,True,False,0.0,11981,0.54,0.4148,0.4587,0.4148,0.4587,0.4148,0.4587
2931004,Tanhaçu - BA,29,1.5,0.4568,0.4964,0.485,0.8514,0.0176,True,False,0.0,21006,0.5,0.4568,0.4964,0.4568,0.4964,0.4568,0.4964
2931053,Tanque Novo - BA,29,1.5,0.41,0.4519,0.4445,0.8022,0.0113,True,False,0.0,17154,0.6,0.41,0.4519,0.41,0.4519,0.41,0.4519
2931103,Tanquinho - BA,29,1.5,0.4055,0.444,0.4232,0.7717,0.012,True,False,0.0,7712,0.48,0.4055,0.444,0.4055,0.444,0.4055,0.444
2931202,Taperoá - BA,29,1.5,0.3929,0.4346,0.4333,0.742,0.0167,True,False,0.0,18025,0.53,0.3929,0.4346,0.3929,0.4346,0.3929,0.4346
2931301,Tapiramutá - BA,29,1.5,0.4391,0.4799,0.4673,0.8197,0.0057,True,False,0.0,15786,0.61,0.4391,0.4799,0.4391,0.4799,0.4391,0.4799
2931350,Teixeira de Freitas - BA,29,1.5,0.4847,0.5125,0.4876,0.8662,0.0113,True,False,0.0,144588,0.53,0.4921,0.5195,0.4847,0.5125,0.4822,0.5101
2931400,Teodoro Sampaio - BA,29,1.5,0.349,0.3924,0.3812,0.6828,0.006,True,False,0.0,7092,0.54,0.349,0.3924,0.349,0.3924,0.349,0.3924
2931509,Teofilândia - BA,29,1.5,0.4944,0.5288,0.484,0.8552,0.0117,True,False,0.0,21073,0.55,0.5353,0.5669,0.4944,0.5288,0.4792,0.5145
2931608,Teolândia - BA,29,1.5,0.4183,0.4571,0.4166,0.758,0.0169,True,False,0.0,15289,0.48,0.4183,0.4571,0.4183,0.4571,0.4183,0.4571
2931707,Terra Nova - BA,29,1.5,0.4017,0.4425,0.4047,0.7232,0.0165,True,False,0.0,10796,0.45,0.431,0.4699,0.4017,0.4425,0.3912,0.4327
2931806,Tremedal - BA,29,1.5,0.4005,0.4451,0.4567,0.7888,0.0206,True,True,0.0,16295,0.48,0.4005,0.4451,0.4005,0.4451,0.4005,0.4451
2931905,Tucano - BA,29,1.5,0.4538,0.4904,0.4505,0.8095,0.0114,True,False,0.0,48628,0.65,0.4632,0.4991,0.4538,0.4904,0.4506,0.4874
2932002,Uauá - BA,29,1.5,0.4468,0.4882,0.488,0.8821,0.0235,True,False,0.0,24665,0.56,0.4468,0.4882,0.4468,0.4882,0.4468,0.4882
2932101,Ubaíra - BA,29,1.5,0.4559,0.4926,0.4567,0.8057,0.0112,True,False,0.0,18598,0.59,0.4876,0.5222,0.4559,0.4926,0.4445,0.482
2932200,Ubaitaba - BA,29,1.5,0.4802,0.5094,0.4774,0.8811,0.0129,True,False,0.0,17598,0.56,0.4802,0.5094,0.4802,0.5094,0.4802,0.5094
2932309,Ubatã - BA,29,1.5,0.4963,0.5285,0.5392,0.904,0.0062,True,True,0.0,16095,0.53,0.4963,0.5285,0.4963,0.5285,0.4963,0.5285
2932408,Uibaí - BA,29,1.5,0.4238,0.4603,0.4443,0.8204,0.013,True,False,0.0,13417,0.53,0.4238,0.4603,0.4238,0.4603,0.4238,0.4603
2932457,Umburanas - BA,29,1.5,0.4166,0.4593,0.446,0.771,0.0105,True,False,0.0,13611,0.5,0.4166,0.4593,0.4166,0.4593,0.4166,0.4593
2932507,Una - BA,29,1.5,0.4285,0.4639,0.442,0.7935,0.0128,True,False,0.0,18055,0.52,0.4285,0.4639,0.4285,0.4639,0.4285,0.4639
2932606,Urandi - BA,29,1.5,0.4233,0.4607,0.4287,0.772,0.0181,True,False,0.0,15356,0.51,0.4233,0.4607,0.4233,0.4607,0.4233,0.4607
2932705,Uruçuca - BA,29,1.5,0.4371,0.47,0.4549,0.8131,0.0164,True,False,0.0,21319,0.48,0.4371,0.47,0.4371,0.47,0.4371,0.47
2932804,Utinga - BA,29,1.5,0.4265,0.4636,0.451,0.7953,0.0061,True,False,0.0,16241,0.62,0.4265,0.4636,0.4265,0.4636,0.4265,0.4636
2932903,Valença - BA,29,1.5,0.4666,0.4984,0.4877,0.8662,0.0096,True,False,0.0,85244,0.54,0.4706,0.5021,0.4666,0.4984,0.4652,0.4971
2933000,Valente - BA,29,1.5,0.3552,0.398,0.3947,0.6858,0.011,True,False,0.0,24363,0.49,0.3552,0.398,0.3552,0.398,0.3552,0.398
2933059,Várzea da Roça - BA,29,1.5,0.393,0.4382,0.4351,0.774,0.0168,True,False,0.0,13800,0.49,0.393,0.4382,0.393,0.4382,0.393,0.4382
2933109,Várzea do Poço - BA,29,1.5,0.4296,0.4671,0.4705,0.8542,0.01,True,True,0.0,8101,0.5,0.4296,0.4671,0.4296,0.4671,0.4296,0.4671
2933158,Várzea Nova - BA,29,1.5,0.3788,0.4228,0.4268,0.7638,0.023,True,True,0.0,13373,0.5,0.3788,0.4228,0.3788,0.4228,0.3788,0.4228
2933174,Varzedo - BA,29,1.5,0.4031,0.4444,0.4447,0.783,0.0124,True,True,0.0,9879,0.52,0.4031,0.4444,0.4031,0.4444,0.4031,0.4444
2933208,Vera Cruz - BA,29,1.5,0.4965,0.5247,0.5207,0.9125,0.0097,True,False,0.0,42467,0.57,0.4965,0.5247,0.4965,0.5247,0.4965,0.5247
2933257,Vereda - BA,29,1.5,0.3491,0.3921,0.3854,0.6663,0.0086,True,False,0.0,6002,0.47,0.3491,0.3921,0.3491,0.3921,0.3491,0.3921
2933307,Vitória da Conquista - BA,29,1.5,0.5166,0.5419,0.4927,0.8994,0.0153,True,False,0.0,369551,0.55,0.54,0.5642,0.5166,0.5419,0.5082,0.534
2933406,Wagner - BA,29,1.5,0.3985,0.4409,0.4332,0.7841,0.0121,True,False,0.0,9504,0.52,0.3985,0.4409,0.3985,0.4409,0.3985,0.4409
2933455,Wanderley - BA,29,1.5,0.4108,0.4497,0.4239,0.7587,0.0133,True,False,0.0,12949,0.59,0.4108,0.4497,0.4108,0.4497,0.4108,0.4497
2933505,Wenceslau Guimarães - BA,29,1.5,0.406,0.4492,0.4607,0.756,0.0077,True,True,0.0,24444,0.45,0.406,0.4492,0.406,0.4492,0.406,0.4492
2933604,Xique-Xique - BA,29,1.5,0.432,0.4692,0.4494,0.7898,0.0104,True,False,0.0,44429,0.56,0.432,0.4692,0.432,0.4692,0.432,0.4692
3100104,Abadia dos Dourados - MG,31,1.5,0.4207,0.4536,0.4169,0.76,0.0211,True,False,0.0,6260,0.47,0.4207,0.4536,0.4207,0.4536,0.4207,0.4536
3100203,Abaeté - MG,31,1.5,0.4428,0.4748,0.4697,0.773,0.0136,True,False,0.0,22565,0.54,0.4566,0.4879,0.4428,0.4748,0.4381,0.4704
3100302,Abre Campo - MG,31,1.5,0.4316,0.4662,0.4472,0.7878,0.0146,True,False,0.0,13603,0.52,0.4316,0.4662,0.4316,0.4662,0.4316,0.4662
3100401,Acaiaca - MG,31,1.5,0.3494,0.3929,0.3693,0.669,0.0123,True,False,0.0,3908,0.48,0.3494,0.3929,0.3494,0.3929,0.3494,0.3929
3100500,Açucena - MG,31,1.5,0.4294,0.4661,0.4643,0.7778,0.0133,True,False,0.0,8868,0.48,0.4294,0.4661,0.4294,0.4661,0.4294,0.4661
3100609,Água Boa - MG,31,1.5,0.4515,0.4863,0.5226,0.7292,0.0144,True,True,0.0,12556,0.5,0.4515,0.4863,0.4515,0.4863,0.4515,0.4863
3100708,Água Comprida - MG,31,1.5,0.4014,0.4345,0.4023,0.7369,0.0119,True,False,0.0,2106,0.46,0.4014,0.4345,0.4014,0.4345,0.4014,0.4345
3100807,Aguanil - MG,31,1.5,0.3775,0.4161,0.3751,0.6781,0.0154,True,False,0.0,4335,0.45,0.3775,0.4161,0.3775,0.4161,0.3775,0.4161
3100906,Águas Formosas - MG,31,1.5,0.4117,0.4482,0.4243,0.7706,0.0128,True,False,0.0,18388,0.57,0.4117,0.4482,0.4117,0.4482,0.4117,0.4482
3101003,Águas Vermelhas - MG,31,1.5,0.355,0.4002,0.3804,0.6864,0.0193,True,False,0.0,14018,0.51,0.355,0.4002,0.355,0.4002,0.355,0.4002
3101102,Aimorés - MG,31,1.5,0.4647,0.4937,0.4666,0.8253,0.0143,True,False,0.0,25035,0.53,0.4647,0.4937,0.4647,0.4937,0.4647,0.4937
3101201,Aiuruoca - MG,31,1.5,0.4322,0.4654,0.41,0.7404,0.0128,True,False,0.0,6165,0.49,0.4595,0.4912,0.4322,0.4654,0.4225,0.4563
3101300,Alagoa - MG,31,1.5,0.3918,0.431,0.4099,0.7077,0.0189,True,False,0.0,2742,0.42,0.3918,0.431,0.3918,0.431,0.3918,0.431
3101409,Albertina - MG,31,1.5,0.3348,0.3781,0.3536,0.6418,0.0085,True,False,0.0,2952,0.35,0.3348,0.3781,0.3348,0.3781,0.3348,0.3781
3101508,Além Paraíba - MG,31,1.5,0.4643,0.4924,0.4626,0.8461,0.0091,True,False,0.0,30487,0.5,0.4746,0.5023,0.4643,0.4924,0.4607,0.4891
3101607,Alfenas - MG,31,1.5,0.4759,0.5033,0.4652,0.8383,0.0101,True,False,0.0,78554,0.51,0.5018,0.528,0.4759,0.5033,0.4666,0.4945
3101631,Alfredo Vasconcelos - MG,31,1.5,0.3981,0.4351,0.3992,0.6855,0.0106,True,False,0.0,6931,0.41,0.4298,0.4648,0.3981,0.4351,0.3868,0.4244
3101706,Almenara - MG,31,1.5,0.4749,0.5046,0.474,0.8549,0.0134,True,False,0.0,40091,0.53,0.4828,0.5121,0.4749,0.5046,0.4722,0.502
3101805,Alpercata - MG,31,1.5,0.3746,0.4167,0.3885,0.6626,0.0172,True,False,0.0,6845,0.45,0.3935,0.4343,0.3746,0.4167,0.368,0.4105
3101904,Alpinópolis - MG,31,1.5,0.4262,0.4603,0.4422,0.7606,0.0093,True,False,0.0,18225,0.47,0.4393,0.4726,0.4262,0.4603,0.4217,0.4561
3102001,Alterosa - MG,31,1.5,0.431,0.4656,0.4611,0.7451,0.0079,True,False,0.0,13860,0.44,0.431,0.4656,0.431,0.4656,0.431,0.4656
3102050,Alto Caparaó - MG,31,1.5,0.3662,0.4076,0.4041,0.6886,0.0203,True,False,0.0,5743,0.45,0.3662,0.4076,0.3662,0.4076,0.3662,0.4076
3102100,Alto Rio Doce - MG,31,1.5,0.4081,0.4469,0.4372,0.7711,0.0239,True,False,0.0,10855,0.46,0.4081,0.4469,0.4081,0.4469,0.4081,0.4469
3102209,Alvarenga - MG,31,1.5,0.3491,0.393,0.3748,0.6729,0.0178,True,False,0.0,3960,0.52,0.3491,0.393,0.3491,0.393,0.3491,0.393
3102308,Alvinópolis - MG,31,1.5,0.397,0.4351,0.4078,0.7084,0.016,True,False,0.0,15021,0.46,0.411,0.4483,0.397,0.4351,0.3921,0.4305
3102407,Alvorada de Minas - MG,31,1.5,0.3585,0.4011,0.3994,0.6614,0.0034,True,False,0.0,4159,0.58,0.3585,0.4011,0.3585,0.4011,0.3585,0.4011
3102506,Amparo do Serra - MG,31,1.5,0.3517,0.3958,0.3692,0.651,0.0248,True,False,0.0,4517,0.46,0.3517,0.3958,0.3517,0.3958,0.3517,0.3958
3102605,Andradas - MG,31,1.5,0.4088,0.4425,0.3984,0.7099,0.0113,True,False,0.0,40295,0.44,0.421,0.454,0.4088,0.4425,0.4047,0.4386
3102704,Cachoeira de Pajeú - MG,31,1.5,0.3897,0.4338,0.4281,0.7559,0.0248,True,False,0.0,9062,0.52,0.3897,0.4338,0.3897,0.4338,0.3897,0.4338
3102803,Andrelândia - MG,31,1.5,0.4535,0.4863,0.4336,0.7781,0.0209,True,False,0.0,11859,0.51,0.4739,0.5054,0.4535,0.4863,0.4464,0.4795
3102852,Angelândia - MG,31,1.5,0.4103,0.4476,0.4315,0.777,0.0149,True,False,0.0,7717,0.53,0.4103,0.4476,0.4103,0.4476,0.4103,0.4476
3102902,Antônio Carlos - MG,31,1.5,0.4034,0.4389,0.4139,0.7357,0.0076,True,False,0.0,11081,0.47,0.4191,0.4537,0.4034,0.4389,0.3979,0.4338
3103009,Antônio Dias - MG,31,1.5,0.3665,0.4086,0.404,0.6872,0.0193,True,False,0.0,9220,0.48,0.3665,0.4086,0.3665,0.4086,0.3665,0.4086
3103108,Antônio Prado de Minas - MG,31,1.5,0.3742,0.4114,0.4167,0.7505,0.0149,True,True,0.0,1537,0.47,0.3742,0.4114,0.3742,0.4114,0.3742,0.4114
3103207,Araçaí - MG,31,1.5,0.4284,0.4642,0.4597,0.8062,0.0222,True,False,0.0,2176,0.42,0.4284,0.4642,0.4284,0.4642,0.4284,0.4642
3103306,Aracitaba - MG,31,1.5,0.3357,0.3785,0.3635,0.6509,0.0056,True,False,0.0,2041,0.42,0.3357,0.3785,0.3357,0.3785,0.3357,0.3785
3103405,Araçuaí - MG,31,1.5,0.5195,0.5464,0.5007,0.9048,0.0134,True,False,0.0,34108,0.57,0.5533,0.5783,0.5195,0.5464,0.5071,0.5346
3103504,Araguari - MG,31,1.5,0.446,0.4747,0.4533,0.8146,0.0055,True,False,0.0,116999,0.47,0.4573,0.4853,0.446,0.4747,0.4422,0.471
3103603,Arantina - MG,31,1.5,0.3652,0.409,0.3601,0.6599,0.0231,True,False,0.0,2914,0.42,0.3652,0.409,0.3652,0.409,0.3652,0.409
3103702,Araponga - MG,31,1.5,0.3882,0.4278,0.4519,0.6839,0.0054,True,True,0.0,8043,0.44,0.3882,0.4278,0.3882,0.4278,0.3882,0.4278
3103751,Araporã - MG,31,1.5,0.4122,0.4443,0.4264,0.7702,0.0069,True,False,0.0,8474,0.41,0.4122,0.4443,0.4122,0.4443,0.4122,0.4443
3103801,Arapuá - MG,31,1.5,0.3983,0.438,0.4284,0.7025,0.0305,True,False,0.0,2620,0.45,0.3983,0.438,0.3983,0.438,0.3983,0.438
3103900,Araújos - MG,31,1.5,0.4366,0.4698,0.4047,0.7403,0.0116,True,False,0.0,9173,0.36,0.4758,0.5068,0.4366,0.4698,0.4221,0.4562
3104007,Araxá - MG,31,1.5,0.4591,0.4867,0.447,0.8082,0.0072,True,False,0.0,110955,0.48,0.4934,0.5194,0.4591,0.4867,0.4466,0.4749
3104106,Arceburgo - MG,31,1.5,0.3784,0.4166,0.4078,0.7191,0.0127,True,False,0.0,9123,0.38,0.3784,0.4166,0.3784,0.4166,0.3784,0.4166
3104205,Arcos - MG,31,1.5,0.3984,0.4331,0.4223,0.7157,0.0053,True,False,0.0,41141,0.43,0.4063,0.4405,0.3984,0.4331,0.3958,0.4306
3104304,Areado - MG,31,1.5,0.4188,0.4531,0.4236,0.7626,0.0147,True,False,0.0,13787,0.45,0.4188,0.4531,0.4188,0.4531,0.4188,0.4531
3104403,Argirita - MG,31,1.5,0.4302,0.4629,0.4306,0.7814,0.0195,True,False,0.0,2686,0.39,0.4302,0.4629,0.4302,0.4629,0.4302,0.4629
3104452,Aricanduva - MG,31,1.5,0.3815,0.4216,0.4098,0.7508,0.0131,True,False,0.0,4698,0.5,0.3815,0.4216,0.3815,0.4216,0.3815,0.4216
3104502,Arinos - MG,31,1.5,0.4484,0.4804,0.4573,0.8241,0.0135,True,False,0.0,17162,0.55,0.4484,0.4804,0.4484,0.4804,0.4484,0.4804
3104601,Astolfo Dutra - MG,31,1.5,0.3552,0.3976,0.3757,0.6691,0.0134,True,False,0.0,14104,0.39,0.3552,0.3976,0.3552,0.3976,0.3552,0.3976
3104700,Ataléia - MG,31,1.5,0.3788,0.4188,0.4057,0.7083,0.0116,True,False,0.0,13712,0.48,0.3788,0.4188,0.3788,0.4188,0.3788,0.4188
3104809,Augusto de Lima - MG,31,1.5,0.347,0.3933,0.3697,0.6617,0.0227,True,False,0.0,4536,0.42,0.347,0.3933,0.347,0.3933,0.347,0.3933
3104908,Baependi - MG,31,1.5,0.397,0.4328,0.4182,0.7295,0.0122,True,False,0.0,18216,0.49,0.397,0.4328,0.397,0.4328,0.397,0.4328
3105004,Baldim - MG,31,1.5,0.3938,0.4319,0.4037,0.7063,0.0054,True,False,0.0,7473,0.46,0.4151,0.4518,0.3938,0.4319,0.3864,0.4249
3105103,Bambuí - MG,31,1.5,0.5228,0.5472,0.5701,0.8491,0.01,True,True,0.0,23455,0.49,0.5454,0.5687,0.5228,0.5472,0.5148,0.5395
3105202,Bandeira - MG,31,1.5,0.3787,0.4208,0.4057,0.6969,0.0151,True,False,0.0,4720,0.46,0.3787,0.4208,0.3787,0.4208,0.3787,0.4208
3105301,Bandeira do Sul - MG,31,1.5,0.3556,0.3974,0.362,0.6574,0.0141,True,False,0.0,5939,0.34,0.3556,0.3974,0.3556,0.3974,0.3556,0.3974
3105400,Barão de Cocais - MG,31,1.5,0.4079,0.4423,0.4139,0.7397,0.0106,True,False,0.0,30701,0.42,0.4256,0.459,0.4079,0.4423,0.4017,0.4365
3105509,Barão do Monte Alto - MG,31,1.5,0.3614,0.4047,0.3782,0.6819,0.0171,True,False,0.0,4964,0.45,0.3614,0.4047,0.3614,0.4047,0.3614,0.4047
3105608,Barbacena - MG,31,1.5,0.5012,0.5258,0.5011,0.8703,0.0106,True,False,0.0,124425,0.58,0.524,0.5476,0.5012,0.5258,0.493,0.518
3105707,Barra Longa - MG,31,1.5,0.3788,0.4191,0.4056,0.7084,0.0136,True,False,0.0,5657,0.48,0.3788,0.4191,0.3788,0.4191,0.3788,0.4191
3105905,Barroso - MG,31,1.5,0.4282,0.4625,0.4427,0.7808,0.0172,True,False,0.0,20020,0.48,0.4282,0.4625,0.4282,0.4625,0.4282,0.4625
3106002,Bela Vista de Minas - MG,31,1.5,0.3951,0.4334,0.417,0.7567,0.0158,True,False,0.0,10157,0.4,0.4153,0.4522,0.3951,0.4334,0.3881,0.4268
3106101,Belmiro Braga - MG,31,1.5,0.4517,0.4835,0.403,0.7478,0.0173,True,False,0.0,3244,0.45,0.5007,0.5298,0.4517,0.4835,0.4332,0.466
3106200,Belo Horizonte - MG,31,1.5,0.5706,0.5879,0.5581,1.0139,0.0084,True,False,0.0,2304444,0.6,0.6122,0.6282,0.5706,0.5879,0.5546,0.5724
3106309,Belo Oriente - MG,31,1.5,0.4358,0.4715,0.5012,0.766,0.0146,True,True,0.0,23885,0.42,0.4358,0.4715,0.4358,0.4715,0.4358,0.4715
3106408,Belo Vale - MG,31,1.5,0.4601,0.4911,0.4635,0.8395,0.0142,True,False,0.0,8611,0.46,0.4864,0.516,0.4601,0.4911,0.4507,0.4822
3106507,Berilo - MG,31,1.5,0.3846,0.4256,0.4274,0.7755,0.0254,True,True,0.0,9826,0.45,0.3846,0.4256,0.3846,0.4256,0.3846,0.4256
3106606,Bertópolis - MG,31,1.5,0.367,0.4119,0.4049,0.729,0.0197,True,False,0.0,4452,0.54,0.367,0.4119,0.367,0.4119,0.367,0.4119
3106655,Berizal - MG,31,1.5,0.316,0.3623,0.3485,0.6215,0.0042,True,False,0.0,4183,0.41,0.316,0.3623,0.316,0.3623,0.316,0.3623
3106705,Betim - MG,31,1.5,0.4233,0.4557,0.4528,0.7868,0.0058,True,False,0.0,411145,0.47,0.4291,0.4612,0.4233,0.4557,0.4213,0.4538
3106804,Bias Fortes - MG,31,1.5,0.3885,0.4293,0.4176,0.6984,0.0198,True,False,0.0,3355,0.41,0.3885,0.4293,0.3885,0.4293,0.3885,0.4293
3106903,Bicas - MG,31,1.5,0.4459,0.4748,0.455,0.8383,0.0117,True,False,0.0,13899,0.53,0.4459,0.4748,0.4459,0.4748,0.4459,0.4748
3107000,Biquinhas - MG,31,1.5,0.3941,0.4375,0.3662,0.6513,0.0251,True,False,0.0,2383,0.41,0.4228,0.4642,0.3941,0.4375,0.3839,0.428
3107109,Boa Esperança - MG,31,1.5,0.444,0.4746,0.4387,0.7753,0.0204,True,False,0.0,39800,0.47,0.444,0.4746,0.444,0.4746,0.444,0.4746
3107208,Bocaina de Minas - MG,31,1.5,0.4375,0.4703,0.4241,0.7625,0.0191,True,False,0.0,5320,0.42,0.4375,0.4703,0.4375,0.4703,0.4375,0.4703
3107307,Bocaiúva - MG,31,1.5,0.4255,0.4604,0.4446,0.7798,0.011,True,False,0.0,47847,0.51,0.435,0.4694,0.4255,0.4604,0.4222,0.4574
3107406,Bom Despacho - MG,31,1.5,0.4411,0.4716,0.4433,0.7886,0.0118,True,False,0.0,51557,0.49,0.4555,0.4852,0.4411,0.4716,0.4362,0.4669
3107505,Bom Jardim de Minas - MG,31,1.5,0.3959,0.4332,0.4307,0.7349,0.0179,True,False,0.0,6761,0.46,0.3959,0.4332,0.3959,0.4332,0.3959,0.4332
3107604,Bom Jesus da Penha - MG,31,1.5,0.3998,0.434,0.3971,0.733,0.014,True,False,0.0,4447,0.42,0.4138,0.4472,0.3998,0.434,0.395,0.4294
3107703,Bom Jesus do Amparo - MG,31,1.5,0.3765,0.4166,0.3996,0.7286,0.0202,True,False,0.0,5625,0.45,0.3765,0.4166,0.3765,0.4166,0.3765,0.4166
3107802,Bom Jesus do Galho - MG,31,1.5,0.3975,0.4348,0.417,0.7423,0.0161,True,False,0.0,14493,0.49,0.3975,0.4348,0.3975,0.4348,0.3975,0.4348
3107901,Bom Repouso - MG,31,1.5,0.4468,0.4787,0.5272,0.7705,0.0156,True,True,0.0,12646,0.46,0.4468,0.4787,0.4468,0.4787,0.4468,0.4787
3108008,Bom Sucesso - MG,31,1.5,0.5021,0.5309,0.4616,0.7951,0.0141,True,False,0.0,16982,0.49,0.5581,0.5839,0.5021,0.5309,0.4801,0.5101
3108107,Bonfim - MG,31,1.5,0.4285,0.4631,0.4112,0.75,0.0119,True,False,0.0,7385,0.49,0.4538,0.4869,0.4285,0.4631,0.4196,0.4547
3108206,Bonfinópolis de Minas - MG,31,1.5,0.4341,0.4664,0.4203,0.7584,0.0113,True,False,0.0,5463,0.47,0.4627,0.4935,0.4341,0.4664,0.4239,0.4568
3108255,Bonito de Minas - MG,31,1.5,0.4178,0.459,0.4557,0.8211,0.0175,True,False,0.0,10203,0.57,0.4178,0.459,0.4178,0.459,0.4178,0.459
3108305,Borda da Mata - MG,31,1.5,0.3966,0.4326,0.4101,0.7351,0.0124,True,False,0.0,17356,0.46,0.4048,0.4403,0.3966,0.4326,0.3939,0.43
3108404,Botelhos - MG,31,1.5,0.3824,0.4188,0.3991,0.7076,0.0097,True,False,0.0,14681,0.47,0.3824,0.4188,0.3824,0.4188,0.3824,0.4188
3108503,Botumirim - MG,31,1.5,0.4024,0.4422,0.4459,0.7841,0.0157,True,True,0.0,5776,0.46,0.4024,0.4422,0.4024,0.4422,0.4024,0.4422
3108552,Brasilândia de Minas - MG,31,1.5,0.3911,0.4288,0.4073,0.7135,0.0156,True,False,0.0,14999,0.44,0.3911,0.4288,0.3911,0.4288,0.3911,0.4288
3108602,Brasília de Minas - MG,31,1.5,0.4648,0.4978,0.4509,0.812,0.0105,True,False,0.0,31969,0.54,0.5017,0.5325,0.4648,0.4978,0.4512,0.4851
3108701,Brás Pires - MG,31,1.5,0.3229,0.3709,0.3633,0.6328,0.0182,True,False,0.0,4217,0.44,0.3229,0.3709,0.3229,0.3709,0.3229,0.3709
3108800,Braúnas - MG,31,1.5,0.4713,0.5043,0.5019,0.8948,0.0059,True,False,0.0,4439,0.55,0.4713,0.5043,0.4713,0.5043,0.4713,0.5043
3108909,Brazópolis - MG,31,1.5,0.4136,0.4478,0.4227,0.7678,0.0061,True,False,0.0,14156,0.54,0.4276,0.4611,0.4136,0.4478,0.4087,0.4433
3109006,Brumadinho - MG,31,1.5,0.5081,0.5316,0.4844,0.8847,0.0113,True,False,0.0,38700,0.57,0.5464,0.5683,0.5081,0.5316,0.4938,0.5179
3109105,Bueno Brandão - MG,31,1.5,0.4053,0.4391,0.4089,0.7408,0.0102,True,False,0.0,10852,0.44,0.4053,0.4391,0.4053,0.4391,0.4053,0.4391
3109204,Buenópolis - MG,31,1.5,0.4308,0.4651,0.4454,0.7937,0.0085,True,False,0.0,9078,0.49,0.4308,0.4651,0.4308,0.4651,0.4308,0.4651
3109253,Bugre - MG,31,1.5,0.4305,0.4687,0.3995,0.7,0.0125,True,False,0.0,4040,0.44,0.4852,0.5199,0.4305,0.4687,0.4096,0.4491
3109303,Buritis - MG,31,1.5,0.4261,0.4591,0.4443,0.7985,0.0095,True,False,0.0,23844,0.57,0.4261,0.4591,0.4261,0.4591,0.4261,0.4591
3109402,Buritizeiro - MG,31,1.5,0.3919,0.4295,0.4285,0.7072,0.0085,True,False,0.0,23824,0.41,0.3919,0.4295,0.3919,0.4295,0.3919,0.4295
3109451,Cabeceira Grande - MG,31,1.5,0.4249,0.4574,0.4297,0.7756,0.0217,True,False,0.0,6627,0.47,0.4249,0.4574,0.4249,0.4574,0.4249,0.4574
3109501,Cabo Verde - MG,31,1.5,0.3812,0.4172,0.3989,0.7328,0.0052,True,False,0.0,11382,0.43,0.3812,0.4172,0.3812,0.4172,0.3812,0.4172
3109600,Cachoeira da Prata - MG,31,1.5,0.357,0.3966,0.3693,0.6683,0.0076,True,False,0.0,3692,0.43,0.3751,0.4136,0.357,0.3966,0.3507,0.3907
3109709,Cachoeira de Minas - MG,31,1.5,0.3465,0.3893,0.3864,0.6803,0.0154,True,False,0.0,11858,0.45,0.3465,0.3893,0.3465,0.3893,0.3465,0.3893
3109808,Cachoeira Dourada - MG,31,1.5,0.39,0.4281,0.3733,0.6791,0.0094,True,False,0.0,2298,0.35,0.4242,0.4602,0.39,0.4281,0.3776,0.4165
3109907,Caetanópolis - MG,31,1.5,0.3954,0.4321,0.4292,0.7384,0.012,True,False,0.0,11435,0.42,0.3954,0.4321,0.3954,0.4321,0.3954,0.4321
3110004,Caeté - MG,31,1.5,0.4602,0.4888,0.4998,0.8323,0.0065,True,True,0.0,38617,0.46,0.4602,0.4888,0.4602,0.4888,0.4602,0.4888
3110103,Caiana - MG,31,1.5,0.3858,0.4243,0.435,0.7316,0.0072,True,True,0.0,5303,0.42,0.3858,0.4243,0.3858,0.4243,0.3858,0.4243
3110202,Cajuri - MG,31,1.5,0.3352,0.3834,0.3557,0.6429,0.0225,True,False,0.0,4088,0.43,0.3352,0.3834,0.3352,0.3834,0.3352,0.3834
3110301,Caldas - MG,31,1.5,0.4129,0.4466,0.4159,0.7386,0.0088,True,False,0.0,14171,0.49,0.421,0.4543,0.4129,0.4466,0.4101,0.444
3110400,Camacho - MG,31,1.5,0.3418,0.3872,0.4213,0.6533,0.0216,True,True,0.0,2837,0.46,0.3418,0.3872,0.3418,0.3872,0.3418,0.3872
3110509,Camanducaia - MG,31,1.5,0.4318,0.4664,0.4255,0.7401,0.0102,True,False,0.0,25935,0.5,0.4622,0.495,0.4318,0.4664,0.4209,0.4562
3110608,Cambuí - MG,31,1.5,0.4008,0.4358,0.3981,0.7263,0.0113,True,False,0.0,29440,0.46,0.4101,0.4445,0.4008,0.4358,0.3976,0.4328
3110707,Cambuquira - MG,31,1.5,0.4205,0.4532,0.4239,0.7762,0.0176,True,False,0.0,12244,0.5,0.4205,0.4532,0.4205,0.4532,0.4205,0.4532
3110806,Campanário - MG,31,1.5,0.4035,0.4464,0.4672,0.6451,0.0235,True,True,0.0,2923,0.44,0.4035,0.4464,0.4035,0.4464,0.4035,0.4464
3110905,Campanha - MG,31,1.5,0.4384,0.4706,0.43,0.7808,0.0126,True,False,0.0,15807,0.5,0.4541,0.4854,0.4384,0.4706,0.4329,0.4654
3111002,Campestre - MG,31,1.5,0.3874,0.4252,0.4062,0.7004,0.0078,True,False,0.0,20601,0.52,0.4043,0.4411,0.3874,0.4252,0.3816,0.4197
3111101,Campina Verde - MG,31,1.5,0.4242,0.4568,0.4322,0.755,0.0167,True,False,0.0,17925,0.47,0.4242,0.4568,0.4242,0.4568,0.4242,0.4568
3111150,Campo Azul - MG,31,1.5,0.3945,0.437,0.4211,0.7488,0.0245,True,False,0.0,3701,0.48,0.3945,0.437,0.3945,0.437,0.3945,0.437
3111200,Campo Belo - MG,31,1.5,0.3976,0.4336,0.4069,0.7112,0.0078,True,False,0.0,51992,0.47,0.4074,0.4429,0.3976,0.4336,0.3942,0.4305
3111309,Campo do Meio - MG,31,1.5,0.4105,0.4477,0.4027,0.7112,0.0145,True,False,0.0,11303,0.42,0.4416,0.4768,0.4105,0.4477,0.3994,0.4373
3111408,Campo Florido - MG,31,1.5,0.3935,0.429,0.4144,0.7315,0.0105,True,False,0.0,8434,0.52,0.3935,0.429,0.3935,0.429,0.3935,0.429
3111507,Campos Altos - MG,31,1.5,0.4777,0.5075,0.4397,0.8023,0.0104,True,False,0.0,12908,0.4,0.5244,0.5517,0.4777,0.5075,0.46,0.4908
3111606,Campos Gerais - MG,31,1.5,0.4569,0.4881,0.4335,0.7702,0.0171,True,False,0.0,25955,0.44,0.4908,0.5201,0.4569,0.4881,0.4446,0.4765
3111705,Canaã - MG,31,1.5,0.338,0.3822,0.3788,0.67,0.015,True,False,0.0,4715,0.5,0.338,0.3822,0.338,0.3822,0.338,0.3822
3111804,Canápolis - MG,31,1.5,0.3834,0.422,0.4048,0.7274,0.0166,True,False,0.0,10511,0.5,0.3834,0.422,0.3834,0.422,0.3834,0.422
3111903,Cana Verde - MG,31,1.5,0.4303,0.467,0.3938,0.6938,0.0107,True,False,0.0,5240,0.43,0.488,0.5212,0.4303,0.467,0.408,0.4461
3112000,Candeias - MG,31,1.5,0.3474,0.3907,0.3853,0.6733,0.022,True,False,0.0,13882,0.48,0.3474,0.3907,0.3474,0.3907,0.3474,0.3907
3112059,Cantagalo - MG,31,1.5,0.4164,0.4517,0.4351,0.7403,0.0154,True,False,0.0,3974,0.42,0.4164,0.4517,0.4164,0.4517,0.4164,0.4517
3112109,Caparaó - MG,31,1.5,0.3502,0.3917,0.3767,0.6751,0.0102,True,False,0.0,5039,0.43,0.3502,0.3917,0.3502,0.3917,0.3502,0.3917
3112208,Capela Nova - MG,31,1.5,0.3545,0.3998,0.3855,0.6737,0.0218,True,False,0.0,4361,0.44,0.3545,0.3998,0.3545,0.3998,0.3545,0.3998
3112307,Capelinha - MG,31,1.5,0.449,0.4801,0.4437,0.8031,0.0124,True,False,0.0,39444,0.52,0.4673,0.4973,0.449,0.4801,0.4426,0.4741
3112406,Capetinga - MG,31,1.5,0.3422,0.3853,0.3766,0.6495,0.0143,True,False,0.0,6508,0.42,0.3422,0.3853,0.3422,0.3853,0.3422,0.3853
3112505,Capim Branco - MG,31,1.5,0.4086,0.4429,0.4483,0.7738,0.0139,True,True,0.0,10636,0.4,0.4086,0.4429,0.4086,0.4429,0.4086,0.4429
3112604,Capinópolis - MG,31,1.5,0.3949,0.4299,0.4236,0.7429,0.0054,True,False,0.0,14630,0.59,0.3949,0.4299,0.3949,0.4299,0.3949,0.4299
3112653,Capitão Andrade - MG,31,1.5,0.3589,0.4028,0.3858,0.6851,0.0214,True,False,0.0,4583,0.51,0.3589,0.4028,0.3589,0.4028,0.3589,0.4028
3112703,Capitão Enéas - MG,31,1.5,0.362,0.4033,0.3864,0.6911,0.0096,True,False,0.0,14091,0.47,0.362,0.4033,0.362,0.4033,0.362,0.4033
3112802,Capitólio - MG,31,1.5,0.3843,0.4198,0.4007,0.7068,0.0078,True,False,0.0,10283,0.4,0.3843,0.4198,0.3843,0.4198,0.3843,0.4198
3112901,Caputira - MG,31,1.5,0.4232,0.4561,0.4256,0.7892,0.013,True,False,0.0,8936,0.57,0.4232,0.4561,0.4232,0.4561,0.4232,0.4561
3113008,Caraí - MG,31,1.5,0.4641,0.5029,0.4873,0.8787,0.0114,True,False,0.0,19510,0.53,0.4641,0.5029,0.4641,0.5029,0.4641,0.5029
3113107,Caranaíba - MG,31,1.5,0.3681,0.4082,0.4046,0.73,0.0126,True,False,0.0,2931,0.43,0.3681,0.4082,0.3681,0.4082,0.3681,0.4082
3113206,Carandaí - MG,31,1.5,0.3997,0.4371,0.4194,0.7325,0.008,True,False,0.0,23811,0.48,0.3997,0.4371,0.3997,0.4371,0.3997,0.4371
3113305,Carangola - MG,31,1.5,0.441,0.4713,0.4582,0.8295,0.0133,True,False,0.0,30963,0.48,0.441,0.4713,0.441,0.4713,0.441,0.4713
3113404,Caratinga - MG,31,1.5,0.4676,0.497,0.4802,0.7993,0.0108,True,False,0.0,86525,0.54,0.4866,0.515,0.4676,0.497,0.461,0.4907
3113503,Carbonita - MG,31,1.5,0.3701,0.4121,0.3955,0.7114,0.017,True,False,0.0,8493,0.46,0.3701,0.4121,0.3701,0.4121,0.3701,0.4121
3113602,Careaçu - MG,31,1.5,0.3599,0.4004,0.3731,0.6689,0.0075,True,False,0.0,6783,0.41,0.3599,0.4004,0.3599,0.4004,0.3599,0.4004
3113701,Carlos Chagas - MG,31,1.5,0.4182,0.4548,0.4258,0.7491,0.016,True,False,0.0,18507,0.53,0.4182,0.4548,0.4182,0.4548,0.4182,0.4548
3113800,Carmésia - MG,31,1.5,0.3919,0.4312,0.4297,0.7862,0.0292,True,False,0.0,2605,0.48,0.3919,0.4312,0.3919,0.4312,0.3919,0.4312
3113909,Carmo da Cachoeira - MG,31,1.5,0.3731,0.4135,0.3791,0.6949,0.0191,True,False,0.0,11369,0.45,0.3731,0.4135,0.3731,0.4135,0.3731,0.4135
3114006,Carmo da Mata - MG,31,1.5,0.3666,0.4061,0.3865,0.6851,0.0088,True,False,0.0,10964,0.4,0.3666,0.4061,0.3666,0.4061,0.3666,0.4061
3114105,Carmo de Minas - MG,31,1.5,0.4384,0.4715,0.4351,0.7701,0.0172,True,False,0.0,13676,0.47,0.4384,0.4715,0.4384,0.4715,0.4384,0.4715
3114204,Carmo do Cajuru - MG,31,1.5,0.3305,0.3726,0.369,0.6599,0.0073,True,False,0.0,23385,0.43,0.3305,0.3726,0.3305,0.3726,0.3305,0.3726
3114303,Carmo do Paranaíba - MG,31,1.5,0.3968,0.4316,0.4168,0.7312,0.0187,True,False,0.0,28644,0.49,0.3968,0.4316,0.3968,0.4316,0.3968,0.4316
3114402,Carmo do Rio Claro - MG,31,1.5,0.3847,0.4221,0.3947,0.6951,0.0046,True,False,0.0,20889,0.52,0.4005,0.4369,0.3847,0.4221,0.3793,0.417
3114501,Carmópolis de Minas - MG,31,1.5,0.3892,0.4263,0.4098,0.7233,0.0117,True,False,0.0,17802,0.46,0.3892,0.4263,0.3892,0.4263,0.3892,0.4263
3114550,Carneirinho - MG,31,1.5,0.3521,0.393,0.3795,0.6612,0.0118,True,False,0.0,9399,0.57,0.3521,0.393,0.3521,0.393,0.3521,0.393
3114600,Carrancas - MG,31,1.5,0.4693,0.4991,0.4459,0.81,0.0215,True,False,0.0,3975,0.54,0.4976,0.5258,0.4693,0.4991,0.4592,0.4895
3114709,Carvalhópolis - MG,31,1.5,0.3542,0.3927,0.3733,0.6726,0.0179,True,False,0.0,3305,0.43,0.3542,0.3927,0.3542,0.3927,0.3542,0.3927
3114808,Carvalhos - MG,31,1.5,0.3914,0.4286,0.4126,0.7276,0.0116,True,False,0.0,4385,0.53,0.3914,0.4286,0.3914,0.4286,0.3914,0.4286
3114907,Casa Grande - MG,31,1.5,0.5153,0.545,0.4772,0.8577,0.0261,True,False,0.0,2214,0.38,0.5556,0.5829,0.5153,0.545,0.5002,0.5308
3115003,Cascalho Rico - MG,31,1.5,0.3752,0.4154,0.3986,0.7112,0.0112,True,False,0.0,2683,0.49,0.3752,0.4154,0.3752,0.4154,0.3752,0.4154
3115102,Cássia - MG,31,1.5,0.3998,0.4346,0.4219,0.7537,0.0044,True,False,0.0,17045,0.47,0.3998,0.4346,0.3998,0.4346,0.3998,0.4346
3115201,Conceição da Barra de Minas - MG,31,1.5,0.4233,0.4582,0.4068,0.7361,0.0302,True,False,0.0,3540,0.49,0.4233,0.4582,0.4233,0.4582,0.4233,0.4582
3115300,Cataguases - MG,31,1.5,0.4389,0.4703,0.4517,0.7867,0.0104,True,False,0.0,66000,0.5,0.4442,0.4753,0.4389,0.4703,0.4371,0.4686
3115359,Catas Altas - MG,31,1.5,0.4054,0.4396,0.4325,0.7832,0.0113,True,False,0.0,5467,0.39,0.4054,0.4396,0.4054,0.4396,0.4054,0.4396
3115409,Catas Altas da Noruega - MG,31,1.5,0.356,0.3975,0.3901,0.6893,0.0145,True,False,0.0,3093,0.44,0.356,0.3975,0.356,0.3975,0.356,0.3975
3115458,Catuji - MG,31,1.5,0.3835,0.4229,0.4001,0.7208,0.0075,True,False,0.0,7022,0.54,0.3835,0.4229,0.3835,0.4229,0.3835,0.4229
3115474,Catuti - MG,31,1.5,0.3623,0.4065,0.3971,0.7196,0.0177,True,False,0.0,4737,0.5,0.3623,0.4065,0.3623,0.4065,0.3623,0.4065
3115508,Caxambu - MG,31,1.5,0.5173,0.5425,0.4647,0.838,0.0185,True,False,0.0,20932,0.65,0.5698,0.5925,0.5173,0.5425,0.4968,0.523
3115607,Cedro do Abaeté - MG,31,1.5,0.3076,0.3573,0.3513,0.6277,0.0219,True,False,0.0,1083,0.39,0.3076,0.3573,0.3076,0.3573,0.3076,0.3573
3115706,Central de Minas - MG,31,1.5,0.4105,0.4475,0.4125,0.7322,0.0165,True,False,0.0,6149,0.59,0.4105,0.4475,0.4105,0.4475,0.4105,0.4475
3115805,Centralina - MG,31,1.5,0.5194,0.5461,0.4492,0.8245,0.0146,True,False,0.0,10165,0.39,0.5852,0.6087,0.5194,0.5461,0.4924,0.5205
3115904,Chácara - MG,31,1.5,0.4004,0.4368,0.4101,0.7496,0.0232,True,False,0.0,3071,0.43,0.4004,0.4368,0.4004,0.4368,0.4004,0.4368
3116001,Chalé - MG,31,1.5,0.4275,0.4631,0.4662,0.8158,0.0195,True,True,0.0,5996,0.45,0.4275,0.4631,0.4275,0.4631,0.4275,0.4631
3116100,Chapada do Norte - MG,31,1.5,0.3646,0.4082,0.4093,0.7382,0.0265,True,True,0.0,10330,0.47,0.3646,0.4082,0.3646,0.4082,0.3646,0.4082
3116159,Chapada Gaúcha - MG,31,1.5,0.5125,0.5419,0.4669,0.8491,0.015,True,False,0.0,12356,0.51,0.5555,0.5824,0.5125,0.5419,0.4962,0.5266
3116209,Chiador - MG,31,1.5,0.3447,0.3876,0.3677,0.664,0.0072,True,False,0.0,2801,0.61,0.3447,0.3876,0.3447,0.3876,0.3447,0.3876
3116308,Cipotânea - MG,31,1.5,0.4339,0.4729,0.4913,0.8527,0.0328,True,True,0.0,5536,0.5,0.4339,0.4729,0.4339,0.4729,0.4339,0.4729
3116407,Claraval - MG,31,1.5,0.2879,0.3411,0.3336,0.5955,0.0201,True,False,0.0,4638,0.42,0.2879,0.3411,0.2879,0.3411,0.2879,0.3411
3116506,Claro dos Poções - MG,31,1.5,0.3884,0.4291,0.4282,0.7464,0.0186,True,False,0.0,7163,0.42,0.3884,0.4291,0.3884,0.4291,0.3884,0.4291
3116605,Cláudio - MG,31,1.5,0.375,0.4125,0.38,0.696,0.0069,True,False,0.0,30041,0.4,0.3868,0.4236,0.375,0.4125,0.3709,0.4087
3116704,Coimbra - MG,31,1.5,0.3516,0.3929,0.381,0.6717,0.0138,True,False,0.0,7103,0.45,0.3516,0.3929,0.3516,0.3929,0.3516,0.3929
3116803,Coluna - MG,31,1.5,0.416,0.4522,0.4417,0.7967,0.014,True,False,0.0,8115,0.5,0.416,0.4522,0.416,0.4522,0.416,0.4522
3116902,Comendador Gomes - MG,31,1.5,0.3676,0.4064,0.3782,0.6896,0.0097,True,False,0.0,2769,0.45,0.3676,0.4064,0.3676,0.4064,0.3676,0.4064
3117009,Comercinho - MG,31,1.5,0.4141,0.4561,0.45,0.8263,0.0239,True,False,0.0,6654,0.49,0.4141,0.4561,0.4141,0.4561,0.4141,0.4561
3117108,Conceição da Aparecida - MG,31,1.5,0.379,0.4178,0.3963,0.7118,0.016,True,False,0.0,10337,0.45,0.379,0.4178,0.379,0.4178,0.379,0.4178
3117207,Conceição das Pedras - MG,31,1.5,0.3788,0.4168,0.3992,0.7168,0.0066,True,False,0.0,2772,0.48,0.3788,0.4168,0.3788,0.4168,0.3788,0.4168
3117306,Conceição das Alagoas - MG,31,1.5,0.4462,0.4771,0.4655,0.8001,0.0041,True,False,0.0,28226,0.51,0.4559,0.4863,0.4462,0.4771,0.4428,0.4739
3117405,Conceição de Ipanema - MG,31,1.5,0.3143,0.3621,0.3481,0.6027,0.0114,True,False,0.0,4409,0.54,0.3143,0.3621,0.3143,0.3621,0.3143,0.3621
3117504,Conceição do Mato Dentro - MG,31,1.5,0.4366,0.467,0.4493,0.8205,0.0074,True,False,0.0,23125,0.49,0.4366,0.467,0.4366,0.467,0.4366,0.467
3117603,Conceição do Pará - MG,31,1.5,0.4015,0.4369,0.4236,0.7237,0.008,True,False,0.0,5402,0.42,0.4015,0.4369,0.4015,0.4369,0.4015,0.4369
3117702,Conceição do Rio Verde - MG,31,1.5,0.4709,0.5018,0.4489,0.8076,0.0225,True,False,0.0,12468,0.53,0.4832,0.5133,0.4709,0.5018,0.4667,0.4978
3117801,Conceição dos Ouros - MG,31,1.5,0.39,0.4282,0.3922,0.6981,0.0155,True,False,0.0,10851,0.39,0.4026,0.4401,0.39,0.4282,0.3857,0.4242
3117836,Cônego Marinho - MG,31,1.5,0.3874,0.4297,0.4265,0.764,0.0151,True,False,0.0,7225,0.52,0.3874,0.4297,0.3874,0.4297,0.3874,0.4297
3117876,Confins - MG,31,1.5,0.4305,0.462,0.4405,0.7953,0.0085,True,False,0.0,7312,0.45,0.4305,0.462,0.4305,0.462,0.4305,0.462
3117900,Congonhal - MG,31,1.5,0.3951,0.4311,0.4107,0.7377,0.0116,True,False,0.0,11012,0.45,0.3951,0.4311,0.3951,0.4311,0.3951,0.4311
3118007,Congonhas - MG,31,1.5,0.4076,0.4416,0.4356,0.7447,0.0048,True,False,0.0,52796,0.5,0.4184,0.4518,0.4076,0.4416,0.4039,0.4381
3118106,Congonhas do Norte - MG,31,1.5,0.3976,0.4357,0.4326,0.7198,0.0038,True,False,0.0,4817,0.48,0.3976,0.4357,0.3976,0.4357,0.3976,0.4357
3118205,Conquista - MG,31,1.5,0.3921,0.4266,0.4061,0.7294,0.0058,True,False,0.0,6659,0.45,0.3921,0.4266,0.3921,0.4266,0.3921,0.4266
3118304,Conselheiro Lafaiete - MG,31,1.5,0.4165,0.4483,0.4359,0.7783,0.0086,True,False,0.0,131055,0.49,0.4207,0.4522,0.4165,0.4483,0.4152,0.447
3118403,Conselheiro Pena - MG,31,1.5,0.4332,0.4661,0.4488,0.8058,0.0139,True,False,0.0,20670,0.49,0.4332,0.4661,0.4332,0.4661,0.4332,0.4661
3118502,Consolação - MG,31,1.5,0.3295,0.372,0.3458,0.6236,0.0174,True,False,0.0,1551,0.37,0.3295,0.372,0.3295,0.372,0.3295,0.372
3118601,Contagem - MG,31,1.5,0.4316,0.4608,0.4659,0.8108,0.0043,True,True,0.0,618966,0.48,0.4372,0.466,0.4316,0.4608,0.4298,0.459
3118700,Coqueiral - MG,31,1.5,0.4067,0.4439,0.4057,0.6963,0.0142,True,False,0.0,8963,0.49,0.4272,0.4631,0.4067,0.4439,0.3995,0.4372
3118809,Coração de Jesus - MG,31,1.5,0.4214,0.4591,0.4265,0.7749,0.0134,True,False,0.0,25280,0.49,0.4214,0.4591,0.4214,0.4591,0.4214,0.4591
3118908,Cordisburgo - MG,31,1.5,0.3793,0.4181,0.4039,0.7004,0.014,True,False,0.0,7543,0.46,0.3793,0.4181,0.3793,0.4181,0.3793,0.4181
3119005,Cordislândia - MG,31,1.5,0.351,0.3946,0.3675,0.67,0.0134,True,False,0.0,3174,0.45,0.351,0.3946,0.351,0.3946,0.351,0.3946
3119104,Corinto - MG,31,1.5,0.4489,0.4816,0.4774,0.821,0.0136,True,False,0.0,23371,0.53,0.4489,0.4816,0.4489,0.4816,0.4489,0.4816
3119203,Coroaci - MG,31,1.5,0.4006,0.4351,0.4063,0.7489,0.0158,True,False,0.0,10864,0.52,0.4006,0.4351,0.4006,0.4351,0.4006,0.4351
3119302,Coromandel - MG,31,1.5,0.4859,0.5131,0.4418,0.8054,0.009,True,False,0.0,28813,0.51,0.5366,0.5614,0.4859,0.5131,0.4664,0.4945
3119401,Coronel Fabriciano - MG,31,1.5,0.4264,0.4576,0.4572,0.7924,0.0055,True,False,0.0,104103,0.48,0.4264,0.4576,0.4264,0.4576,0.4264,0.4576
3119500,Coronel Murta - MG,31,1.5,0.411,0.4489,0.4556,0.7729,0.0125,True,True,0.0,8191,0.49,0.411,0.4489,0.411,0.4489,0.411,0.4489
3119609,Coronel Pacheco - MG,31,1.5,0.4121,0.4508,0.383,0.679,0.0186,True,False,0.0,2751,0.42,0.4519,0.4881,0.4121,0.4508,0.3974,0.4371
3119708,Coronel Xavier Chaves - MG,31,1.5,0.5226,0.5492,0.4677,0.8699,0.0151,True,False,0.0,3485,0.5,0.585,0.6085,0.5226,0.5492,0.4973,0.5252
3119807,Córrego Danta - MG,31,1.5,0.3839,0.4181,0.3997,0.7215,0.011,True,False,0.0,2921,0.47,0.3839,0.4181,0.3839,0.4181,0.3839,0.4181
3119906,Córrego do Bom Jesus - MG,31,1.5,0.4431,0.4753,0.4329,0.7757,0.0111,True,False,0.0,4270,0.38,0.4663,0.4972,0.4431,0.4753,0.4348,0.4675
3119955,Córrego Fundo - MG,31,1.5,0.3296,0.3759,0.3481,0.6139,0.0107,True,False,0.0,6106,0.32,0.3296,0.3759,0.3296,0.3759,0.3296,0.3759
3120003,Córrego Novo - MG,31,1.5,0.3196,0.3687,0.3681,0.6376,0.027,True,False,0.0,2875,0.42,0.3196,0.3687,0.3196,0.3687,0.3196,0.3687
3120102,Couto de Magalhães de Minas - MG,31,1.5,0.3878,0.4262,0.4125,0.7514,0.0178,True,False,0.0,4181,0.46,0.3878,0.4262,0.3878,0.4262,0.3878,0.4262
3120151,Crisólita - MG,31,1.5,0.4224,0.46,0.4384,0.7864,0.0105,True,False,0.0,5261,0.51,0.4224,0.46,0.4224,0.46,0.4224,0.46
3120201,Cristais - MG,31,1.5,0.3512,0.3931,0.3684,0.6583,0.0106,True,False,0.0,12121,0.58,0.3512,0.3931,0.3512,0.3931,0.3512,0.3931
3120300,Cristália - MG,31,1.5,0.416,0.4546,0.4355,0.791,0.0074,True,False,0.0,5114,0.51,0.416,0.4546,0.416,0.4546,0.416,0.4546
3120409,Cristiano Otoni - MG,31,1.5,0.4008,0.4366,0.4167,0.7551,0.0113,True,False,0.0,4668,0.44,0.4008,0.4366,0.4008,0.4366,0.4008,0.4366
3120508,Cristina - MG,31,1.5,0.4109,0.4484,0.4035,0.7107,0.0186,True,False,0.0,10333,0.44,0.4432,0.4787,0.4109,0.4484,0.3993,0.4375
3120607,Crucilândia - MG,31,1.5,0.3564,0.3978,0.3893,0.689,0.0128,True,False,0.0,5330,0.43,0.3564,0.3978,0.3564,0.3978,0.3564,0.3978
3120706,Cruzeiro da Fortaleza - MG,31,1.5,0.4374,0.4675,0.4482,0.8181,0.0236,True,False,0.0,3522,0.59,0.4374,0.4675,0.4374,0.4675,0.4374,0.4675
3120805,Cruzília - MG,31,1.5,0.4102,0.445,0.4177,0.7559,0.0135,True,False,0.0,15276,0.49,0.4102,0.445,0.4102,0.445,0.4102,0.445
3120839,Cuparaque - MG,31,1.5,0.3584,0.3996,0.388,0.6886,0.0053,True,False,0.0,3981,0.46,0.3584,0.3996,0.3584,0.3996,0.3584,0.3996
3120870,Curral de Dentro - MG,31,1.5,0.3603,0.4018,0.3919,0.7091,0.0057,True,False,0.0,7405,0.52,0.3603,0.4018,0.3603,0.4018,0.3603,0.4018
3120904,Curvelo - MG,31,1.5,0.4678,0.4976,0.4557,0.8143,0.0163,True,False,0.0,80365,0.52,0.4922,0.5207,0.4678,0.4976,0.4592,0.4894
3121001,Datas - MG,31,1.5,0.3843,0.4236,0.3999,0.7162,0.0103,True,False,0.0,5464,0.42,0.3843,0.4236,0.3843,0.4236,0.3843,0.4236
3121100,Delfim Moreira - MG,31,1.5,0.4289,0.4604,0.4407,0.8087,0.0096,True,False,0.0,7948,0.45,0.4289,0.4604,0.4289,0.4604,0.4289,0.4604
3121209,Delfinópolis - MG,31,1.5,0.4466,0.4793,0.4316,0.7251,0.0133,True,False,0.0,8295,0.47,0.4884,0.5187,0.4466,0.4793,0.4311,0.4646
3121258,Delta - MG,31,1.5,0.3591,0.4002,0.3969,0.6775,0.0068,True,False,0.0,10469,0.38,0.3591,0.4002,0.3591,0.4002,0.3591,0.4002
3121308,Descoberto - MG,31,1.5,0.3145,0.3622,0.349,0.6335,0.015,True,False,0.0,4883,0.41,0.3145,0.3622,0.3145,0.3622,0.3145,0.3622
3121407,Desterro de Entre Rios - MG,31,1.5,0.3473,0.3906,0.3978,0.6566,0.0128,True,True,0.0,7600,0.41,0.3473,0.3906,0.3473,0.3906,0.3473,0.3906
3121506,Desterro do Melo - MG,31,1.5,0.3418,0.3869,0.3651,0.6569,0.0171,True,False,0.0,2967,0.46,0.3418,0.3869,0.3418,0.3869,0.3418,0.3869
3121605,Diamantina - MG,31,1.5,0.5062,0.5299,0.5044,0.917,0.0152,True,False,0.0,47444,0.57,0.5168,0.54,0.5062,0.5299,0.5026,0.5264
3121704,Diogo de Vasconcelos - MG,31,1.5,0.3728,0.4143,0.411,0.6982,0.0178,True,False,0.0,3549,0.5,0.3728,0.4143,0.3728,0.4143,0.3728,0.4143
3121803,Dionísio - MG,31,1.5,0.3777,0.4169,0.3971,0.6983,0.0091,True,False,0.0,6831,0.45,0.3777,0.4169,0.3777,0.4169,0.3777,0.4169
3121902,Divinésia - MG,31,1.5,0.3967,0.4344,0.4001,0.7337,0.0117,True,False,0.0,4225,0.4,0.3967,0.4344,0.3967,0.4344,0.3967,0.4344
3122009,Divino - MG,31,1.5,0.4959,0.5251,0.4641,0.8474,0.0105,True,False,0.0,20503,0.52,0.5242,0.5518,0.4959,0.5251,0.4858,0.5155
3122108,Divino das Laranjeiras - MG,31,1.5,0.3574,0.3994,0.3901,0.6722,0.0104,True,False,0.0,4178,0.44,0.3574,0.3994,0.3574,0.3994,0.3574,0.3994
3122207,Divinolândia de Minas - MG,31,1.5,0.3927,0.433,0.416,0.7207,0.0185,True,False,0.0,6513,0.43,0.3927,0.433,0.3927,0.433,0.3927,0.433
3122306,Divinópolis - MG,31,1.5,0.4541,0.4826,0.4517,0.8062,0.0094,True,False,0.0,229970,0.47,0.4767,0.504,0.4541,0.4826,0.4462,0.475
3122355,Divisa Alegre - MG,31,1.5,0.4038,0.4411,0.4233,0.7522,0.0093,True,False,0.0,6321,0.5,0.4038,0.4411,0.4038,0.4411,0.4038,0.4411
3122405,Divisa Nova - MG,31,1.5,0.346,0.3873,0.3722,0.6648,0.0076,True,False,0.0,5831,0.39,0.346,0.3873,0.346,0.3873,0.346,0.3873
3122454,Divisópolis - MG,31,1.5,0.34,0.3856,0.3724,0.6628,0.0105,True,False,0.0,10212,0.45,0.34,0.3856,0.34,0.3856,0.34,0.3856
3122470,Dom Bosco - MG,31,1.5,0.3786,0.4175,0.3987,0.7202,0.0168,True,False,0.0,3693,0.42,0.3786,0.4175,0.3786,0.4175,0.3786,0.4175
3122504,Dom Cavati - MG,31,1.5,0.3629,0.403,0.3954,0.7161,0.0094,True,False,0.0,4874,0.44,0.3629,0.403,0.3629,0.403,0.3629,0.403
3122603,Dom Joaquim - MG,31,1.5,0.3515,0.3938,0.3647,0.6631,0.0096,True,False,0.0,4892,0.52,0.3515,0.3938,0.3515,0.3938,0.3515,0.3938
3122702,Dom Silvério - MG,31,1.5,0.3669,0.4089,0.3957,0.7023,0.0272,True,False,0.0,5206,0.42,0.3669,0.4089,0.3669,0.4089,0.3669,0.4089
3122801,Dom Viçoso - MG,31,1.5,0.4267,0.4617,0.4085,0.7393,0.0107,True,False,0.0,3095,0.41,0.4589,0.4919,0.4267,0.4617,0.4152,0.4507
3122900,Dona Euzébia - MG,31,1.5,0.3625,0.4031,0.3868,0.6898,0.0135,True,False,0.0,6090,0.41,0.3625,0.4031,0.3625,0.4031,0.3625,0.4031
3123007,Dores de Campos - MG,31,1.5,0.3641,0.404,0.396,0.7035,0.0081,True,False,0.0,10004,0.4,0.3641,0.404,0.3641,0.404,0.3641,0.404
3123106,Dores de Guanhães - MG,31,1.5,0.3182,0.3666,0.3671,0.6138,0.0126,True,True,0.0,5026,0.49,0.3182,0.3666,0.3182,0.3666,0.3182,0.3666
3123205,Dores do Indaiá - MG,31,1.5,0.4726,0.5038,0.5162,0.7655,0.0273,True,True,0.0,12519,0.47,0.4726,0.5038,0.4726,0.5038,0.4726,0.5038
3123304,Dores do Turvo - MG,31,1.5,0.4351,0.4683,0.4207,0.7686,0.0211,True,False,0.0,4976,0.46,0.4351,0.4683,0.4351,0.4683,0.4351,0.4683
3123403,Doresópolis - MG,31,1.5,0.3082,0.3573,0.3482,0.6187,0.0171,True,False,0.0,1461,0.39,0.3082,0.3573,0.3082,0.3573,0.3082,0.3573
3123502,Douradoquara - MG,31,1.5,0.3208,0.3668,0.3516,0.5966,0.0202,True,False,0.0,1830,0.49,0.3208,0.3668,0.3208,0.3668,0.3208,0.3668
3123528,Durandé - MG,31,1.5,0.469,0.5004,0.4305,0.7875,0.0071,True,False,0.0,7818,0.43,0.5209,0.5495,0.469,0.5004,0.449,0.4816
3123601,Elói Mendes - MG,31,1.5,0.4217,0.4552,0.4262,0.7665,0.0086,True,False,0.0,26262,0.46,0.4409,0.4732,0.4217,0.4552,0.4151,0.4489
3123700,Engenheiro Caldas - MG,31,1.5,0.3197,0.3665,0.3441,0.6182,0.0147,True,False,0.0,13601,0.49,0.3197,0.3665,0.3197,0.3665,0.3197,0.3665
3123809,Engenheiro Navarro - MG,31,1.5,0.3626,0.4048,0.3823,0.7023,0.0144,True,False,0.0,6346,0.43,0.3626,0.4048,0.3626,0.4048,0.3626,0.4048
3123858,Entre Folhas - MG,31,1.5,0.357,0.4001,0.4055,0.6692,0.0103,True,True,0.0,5180,0.47,0.357,0.4001,0.357,0.4001,0.357,0.4001
3123908,Entre Rios de Minas - MG,31,1.5,0.42,0.4531,0.4332,0.7797,0.0223,True,False,0.0,14691,0.5,0.42,0.4531,0.42,0.4531,0.42,0.4531
3124005,Ervália - MG,31,1.5,0.4203,0.456,0.4079,0.7195,0.0157,True,False,0.0,20120,0.46,0.4523,0.4861,0.4203,0.456,0.4088,0.4452
3124104,Esmeraldas - MG,31,1.5,0.425,0.4586,0.4439,0.7838,0.0085,True,False,0.0,85409,0.43,0.425,0.4586,0.425,0.4586,0.425,0.4586
3124203,Espera Feliz - MG,31,1.5,0.4019,0.4379,0.4218,0.7317,0.0171,True,False,0.0,24095,0.5,0.4019,0.4379,0.4019,0.4379,0.4019,0.4379
3124302,Espinosa - MG,31,1.5,0.4025,0.4407,0.4311,0.7502,0.0113,True,False,0.0,30418,0.45,0.4025,0.4407,0.4025,0.4407,0.4025,0.4407
3124401,Espírito Santo do Dourado - MG,31,1.5,0.3429,0.3861,0.3725,0.6627,0.019,True,False,0.0,6110,0.37,0.3429,0.3861,0.3429,0.3861,0.3429,0.3861
3124500,Estiva - MG,31,1.5,0.3039,0.3522,0.3376,0.5956,0.0046,True,False,0.0,11466,0.39,0.3039,0.3522,0.3039,0.3522,0.3039,0.3522
3124609,Estrela Dalva - MG,31,1.5,0.4017,0.4397,0.4084,0.7205,0.0129,True,False,0.0,2185,0.59,0.4221,0.4588,0.4017,0.4397,0.3946,0.433
3124708,Estrela do Indaiá - MG,31,1.5,0.3373,0.3816,0.3553,0.6316,0.0174,True,False,0.0,2752,0.46,0.3373,0.3816,0.3373,0.3816,0.3373,0.3816
3124807,Estrela do Sul - MG,31,1.5,0.4219,0.4565,0.4175,0.7575,0.017,True,False,0.0,6804,0.44,0.4455,0.4786,0.4219,0.4565,0.4136,0.4487
3124906,Eugenópolis - MG,31,1.5,0.4352,0.4688,0.4632,0.8313,0.0144,True,False,0.0,10619,0.44,0.4352,0.4688,0.4352,0.4688,0.4352,0.4688
3125002,Ewbank da Câmara - MG,31,1.5,0.3895,0.4283,0.4348,0.7892,0.0223,True,True,0.0,3860,0.37,0.3895,0.4283,0.3895,0.4283,0.3895,0.4283
3125101,Extrema - MG,31,1.5,0.3871,0.4251,0.4106,0.7011,0.013,True,False,0.0,53195,0.4,0.4071,0.4439,0.3871,0.4251,0.3801,0.4185
3125200,Fama - MG,31,1.5,0.4344,0.4667,0.4159,0.7563,0.0205,True,False,0.0,2577,0.45,0.4656,0.4962,0.4344,0.4667,0.4232,0.4561
3125309,Faria Lemos - MG,31,1.5,0.3815,0.4191,0.4003,0.701,0.0224,True,False,0.0,3188,0.51,0.3815,0.4191,0.3815,0.4191,0.3815,0.4191
3125408,Felício dos Santos - MG,31,1.5,0.3703,0.4129,0.3797,0.6939,0.0154,True,False,0.0,5128,0.46,0.4003,0.4409,0.3703,0.4129,0.3596,0.403
3125507,São Gonçalo do Rio Preto - MG,31,1.5,0.4361,0.4712,0.4385,0.7681,0.0128,True,False,0.0,3005,0.44,0.4361,0.4712,0.4361,0.4712,0.4361,0.4712
3125606,Felisburgo - MG,31,1.5,0.4271,0.4627,0.439,0.7915,0.0101,True,False,0.0,6474,0.51,0.4271,0.4627,0.4271,0.4627,0.4271,0.4627
3125705,Felixlândia - MG,31,1.5,0.4138,0.447,0.4208,0.762,0.0127,True,False,0.0,13932,0.45,0.4138,0.447,0.4138,0.447,0.4138,0.447
3125804,Fernandes Tourinho - MG,31,1.5,0.375,0.4141,0.4063,0.7156,0.0033,True,False,0.0,2790,0.42,0.375,0.4141,0.375,0.4141,0.375,0.4141
3125903,Ferros - MG,31,1.5,0.424,0.4582,0.443,0.787,0.0154,True,False,0.0,9533,0.52,0.424,0.4582,0.424,0.4582,0.424,0.4582
3125952,Fervedouro - MG,31,1.5,0.4121,0.4491,0.4369,0.7797,0.0123,True,False,0.0,10381,0.48,0.4121,0.4491,0.4121,0.4491,0.4121,0.4491
3126000,Florestal - MG,31,1.5,0.4169,0.4459,0.4232,0.7728,0.0054,True,False,0.0,8009,0.48,0.4334,0.4615,0.4169,0.4459,0.4113,0.4404
3126109,Formiga - MG,31,1.5,0.3852,0.4216,0.3942,0.6968,0.0091,True,False,0.0,67578,0.48,0.4025,0.4378,0.3852,0.4216,0.3792,0.416
3126208,Formoso - MG,31,1.5,0.4724,0.5064,0.4627,0.8388,0.0232,True,False,0.0,7913,0.54,0.501,0.5332,0.4724,0.5064,0.4621,0.4968
3126307,Fortaleza de Minas - MG,31,1.5,0.386,0.4242,0.3877,0.7117,0.0105,True,False,0.0,3476,0.42,0.413,0.4496,0.386,0.4242,0.3764,0.4152
3126406,Fortuna de Minas - MG,31,1.5,0.416,0.4509,0.3988,0.7329,0.0226,True,False,0.0,3087,0.41,0.416,0.4509,0.416,0.4509,0.416,0.4509
3126505,Francisco Badaró - MG,31,1.5,0.4489,0.4855,0.4481,0.8153,0.0176,True,False,0.0,7351,0.46,0.4489,0.4855,0.4489,0.4855,0.4489,0.4855
3126604,Francisco Dumont - MG,31,1.5,0.3923,0.4318,0.4103,0.7124,0.0103,True,False,0.0,4486,0.45,0.3923,0.4318,0.3923,0.4318,0.3923,0.4318
3126703,Francisco Sá - MG,31,1.5,0.4306,0.4664,0.4552,0.7951,0.0109,True,False,0.0,22905,0.53,0.4306,0.4664,0.4306,0.4664,0.4306,0.4664
3126752,Franciscópolis - MG,31,1.5,0.4027,0.4424,0.4572,0.7452,0.0139,True,True,0.0,5035,0.51,0.4027,0.4424,0.4027,0.4424,0.4027,0.4424
3126802,Frei Gaspar - MG,31,1.5,0.3692,0.4115,0.4031,0.7217,0.0166,True,False,0.0,5640,0.43,0.3692,0.4115,0.3692,0.4115,0.3692,0.4115
3126901,Frei Inocêncio - MG,31,1.5,0.3865,0.4249,0.4292,0.7307,0.009,True,True,0.0,8109,0.46,0.3865,0.4249,0.3865,0.4249,0.3865,0.4249
3126950,Frei Lagonegro - MG,31,1.5,0.3523,0.3972,0.3746,0.6793,0.0193,True,False,0.0,3392,0.5,0.3523,0.3972,0.3523,0.3972,0.3523,0.3972
3127008,Fronteira - MG,31,1.5,0.4055,0.4388,0.4332,0.7702,0.006,True,False,0.0,14531,0.43,0.4055,0.4388,0.4055,0.4388,0.4055,0.4388
3127057,Fronteira dos Vales - MG,31,1.5,0.3761,0.4173,0.4144,0.7372,0.0182,True,False,0.0,4343,0.46,0.3761,0.4173,0.3761,0.4173,0.3761,0.4173
3127073,Fruta de Leite - MG,31,1.5,0.3804,0.4248,0.4313,0.7464,0.0221,True,True,0.0,4648,0.47,0.3804,0.4248,0.3804,0.4248,0.3804,0.4248
3127107,Frutal - MG,31,1.5,0.4646,0.4929,0.492,0.8014,0.0082,True,False,0.0,58404,0.47,0.478,0.5056,0.4646,0.4929,0.46,0.4885
3127206,Funilândia - MG,31,1.5,0.4077,0.4435,0.4166,0.757,0.024,True,False,0.0,4684,0.46,0.4077,0.4435,0.4077,0.4435,0.4077,0.4435
3127305,Galiléia - MG,31,1.5,0.4243,0.4581,0.4286,0.776,0.0145,True,False,0.0,6196,0.49,0.4243,0.4581,0.4243,0.4581,0.4243,0.4581
3127339,Gameleiras - MG,31,1.5,0.4248,0.4667,0.454,0.7982,0.0209,True,False,0.0,4779,0.5,0.4248,0.4667,0.4248,0.4667,0.4248,0.4667
3127354,Glaucilândia - MG,31,1.5,0.3826,0.4241,0.4119,0.6918,0.0147,True,False,0.0,2928,0.43,0.3826,0.4241,0.3826,0.4241,0.3826,0.4241
3127370,Goiabeira - MG,31,1.5,0.4111,0.4462,0.4073,0.7427,0.0192,True,False,0.0,2832,0.47,0.4111,0.4462,0.4111,0.4462,0.4111,0.4462
3127388,Goianá - MG,31,1.5,0.4215,0.455,0.4172,0.7632,0.0037,True,False,0.0,4050,0.47,0.4496,0.4815,0.4215,0.455,0.4115,0.4456
3127404,Gonçalves - MG,31,1.5,0.4393,0.4714,0.4182,0.7621,0.0152,True,False,0.0,4718,0.45,0.4668,0.4974,0.4393,0.4714,0.4295,0.4621
3127503,Gonzaga - MG,31,1.5,0.3845,0.4239,0.4179,0.7349,0.0086,True,False,0.0,5183,0.5,0.3845,0.4239,0.3845,0.4239,0.3845,0.4239
3127602,Gouveia - MG,31,1.5,0.4041,0.4431,0.418,0.7254,0.0151,True,False,0.0,11275,0.45,0.4041,0.4431,0.4041,0.4431,0.4041,0.4431
3127701,Governador Valadares - MG,31,1.5,0.4717,0.4982,0.4828,0.8539,0.0078,True,False,0.0,255073,0.52,0.4814,0.5074,0.4717,0.4982,0.4684,0.495
3127800,Grão Mogol - MG,31,1.5,0.4599,0.4936,0.4639,0.8161,0.0085,True,False,0.0,13824,0.48,0.4755,0.5082,0.4599,0.4936,0.4544,0.4885
3127909,Grupiara - MG,31,1.5,0.3737,0.4094,0.3877,0.7043,0.0177,True,False,0.0,1390,0.4,0.3737,0.4094,0.3737,0.4094,0.3737,0.4094
3128006,Guanhães - MG,31,1.5,0.4506,0.4809,0.45,0.8093,0.0097,True,False,0.0,32099,0.56,0.4715,0.5007,0.4506,0.4809,0.4433,0.474
3128105,Guapé - MG,31,1.5,0.4111,0.4472,0.4248,0.7353,0.0077,True,False,0.0,13720,0.39,0.4273,0.4624,0.4111,0.4472,0.4055,0.4419
3128204,Guaraciaba - MG,31,1.5,0.37,0.4119,0.3968,0.6921,0.013,True,False,0.0,9684,0.48,0.37,0.4119,0.37,0.4119,0.37,0.4119
3128253,Guaraciama - MG,31,1.5,0.3772,0.4191,0.3761,0.6674,0.0085,True,False,0.0,5044,0.4,0.4055,0.4455,0.3772,0.4191,0.3672,0.4097
3128303,Guaranésia - MG,31,1.5,0.3554,0.3975,0.3728,0.6583,0.009,True,False,0.0,18886,0.41,0.3644,0.4059,0.3554,0.3975,0.3524,0.3946
3128402,Guarani - MG,31,1.5,0.4314,0.4642,0.4253,0.7686,0.0163,True,False,0.0,7682,0.49,0.4474,0.4793,0.4314,0.4642,0.4258,0.459
3128501,Guarará - MG,31,1.5,0.4103,0.4491,0.4058,0.7331,0.0242,True,False,0.0,3151,0.41,0.4322,0.4696,0.4103,0.4491,0.4025,0.4419
3128600,Guarda-Mor - MG,31,1.5,0.4823,0.5094,0.4546,0.8375,0.0126,True,False,0.0,6496,0.53,0.5119,0.5375,0.4823,0.5094,0.4716,0.4993
3128709,Guaxupé - MG,31,1.5,0.4408,0.4709,0.4386,0.794,0.0101,True,False,0.0,50707,0.49,0.4556,0.4849,0.4408,0.4709,0.4357,0.466
3128808,Guidoval - MG,31,1.5,0.3518,0.393,0.3698,0.6664,0.0133,True,False,0.0,7102,0.38,0.3518,0.393,0.3518,0.393,0.3518,0.393
3128907,Guimarânia - MG,31,1.5,0.4221,0.4571,0.4099,0.7345,0.0102,True,False,0.0,8456,0.48,0.4434,0.4772,0.4221,0.4571,0.4146,0.4501
3129004,Guiricema - MG,31,1.5,0.3495,0.3936,0.3552,0.6237,0.0131,True,False,0.0,7762,0.42,0.3694,0.4122,0.3495,0.3936,0.3426,0.3872
3129103,Gurinhatã - MG,31,1.5,0.5268,0.5509,0.4458,0.8241,0.02,True,False,0.0,5162,0.49,0.5855,0.607,0.5268,0.5509,0.5034,0.5285
3129202,Heliodora - MG,31,1.5,0.4115,0.4485,0.4663,0.7429,0.0126,True,True,0.0,6100,0.41,0.4115,0.4485,0.4115,0.4485,0.4115,0.4485
3129301,Iapu - MG,31,1.5,0.4039,0.4417,0.4412,0.7705,0.0136,True,False,0.0,11999,0.5,0.4039,0.4417,0.4039,0.4417,0.4039,0.4417
3129400,Ibertioga - MG,31,1.5,0.3858,0.426,0.4052,0.703,0.019,True,False,0.0,5141,0.43,0.3858,0.426,0.3858,0.426,0.3858,0.426
3129509,Ibiá - MG,31,1.5,0.422,0.4526,0.4436,0.7979,0.006,True,False,0.0,22079,0.55,0.422,0.4526,0.422,0.4526,0.422,0.4526
3129608,Ibiaí - MG,31,1.5,0.3404,0.3868,0.3946,0.6881,0.0293,True,True,0.0,6274,0.48,0.3404,0.3868,0.3404,0.3868,0.3404,0.3868
3129657,Ibiracatu - MG,31,1.5,0.4448,0.4841,0.4876,0.8496,0.0144,True,True,0.0,5082,0.5,0.4448,0.4841,0.4448,0.4841,0.4448,0.4841
3129707,Ibiraci - MG,31,1.5,0.413,0.4469,0.4283,0.7489,0.013,True,False,0.0,10910,0.42,0.413,0.4469,0.413,0.4469,0.413,0.4469
3129806,Ibirité - MG,31,1.5,0.3834,0.4225,0.4163,0.7079,0.0076,True,False,0.0,170297,0.42,0.3967,0.4349,0.3834,0.4225,0.3788,0.4182
3129905,Ibitiúra de Minas - MG,31,1.5,0.3921,0.4272,0.4207,0.7526,0.0118,True,False,0.0,3314,0.4,0.3921,0.4272,0.3921,0.4272,0.3921,0.4272
3130002,Ibituruna - MG,31,1.5,0.4426,0.4772,0.416,0.7717,0.0129,True,False,0.0,2668,0.42,0.4426,0.4772,0.4426,0.4772,0.4426,0.4772
3130051,Icaraí de Minas - MG,31,1.5,0.4614,0.5008,0.4942,0.869,0.0089,True,False,0.0,10633,0.5,0.4614,0.5008,0.4614,0.5008,0.4614,0.5008
3130101,Igarapé - MG,31,1.5,0.4298,0.4613,0.447,0.8038,0.0063,True,False,0.0,45766,0.45,0.4298,0.4613,0.4298,0.4613,0.4298,0.4613
3130200,Igaratinga - MG,31,1.5,0.3257,0.3723,0.3626,0.6307,0.0091,True,False,0.0,10759,0.37,0.3257,0.3723,0.3257,0.3723,0.3257,0.3723
3130309,Iguatama - MG,31,1.5,0.4218,0.4552,0.417,0.7511,0.015,True,False,0.0,6825,0.43,0.4409,0.4732,0.4218,0.4552,0.4151,0.4489
3130408,Ijaci - MG,31,1.5,0.365,0.4073,0.3863,0.6653,0.0209,True,False,0.0,6991,0.41,0.365,0.4073,0.365,0.4073,0.365,0.4073
3130507,Ilicínea - MG,31,1.5,0.4057,0.4443,0.386,0.6946,0.0087,True,False,0.0,12709,0.39,0.4474,0.4834,0.4057,0.4443,0.3903,0.4299
3130556,Imbé de Minas - MG,31,1.5,0.3389,0.3845,0.3805,0.6664,0.0173,True,False,0.0,6968,0.44,0.3389,0.3845,0.3389,0.3845,0.3389,0.3845
3130606,Inconfidentes - MG,31,1.5,0.3747,0.4135,0.3979,0.6989,0.0227,True,False,0.0,7300,0.48,0.3747,0.4135,0.3747,0.4135,0.3747,0.4135
3130655,Indaiabira - MG,31,1.5,0.3462,0.3928,0.3932,0.6869,0.029,True,True,0.0,6345,0.48,0.3462,0.3928,0.3462,0.3928,0.3462,0.3928
3130705,Indianópolis - MG,31,1.5,0.4192,0.4509,0.4225,0.7818,0.0105,True,False,0.0,6108,0.4,0.4192,0.4509,0.4192,0.4509,0.4192,0.4509
3130804,Ingaí - MG,31,1.5,0.4137,0.4489,0.4266,0.7485,0.0152,True,False,0.0,2549,0.52,0.4137,0.4489,0.4137,0.4489,0.4137,0.4489
3130903,Inhapim - MG,31,1.5,0.4496,0.4821,0.4649,0.8254,0.0164,True,False,0.0,22517,0.52,0.4496,0.4821,0.4496,0.4821,0.4496,0.4821
3131000,Inhaúma - MG,31,1.5,0.4339,0.4686,0.4052,0.7289,0.017,True,False,0.0,6240,0.44,0.4719,0.5044,0.4339,0.4686,0.42,0.4555
3131109,Inimutaba - MG,31,1.5,0.3529,0.3957,0.3964,0.6685,0.0098,True,True,0.0,7345,0.42,0.3529,0.3957,0.3529,0.3957,0.3529,0.3957
3131158,Ipaba - MG,31,1.5,0.4032,0.4402,0.4679,0.7253,0.0077,True,True,0.0,15959,0.4,0.4032,0.4402,0.4032,0.4402,0.4032,0.4402
3131208,Ipanema - MG,31,1.5,0.4151,0.4516,0.4338,0.7437,0.0249,True,False,0.0,19457,0.53,0.4151,0.4516,0.4151,0.4516,0.4151,0.4516
3131307,Ipatinga - MG,31,1.5,0.4821,0.5077,0.486,0.8623,0.0077,True,False,0.0,227277,0.52,0.4991,0.5239,0.4821,0.5077,0.4762,0.502
3131406,Ipiaçu - MG,31,1.5,0.4101,0.4443,0.3973,0.7269,0.0088,True,False,0.0,3755,0.43,0.4401,0.4726,0.4101,0.4443,0.3994,0.4342
3131505,Ipuiúna - MG,31,1.5,0.369,0.4058,0.3973,0.7078,0.0055,True,False,0.0,9085,0.53,0.369,0.4058,0.369,0.4058,0.369,0.4058
3131604,Iraí de Minas - MG,31,1.5,0.4251,0.4584,0.4224,0.7745,0.0168,True,False,0.0,7174,0.48,0.4251,0.4584,0.4251,0.4584,0.4251,0.4584
3131703,Itabira - MG,31,1.5,0.4608,0.4887,0.4709,0.8316,0.0086,True,False,0.0,113105,0.51,0.4749,0.502,0.4608,0.4887,0.456,0.484
3131802,Itabirinha - MG,31,1.5,0.4806,0.5147,0.4256,0.7349,0.0165,True,False,0.0,10350,0.47,0.5565,0.586,0.4806,0.5147,0.4492,0.4852
3131901,Itabirito - MG,31,1.5,0.3905,0.4271,0.4112,0.7328,0.0115,True,False,0.0,53140,0.47,0.3956,0.4319,0.3905,0.4271,0.3888,0.4255
3132008,Itacambira - MG,31,1.5,0.3582,0.4005,0.4104,0.727,0.0193,True,True,0.0,4252,0.5,0.3582,0.4005,0.3582,0.4005,0.3582,0.4005
3132107,Itacarambi - MG,31,1.5,0.3823,0.4222,0.4188,0.7179,0.0038,True,False,0.0,17089,0.5,0.3823,0.4222,0.3823,0.4222,0.3823,0.4222
3132206,Itaguara - MG,31,1.5,0.3628,0.4027,0.3931,0.6925,0.0135,True,False,0.0,13774,0.44,0.3628,0.4027,0.3628,0.4027,0.3628,0.4027
3132305,Itaipé - MG,31,1.5,0.4558,0.4917,0.492,0.8835,0.0095,True,True,0.0,10391,0.49,0.4558,0.4917,0.4558,0.4917,0.4558,0.4917
3132404,Itajubá - MG,31,1.5,0.4796,0.5054,0.487,0.872,0.0095,True,False,0.0,91967,0.55,0.4914,0.5167,0.4796,0.5054,0.4755,0.5015
3132503,Itamarandiba - MG,31,1.5,0.4247,0.4599,0.4042,0.7356,0.0106,True,False,0.0,32692,0.52,0.4521,0.4856,0.4247,0.4599,0.415,0.4507
3132602,Itamarati de Minas - MG,31,1.5,0.3515,0.3934,0.371,0.6536,0.0154,True,False,0.0,3688,0.39,0.3515,0.3934,0.3515,0.3934,0.3515,0.3934
3132701,Itambacuri - MG,31,1.5,0.4207,0.4546,0.4349,0.7849,0.0138,True,False,0.0,20834,0.51,0.4207,0.4546,0.4207,0.4546,0.4207,0.4546
3132800,Itambé do Mato Dentro - MG,31,1.5,0.4235,0.4601,0.4438,0.8224,0.0287,True,False,0.0,2137,0.42,0.4235,0.4601,0.4235,0.4601,0.4235,0.4601
3132909,Itamogi - MG,31,1.5,0.4221,0.4554,0.4157,0.7445,0.0085,True,False,0.0,10735,0.41,0.4512,0.4828,0.4221,0.4554,0.4117,0.4456
3133006,Itamonte - MG,31,1.5,0.4033,0.4394,0.4202,0.7326,0.0077,True,False,0.0,14756,0.47,0.4132,0.4487,0.4033,0.4394,0.3999,0.4362
3133105,Itanhandu - MG,31,1.5,0.3967,0.4316,0.4041,0.7327,0.01,True,False,0.0,15209,0.48,0.3967,0.4316,0.3967,0.4316,0.3967,0.4316
3133204,Itanhomi - MG,31,1.5,0.4388,0.4718,0.4543,0.7751,0.0122,True,False,0.0,11127,0.55,0.4516,0.4838,0.4388,0.4718,0.4345,0.4677
3133303,Itaobim - MG,31,1.5,0.4383,0.4735,0.435,0.7695,0.0162,True,False,0.0,18901,0.51,0.4569,0.491,0.4383,0.4735,0.4319,0.4675
3133402,Itapagipe - MG,31,1.5,0.4548,0.4856,0.4494,0.7938,0.0104,True,False,0.0,13459,0.45,0.4823,0.5117,0.4548,0.4856,0.4449,0.4763
3133501,Itapecerica - MG,31,1.5,0.4527,0.4835,0.4948,0.7744,0.0107,True,True,0.0,20945,0.44,0.4527,0.4835,0.4527,0.4835,0.4527,0.4835
3133600,Itapeva - MG,31,1.5,0.3996,0.4367,0.4476,0.7142,0.0065,True,True,0.0,12630,0.42,0.3996,0.4367,0.3996,0.4367,0.3996,0.4367
3133709,Itatiaiuçu - MG,31,1.5,0.3882,0.4251,0.4289,0.7022,0.0061,True,True,0.0,12805,0.4,0.3882,0.4251,0.3882,0.4251,0.3882,0.4251
3133758,Itaú de Minas - MG,31,1.5,0.3781,0.4149,0.4125,0.7088,0.0058,True,False,0.0,14376,0.56,0.3781,0.4149,0.3781,0.4149,0.3781,0.4149
3133808,Itaúna - MG,31,1.5,0.4178,0.4495,0.4262,0.7526,0.0107,True,False,0.0,96916,0.48,0.4273,0.4585,0.4178,0.4495,0.4145,0.4464
3133907,Itaverava - MG,31,1.5,0.3804,0.4196,0.3934,0.7217,0.0157,True,False,0.0,5638,0.47,0.3804,0.4196,0.3804,0.4196,0.3804,0.4196
3134004,Itinga - MG,31,1.5,0.4173,0.4569,0.4613,0.8069,0.0079,True,True,0.0,13704,0.5,0.4173,0.4569,0.4173,0.4569,0.4173,0.4569
3134103,Itueta - MG,31,1.5,0.3945,0.4308,0.4215,0.7088,0.0109,True,False,0.0,6055,0.51,0.3945,0.4308,0.3945,0.4308,0.3945,0.4308
3134202,Ituiutaba - MG,31,1.5,0.4742,0.5018,0.4574,0.8203,0.0121,True,False,0.0,101915,0.5,0.5042,0.5302,0.4742,0.5018,0.4635,0.4916
3134301,Itumirim - MG,31,1.5,0.4299,0.4642,0.4344,0.7593,0.0068,True,False,0.0,6637,0.52,0.4459,0.4792,0.4299,0.4642,0.4244,0.459
3134400,Iturama - MG,31,1.5,0.4524,0.4829,0.4432,0.7657,0.0119,True,False,0.0,38106,0.46,0.4765,0.5057,0.4524,0.4829,0.4439,0.4748
3134509,Itutinga - MG,31,1.5,0.4321,0.4638,0.4196,0.7493,0.0197,True,False,0.0,4203,0.54,0.452,0.4826,0.4321,0.4638,0.4252,0.4572
3134608,Jaboticatubas - MG,31,1.5,0.4485,0.4791,0.4583,0.8311,0.0143,True,False,0.0,20293,0.57,0.4632,0.4931,0.4485,0.4791,0.4434,0.4743
3134707,Jacinto - MG,31,1.5,0.4706,0.5046,0.4447,0.7992,0.017,True,False,0.0,10984,0.48,0.5164,0.5475,0.4706,0.5046,0.4533,0.4884
3134806,Jacuí - MG,31,1.5,0.4343,0.4691,0.4941,0.7579,0.0209,True,True,0.0,7450,0.4,0.4343,0.4691,0.4343,0.4691,0.4343,0.4691
3134905,Jacutinga - MG,31,1.5,0.3873,0.4254,0.4136,0.6963,0.0099,True,False,0.0,25406,0.42,0.3873,0.4254,0.3873,0.4254,0.3873,0.4254
3135001,Jaguaraçu - MG,31,1.5,0.3702,0.4062,0.4016,0.7225,0.0036,True,False,0.0,3085,0.41,0.3702,0.4062,0.3702,0.4062,0.3702,0.4062
3135050,Jaíba - MG,31,1.5,0.3974,0.4348,0.4232,0.7474,0.0046,True,False,0.0,37619,0.46,0.3974,0.4348,0.3974,0.4348,0.3974,0.4348
3135076,Jampruca - MG,31,1.5,0.3601,0.4033,0.3822,0.6753,0.0123,True,False,0.0,4236,0.48,0.3601,0.4033,0.3601,0.4033,0.3601,0.4033
3135100,Janaúba - MG,31,1.5,0.4514,0.4828,0.444,0.7953,0.0145,True,False,0.0,70332,0.53,0.4565,0.4876,0.4514,0.4828,0.4497,0.4812
3135209,Januária - MG,31,1.5,0.486,0.5158,0.5018,0.9172,0.0089,True,False,0.0,64841,0.56,0.4983,0.5275,0.486,0.5158,0.4817,0.5118
3135308,Japaraíba - MG,31,1.5,0.3614,0.401,0.3737,0.6774,0.0124,True,False,0.0,4506,0.37,0.3614,0.401,0.3614,0.401,0.3614,0.401
3135357,Japonvar - MG,31,1.5,0.4086,0.4492,0.4092,0.723,0.0071,True,False,0.0,8111,0.46,0.4372,0.4758,0.4086,0.4492,0.3984,0.4397
3135407,Jeceaba - MG,31,1.5,0.3421,0.3844,0.384,0.6707,0.012,True,False,0.0,6189,0.47,0.3421,0.3844,0.3421,0.3844,0.3421,0.3844
3135456,Jenipapo de Minas - MG,31,1.5,0.4297,0.4675,0.4783,0.8258,0.0181,True,True,0.0,6095,0.46,0.4297,0.4675,0.4297,0.4675,0.4297,0.4675
3135506,Jequeri - MG,31,1.5,0.4938,0.5246,0.5753,0.8004,0.017,True,True,0.0,12368,0.5,0.4938,0.5246,0.4938,0.5246,0.4938,0.5246
3135605,Jequitaí - MG,31,1.5,0.3489,0.3938,0.3706,0.654,0.0193,True,False,0.0,6413,0.47,0.3489,0.3938,0.3489,0.3938,0.3489,0.3938
3135704,Jequitibá - MG,31,1.5,0.3675,0.408,0.3868,0.6833,0.0074,True,False,0.0,5879,0.78,0.3675,0.408,0.3675,0.408,0.3675,0.408
3135803,Jequitinhonha - MG,31,1.5,0.442,0.476,0.4556,0.8233,0.0107,True,False,0.0,23866,0.54,0.442,0.476,0.442,0.476,0.442,0.476
3135902,Jesuânia - MG,31,1.5,0.4088,0.4463,0.3778,0.6899,0.0201,True,False,0.0,5098,0.5,0.4429,0.4783,0.4088,0.4463,0.3965,0.4347
3136009,Joaíma - MG,31,1.5,0.4118,0.4505,0.4459,0.8054,0.0124,True,False,0.0,13833,0.53,0.4118,0.4505,0.4118,0.4505,0.4118,0.4505
3136108,Joanésia - MG,31,1.5,0.3233,0.3694,0.3716,0.654,0.0149,True,True,0.0,4325,0.49,0.3233,0.3694,0.3233,0.3694,0.3233,0.3694
3136207,João Monlevade - MG,31,1.5,0.422,0.4523,0.4468,0.8032,0.0043,True,False,0.0,79860,0.49,0.4279,0.4579,0.422,0.4523,0.42,0.4504
3136306,João Pinheiro - MG,31,1.5,0.4596,0.4932,0.4487,0.754,0.0176,True,False,0.0,46357,0.49,0.5019,0.5329,0.4596,0.4932,0.4439,0.4784
3136405,Joaquim Felício - MG,31,1.5,0.3976,0.437,0.4188,0.7183,0.0185,True,False,0.0,3823,0.53,0.3976,0.437,0.3976,0.437,0.3976,0.437
3136504,Jordânia - MG,31,1.5,0.4326,0.4684,0.4479,0.8146,0.0152,True,False,0.0,10283,0.51,0.4326,0.4684,0.4326,0.4684,0.4326,0.4684
3136520,José Gonçalves de Minas - MG,31,1.5,0.3764,0.4159,0.4102,0.7278,0.0076,True,False,0.0,3967,0.41,0.3764,0.4159,0.3764,0.4159,0.3764,0.4159
3136553,José Raydan - MG,31,1.5,0.3001,0.3529,0.3498,0.5955,0.0248,True,False,0.0,4268,0.48,0.3001,0.3529,0.3001,0.3529,0.3001,0.3529
3136579,Josenópolis - MG,31,1.5,0.3829,0.4236,0.4108,0.7441,0.0043,True,False,0.0,3626,0.45,0.3829,0.4236,0.3829,0.4236,0.3829,0.4236
3136603,Nova União - MG,31,1.5,0.3624,0.402,0.3963,0.7102,0.0095,True,False,0.0,5908,0.41,0.3624,0.402,0.3624,0.402,0.3624,0.402
3136652,Juatuba - MG,31,1.5,0.3902,0.4287,0.4198,0.736,0.0112,True,False,0.0,30509,0.47,0.4024,0.4401,0.3902,0.4287,0.3861,0.4248
3136702,Juiz de Fora - MG,31,1.5,0.5128,0.5345,0.5234,0.9251,0.0068,True,False,0.0,538701,0.56,0.5299,0.5509,0.5128,0.5345,0.5068,0.5287
3136801,Juramento - MG,31,1.5,0.4456,0.4813,0.4682,0.8249,0.0196,True,False,0.0,3768,0.43,0.4456,0.4813,0.4456,0.4813,0.4456,0.4813
3136900,Juruaia - MG,31,1.5,0.3856,0.4231,0.4218,0.7248,0.0118,True,False,0.0,11053,0.64,0.3856,0.4231,0.3856,0.4231,0.3856,0.4231
3136959,Juvenília - MG,31,1.5,0.3838,0.4273,0.4181,0.7598,0.0139,True,False,0.0,5754,0.53,0.3838,0.4273,0.3838,0.4273,0.3838,0.4273
3137007,Ladainha - MG,31,1.5,0.4317,0.4702,0.4807,0.86,0.0191,True,True,0.0,14317,0.56,0.4317,0.4702,0.4317,0.4702,0.4317,0.4702
3137106,Lagamar - MG,31,1.5,0.4285,0.4615,0.4111,0.7379,0.0136,True,False,0.0,6592,0.5,0.4568,0.4883,0.4285,0.4615,0.4183,0.4519
3137205,Lagoa da Prata - MG,31,1.5,0.4126,0.4466,0.4364,0.7601,0.011,True,False,0.0,51204,0.45,0.4126,0.4466,0.4126,0.4466,0.4126,0.4466
3137304,Lagoa dos Patos - MG,31,1.5,0.3198,0.3648,0.3503,0.6315,0.0038,True,False,0.0,3313,0.44,0.3198,0.3648,0.3198,0.3648,0.3198,0.3648
3137403,Lagoa Dourada - MG,31,1.5,0.3938,0.4317,0.4125,0.7559,0.0157,True,False,0.0,12739,0.53,0.3938,0.4317,0.3938,0.4317,0.3938,0.4317
3137502,Lagoa Formosa - MG,31,1.5,0.4597,0.49,0.4517,0.7605,0.0111,True,False,0.0,18865,0.49,0.4976,0.5259,0.4597,0.49,0.4457,0.4768
3137536,Lagoa Grande - MG,31,1.5,0.3809,0.4204,0.3997,0.6801,0.0094,True,False,0.0,8962,0.5,0.3809,0.4204,0.3809,0.4204,0.3809,0.4204
3137601,Lagoa Santa - MG,31,1.5,0.5343,0.5556,0.4986,0.8997,0.0105,True,False,0.0,74938,0.58,0.5864,0.6058,0.5343,0.5556,0.5138,0.5359
3137700,Lajinha - MG,31,1.5,0.4299,0.4639,0.4329,0.7798,0.0144,True,False,0.0,20786,0.51,0.4378,0.4712,0.4299,0.4639,0.4272,0.4613
3137809,Lambari - MG,31,1.5,0.4554,0.4856,0.4943,0.8068,0.0113,True,True,0.0,20309,0.48,0.4554,0.4856,0.4554,0.4856,0.4554,0.4856
3137908,Lamim - MG,31,1.5,0.4788,0.5108,0.5095,0.8329,0.0186,True,False,0.0,3184,0.46,0.4788,0.5108,0.4788,0.5108,0.4788,0.5108
3138005,Laranjal - MG,31,1.5,0.3476,0.3921,0.3564,0.6475,0.02,True,False,0.0,5938,0.49,0.3476,0.3921,0.3476,0.3921,0.3476,0.3921
3138104,Lassance - MG,31,1.5,0.3578,0.3997,0.3944,0.6996,0.01,True,False,0.0,7105,0.45,0.3578,0.3997,0.3578,0.3997,0.3578,0.3997
3138203,Lavras - MG,31,1.5,0.5035,0.5267,0.503,0.9006,0.0106,True,False,0.0,104328,0.5,0.5188,0.5413,0.5035,0.5267,0.4982,0.5217
3138302,Leandro Ferreira - MG,31,1.5,0.3751,0.4123,0.4003,0.6911,0.0179,True,False,0.0,3172,0.46,0.3751,0.4123,0.3751,0.4123,0.3751,0.4123
3138351,Leme do Prado - MG,31,1.5,0.3695,0.4122,0.3851,0.6831,0.0209,True,False,0.0,4338,0.4,0.3916,0.4328,0.3695,0.4122,0.3618,0.405
3138401,Leopoldina - MG,31,1.5,0.4896,0.5162,0.4888,0.8932,0.0102,True,False,0.0,50977,0.5,0.5068,0.5325,0.4896,0.5162,0.4836,0.5105
3138500,Liberdade - MG,31,1.5,0.4707,0.5039,0.4286,0.7516,0.0201,True,False,0.0,4721,0.59,0.5134,0.544,0.4707,0.5039,0.4548,0.4889
3138609,Lima Duarte - MG,31,1.5,0.425,0.4591,0.4203,0.7576,0.0129,True,False,0.0,17128,0.59,0.4348,0.4683,0.425,0.4591,0.4217,0.4559
3138625,Limeira do Oeste - MG,31,1.5,0.3348,0.3774,0.3577,0.6549,0.012,True,False,0.0,8650,0.46,0.3348,0.3774,0.3348,0.3774,0.3348,0.3774
3138658,Lontra - MG,31,1.5,0.3978,0.4375,0.409,0.742,0.0111,True,False,0.0,8780,0.5,0.3978,0.4375,0.3978,0.4375,0.3978,0.4375
3138674,Luisburgo - MG,31,1.5,0.373,0.4116,0.4002,0.7311,0.0029,True,False,0.0,6950,0.52,0.373,0.4116,0.373,0.4116,0.373,0.4116
3138682,Luislândia - MG,31,1.5,0.3686,0.4151,0.4199,0.7016,0.0119,True,True,0.0,6202,0.57,0.3686,0.4151,0.3686,0.4151,0.3686,0.4151
3138708,Luminárias - MG,31,1.5,0.3776,0.4152,0.3858,0.7062,0.0106,True,False,0.0,5551,0.41,0.3776,0.4152,0.3776,0.4152,0.3776,0.4152
3138807,Luz - MG,31,1.5,0.461,0.4915,0.4264,0.7736,0.0128,True,False,0.0,17648,0.5,0.5063,0.5344,0.461,0.4915,0.444,0.4754
3138906,Machacalis - MG,31,1.5,0.3648,0.4057,0.3852,0.7006,0.0101,True,False,0.0,6485,0.48,0.3648,0.4057,0.3648,0.4057,0.3648,0.4057
3139003,Machado - MG,31,1.5,0.4013,0.4361,0.4169,0.741,0.0153,True,False,0.0,37492,0.51,0.4013,0.4361,0.4013,0.4361,0.4013,0.4361
3139102,Madre de Deus de Minas - MG,31,1.5,0.4369,0.4685,0.4223,0.7817,0.0162,True,False,0.0,5186,0.51,0.4369,0.4685,0.4369,0.4685,0.4369,0.4685
3139201,Malacacheta - MG,31,1.5,0.4347,0.4672,0.463,0.8202,0.0035,True,False,0.0,17361,0.53,0.4347,0.4672,0.4347,0.4672,0.4347,0.4672
3139250,Mamonas - MG,31,1.5,0.372,0.4176,0.4199,0.7397,0.0284,True,True,0.0,5996,0.45,0.372,0.4176,0.372,0.4176,0.372,0.4176
3139300,Manga - MG,31,1.5,0.4316,0.4678,0.4406,0.7942,0.0064,True,False,0.0,18688,0.68,0.4424,0.4779,0.4316,0.4678,0.428,0.4644
3139409,Manhuaçu - MG,31,1.5,0.4395,0.4713,0.4583,0.8044,0.008,True,False,0.0,91469,0.5,0.4395,0.4713,0.4395,0.4713,0.4395,0.4713
3139508,Manhumirim - MG,31,1.5,0.4277,0.4621,0.4294,0.7593,0.0118,True,False,0.0,20422,0.49,0.4422,0.4758,0.4277,0.4621,0.4227,0.4574
3139607,Mantena - MG,31,1.5,0.4698,0.4997,0.4718,0.8157,0.0174,True,False,0.0,26313,0.51,0.4818,0.511,0.4698,0.4997,0.4657,0.4958
3139706,Maravilhas - MG,31,1.5,0.3963,0.4374,0.3716,0.6748,0.026,True,False,0.0,7329,0.39,0.4207,0.4602,0.3963,0.4374,0.3876,0.4294
3139805,Mar de Espanha - MG,31,1.5,0.3634,0.4024,0.3813,0.6843,0.014,True,False,0.0,12657,0.4,0.3634,0.4024,0.3634,0.4024,0.3634,0.4024
3139904,Maria da Fé - MG,31,1.5,0.4268,0.4608,0.4444,0.776,0.0132,True,False,0.0,14195,0.48,0.4268,0.4608,0.4268,0.4608,0.4268,0.4608
3140001,Mariana - MG,31,1.5,0.4413,0.4703,0.4554,0.8237,0.0055,True,False,0.0,60855,0.51,0.4448,0.4736,0.4413,0.4703,0.4402,0.4692
3140100,Marilac - MG,31,1.5,0.4096,0.4494,0.4493,0.7134,0.0269,True,False,0.0,4215,0.45,0.4096,0.4494,0.4096,0.4494,0.4096,0.4494
3140159,Mário Campos - MG,31,1.5,0.4577,0.4898,0.4409,0.7588,0.0069,True,False,0.0,15895,0.46,0.4997,0.5295,0.4577,0.4898,0.442,0.4751
3140209,Maripá de Minas - MG,31,1.5,0.3748,0.4117,0.3831,0.7053,0.012,True,False,0.0,3376,0.38,0.3748,0.4117,0.3748,0.4117,0.3748,0.4117
3140308,Marliéria - MG,31,1.5,0.3893,0.425,0.4099,0.739,0.0092,True,False,0.0,4585,0.4,0.3893,0.425,0.3893,0.425,0.3893,0.425
3140407,Marmelópolis - MG,31,1.5,0.5127,0.5416,0.4573,0.8198,0.015,True,False,0.0,3202,0.45,0.5713,0.5969,0.5127,0.5416,0.4894,0.5196
3140506,Martinho Campos - MG,31,1.5,0.3655,0.4048,0.4022,0.7227,0.0195,True,False,0.0,13903,0.44,0.3655,0.4048,0.3655,0.4048,0.3655,0.4048
3140530,Martins Soares - MG,31,1.5,0.3676,0.4091,0.3986,0.7254,0.02,True,False,0.0,8395,0.4,0.3676,0.4091,0.3676,0.4091,0.3676,0.4091
3140555,Mata Verde - MG,31,1.5,0.4435,0.4779,0.4621,0.8403,0.0124,True,False,0.0,9070,0.47,0.4435,0.4779,0.4435,0.4779,0.4435,0.4779
3140605,Materlândia - MG,31,1.5,0.3782,0.4178,0.4003,0.716,0.0098,True,False,0.0,3952,0.47,0.3782,0.4178,0.3782,0.4178,0.3782,0.4178
3140704,Mateus Leme - MG,31,1.5,0.4162,0.4511,0.4555,0.7759,0.013,True,True,0.0,37721,0.49,0.4162,0.4511,0.4162,0.4511,0.4162,0.4511
3140803,Matias Barbosa - MG,31,1.5,0.4092,0.443,0.4252,0.773,0.0101,True,False,0.0,14046,0.49,0.4092,0.443,0.4092,0.443,0.4092,0.443
3140852,Matias Cardoso - MG,31,1.5,0.3879,0.4289,0.4136,0.7461,0.0106,True,False,0.0,8764,0.56,0.3879,0.4289,0.3879,0.4289,0.3879,0.4289
3140902,Matipó - MG,31,1.5,0.4476,0.4819,0.4887,0.8068,0.0158,True,True,0.0,18481,0.48,0.4476,0.4819,0.4476,0.4819,0.4476,0.4819
3141009,Mato Verde - MG,31,1.5,0.402,0.4415,0.4062,0.7326,0.0179,True,False,0.0,12030,0.46,0.402,0.4415,0.402,0.4415,0.402,0.4415
3141108,Matozinhos - MG,31,1.5,0.3936,0.4296,0.4348,0.7455,0.0049,True,True,0.0,37595,0.43,0.3936,0.4296,0.3936,0.4296,0.3936,0.4296
3141207,Matutina - MG,31,1.5,0.3415,0.3776,0.3455,0.6295,0.0419,True,False,0.0,3814,0.59,0.3415,0.3776,0.3415,0.3776,0.3415,0.3776
3141306,Medeiros - MG,31,1.5,0.4117,0.4455,0.4094,0.6994,0.0116,True,False,0.0,3889,0.46,0.442,0.4741,0.4117,0.4455,0.4008,0.4353
3141405,Medina - MG,31,1.5,0.4412,0.4773,0.4602,0.8118,0.0105,True,False,0.0,20054,0.57,0.4562,0.4913,0.4412,0.4773,0.4361,0.4725
3141504,Mendes Pimentel - MG,31,1.5,0.3767,0.4152,0.4045,0.7186,0.0111,True,False,0.0,5607,0.48,0.3767,0.4152,0.3767,0.4152,0.3767,0.4152
3141603,Mercês - MG,31,1.5,0.394,0.431,0.4003,0.7229,0.0169,True,False,0.0,10329,0.58,0.394,0.431,0.394,0.431,0.394,0.431
3141702,Mesquita - MG,31,1.5,0.3273,0.3723,0.3554,0.634,0.0109,True,False,0.0,5014,0.46,0.3273,0.3723,0.3273,0.3723,0.3273,0.3723
3141801,Minas Novas - MG,31,1.5,0.3724,0.4136,0.3988,0.7207,0.0137,True,False,0.0,24320,0.5,0.3724,0.4136,0.3724,0.4136,0.3724,0.4136
3141900,Minduri - MG,31,1.5,0.382,0.4183,0.3913,0.7127,0.011,True,False,0.0,3725,0.49,0.382,0.4183,0.382,0.4183,0.382,0.4183
3142007,Mirabela - MG,31,1.5,0.4116,0.4494,0.4189,0.7566,0.0122,True,False,0.0,13608,0.48,0.4116,0.4494,0.4116,0.4494,0.4116,0.4494
3142106,Miradouro - MG,31,1.5,0.4268,0.4616,0.4383,0.7623,0.015,True,False,0.0,8936,0.52,0.4268,0.4616,0.4268,0.4616,0.4268,0.4616
3142205,Miraí - MG,31,1.5,0.4151,0.4511,0.4249,0.7486,0.0187,True,False,0.0,13583,0.45,0.4261,0.4614,0.4151,0.4511,0.4114,0.4476
3142254,Miravânia - MG,31,1.5,0.4479,0.4844,0.4242,0.7757,0.0114,True,False,0.0,3985,0.49,0.4951,0.5286,0.4479,0.4844,0.4301,0.4677
3142304,Moeda - MG,31,1.5,0.3919,0.4286,0.3884,0.705,0.0201,True,False,0.0,5114,0.43,0.3919,0.4286,0.3919,0.4286,0.3919,0.4286
3142403,Moema - MG,31,1.5,0.3601,0.4,0.3889,0.6936,0.0098,True,False,0.0,7536,0.38,0.3601,0.4,0.3601,0.4,0.3601,0.4
3142502,Monjolos - MG,31,1.5,0.3815,0.4263,0.4024,0.7341,0.0378,True,False,0.0,2169,0.48,0.3815,0.4263,0.3815,0.4263,0.3815,0.4263
3142601,Monsenhor Paulo - MG,31,1.5,0.4026,0.4388,0.4126,0.7191,0.0241,True,False,0.0,8315,0.4,0.4026,0.4388,0.4026,0.4388,0.4026,0.4388
3142700,Montalvânia - MG,31,1.5,0.4574,0.4928,0.4696,0.8567,0.0078,True,False,0.0,14060,0.54,0.4574,0.4928,0.4574,0.4928,0.4574,0.4928
3142809,Monte Alegre de Minas - MG,31,1.5,0.4808,0.5111,0.4759,0.7611,0.015,True,False,0.0,20090,0.47,0.5248,0.5528,0.4808,0.5111,0.4642,0.4955
3142908,Monte Azul - MG,31,1.5,0.4158,0.4536,0.4371,0.7631,0.0214,True,False,0.0,20182,0.51,0.4158,0.4536,0.4158,0.4536,0.4158,0.4536
3143005,Monte Belo - MG,31,1.5,0.3998,0.4362,0.4165,0.7337,0.0055,True,False,0.0,12993,0.46,0.4195,0.4546,0.3998,0.4362,0.393,0.4297
3143104,Monte Carmelo - MG,31,1.5,0.4227,0.4555,0.4204,0.7555,0.0079,True,False,0.0,47402,0.49,0.4403,0.4721,0.4227,0.4555,0.4166,0.4497
3143153,Monte Formoso - MG,31,1.5,0.3852,0.4286,0.4379,0.6937,0.0086,True,True,0.0,4382,0.59,0.3852,0.4286,0.3852,0.4286,0.3852,0.4286
3143203,Monte Santo de Minas - MG,31,1.5,0.3798,0.4175,0.4014,0.7026,0.0116,True,False,0.0,20615,0.42,0.3798,0.4175,0.3798,0.4175,0.3798,0.4175
3143302,Montes Claros - MG,31,1.5,0.501,0.5259,0.4886,0.8868,0.0111,True,False,0.0,411753,0.53,0.5189,0.5429,0.501,0.5259,0.4948,0.5199
3143401,Monte Sião - MG,31,1.5,0.3892,0.4265,0.4389,0.7018,0.0084,True,True,0.0,24002,0.44,0.3892,0.4265,0.3892,0.4265,0.3892,0.4265
3143450,Montezuma - MG,31,1.5,0.3866,0.4267,0.399,0.7267,0.0119,True,False,0.0,6860,0.46,0.3866,0.4267,0.3866,0.4267,0.3866,0.4267
3143500,Morada Nova de Minas - MG,31,1.5,0.382,0.4213,0.3722,0.6557,0.005,True,False,0.0,9001,0.45,0.4154,0.4527,0.382,0.4213,0.37,0.41
3143609,Morro da Garça - MG,31,1.5,0.3588,0.4011,0.3707,0.6659,0.0157,True,False,0.0,2412,0.46,0.3588,0.4011,0.3588,0.4011,0.3588,0.4011
3143708,Morro do Pilar - MG,31,1.5,0.3618,0.4044,0.3836,0.6828,0.0146,True,False,0.0,3122,0.48,0.3618,0.4044,0.3618,0.4044,0.3618,0.4044
3143807,Munhoz - MG,31,1.5,0.3701,0.4099,0.3876,0.7006,0.0098,True,False,0.0,7446,0.46,0.3701,0.4099,0.3701,0.4099,0.3701,0.4099
3143906,Muriaé - MG,31,1.5,0.4752,0.5031,0.4637,0.8341,0.0094,True,False,0.0,103317,0.52,0.4993,0.5259,0.4752,0.5031,0.4667,0.495
3144003,Mutum - MG,31,1.5,0.4388,0.4711,0.4561,0.8114,0.0074,True,False,0.0,27592,0.49,0.4388,0.4711,0.4388,0.4711,0.4388,0.4711
3144102,Muzambinho - MG,31,1.5,0.4496,0.4799,0.4489,0.8102,0.0118,True,False,0.0,21800,0.46,0.4619,0.4915,0.4496,0.4799,0.4454,0.4759
3144201,Nacip Raydan - MG,31,1.5,0.4358,0.47,0.4537,0.7784,0.0214,True,False,0.0,2440,0.6,0.4358,0.47,0.4358,0.47,0.4358,0.47
3144300,Nanuque - MG,31,1.5,0.4898,0.5181,0.4813,0.8346,0.0141,True,False,0.0,34798,0.5,0.5126,0.5396,0.4898,0.5181,0.4817,0.5104
3144359,Naque - MG,31,1.5,0.3584,0.3998,0.3872,0.6807,0.0078,True,False,0.0,6299,0.43,0.3584,0.3998,0.3584,0.3998,0.3584,0.3998
3144375,Natalândia - MG,31,1.5,0.3102,0.359,0.3473,0.6299,0.0196,True,False,0.0,3518,0.4,0.3102,0.359,0.3102,0.359,0.3102,0.359
3144409,Natércia - MG,31,1.5,0.4097,0.4446,0.4185,0.7396,0.0133,True,False,0.0,4649,0.4,0.4097,0.4446,0.4097,0.4446,0.4097,0.4446
3144508,Nazareno - MG,31,1.5,0.4305,0.4627,0.4272,0.7835,0.0118,True,False,0.0,8149,0.47,0.4305,0.4627,0.4305,0.4627,0.4305,0.4627
3144607,Nepomuceno - MG,31,1.5,0.4262,0.4602,0.4248,0.7437,0.0158,True,False,0.0,24835,0.44,0.4262,0.4602,0.4262,0.4602,0.4262,0.4602
3144656,Ninheira - MG,31,1.5,0.4061,0.4454,0.433,0.7809,0.0166,True,False,0.0,10573,0.52,0.4061,0.4454,0.4061,0.4454,0.4061,0.4454
3144672,Nova Belém - MG,31,1.5,0.406,0.4446,0.438,0.7766,0.0169,True,False,0.0,3151,0.5,0.406,0.4446,0.406,0.4446,0.406,0.4446
3144706,Nova Era - MG,31,1.5,0.4125,0.4454,0.4377,0.7711,0.0063,True,False,0.0,17337,0.47,0.4125,0.4454,0.4125,0.4454,0.4125,0.4454
3144805,Nova Lima - MG,31,1.5,0.6722,0.6874,0.5976,1.152,0.0212,True,False,0.0,111257,0.68,0.7493,0.7662,0.6722,0.6874,0.6333,0.648
3144904,Nova Módica - MG,31,1.5,0.4417,0.4747,0.4228,0.7705,0.0169,True,False,0.0,3661,0.5,0.4718,0.503,0.4417,0.4747,0.4309,0.4645
3145000,Nova Ponte - MG,31,1.5,0.4257,0.4608,0.4091,0.7355,0.0122,True,False,0.0,14563,0.52,0.4622,0.4952,0.4257,0.4608,0.4124,0.4483
3145059,Nova Porteirinha - MG,31,1.5,0.3286,0.3745,0.3552,0.6404,0.0111,True,False,0.0,6695,0.41,0.3286,0.3745,0.3286,0.3745,0.3286,0.3745
3145109,Nova Resende - MG,31,1.5,0.3746,0.4163,0.3678,0.6577,0.0185,True,False,0.0,16346,0.45,0.3998,0.4398,0.3746,0.4163,0.3658,0.408
3145208,Nova Serrana - MG,31,1.5,0.3287,0.3743,0.3665,0.649,0.0136,True,False,0.0,105243,0.35,0.3287,0.3743,0.3287,0.3743,0.3287,0.3743
3145307,Novo Cruzeiro - MG,31,1.5,0.4565,0.4911,0.4774,0.8451,0.006,True,False,0.0,26850,0.53,0.4565,0.4911,0.4565,0.4911,0.4565,0.4911
3145356,Novo Oriente de Minas - MG,31,1.5,0.4326,0.4693,0.4679,0.8254,0.0175,True,False,0.0,10248,0.56,0.4326,0.4693,0.4326,0.4693,0.4326,0.4693
3145372,Novorizonte - MG,31,1.5,0.3631,0.4043,0.4025,0.691,0.0031,True,False,0.0,4572,0.43,0.3631,0.4043,0.3631,0.4043,0.3631,0.4043
3145406,Olaria - MG,31,1.5,0.3266,0.3725,0.357,0.641,0.0123,True,False,0.0,1945,0.41,0.3266,0.3725,0.3266,0.3725,0.3266,0.3725
3145455,Olhos-d'Água - MG,31,1.5,0.3732,0.414,0.3838,0.6832,0.0177,True,False,0.0,5377,0.46,0.3732,0.414,0.3732,0.414,0.3732,0.414
3145505,Olímpio Noronha - MG,31,1.5,0.3597,0.4017,0.3931,0.7023,0.0236,True,False,0.0,2551,0.41,0.3597,0.4017,0.3597,0.4017,0.3597,0.4017
3145604,Oliveira - MG,31,1.5,0.4515,0.482,0.4571,0.7812,0.0124,True,False,0.0,38950,0.45,0.463,0.4929,0.4515,0.482,0.4476,0.4783
3145703,Oliveira Fortes - MG,31,1.5,0.3691,0.4082,0.3918,0.7153,0.0158,True,False,0.0,2028,0.44,0.3691,0.4082,0.3691,0.4082,0.3691,0.4082
3145802,Onça de Pitangui - MG,31,1.5,0.3955,0.4332,0.3819,0.6831,0.0078,True,False,0.0,2969,0.44,0.4302,0.4659,0.3955,0.4332,0.3829,0.4215
3145851,Oratórios - MG,31,1.5,0.3928,0.4315,0.4089,0.7232,0.0105,True,False,0.0,4914,0.39,0.3928,0.4315,0.3928,0.4315,0.3928,0.4315
3145877,Orizânia - MG,31,1.5,0.3648,0.4045,0.3997,0.7255,0.0057,True,False,0.0,8437,0.54,0.3648,0.4045,0.3648,0.4045,0.3648,0.4045
3145901,Ouro Branco - MG,31,1.5,0.4419,0.4699,0.4487,0.8095,0.0053,True,False,0.0,38679,0.52,0.4558,0.4831,0.4419,0.4699,0.4371,0.4654
3146008,Ouro Fino - MG,31,1.5,0.4135,0.4494,0.4264,0.7486,0.0111,True,False,0.0,31954,0.45,0.4236,0.4588,0.4135,0.4494,0.4101,0.4462
3146107,Ouro Preto - MG,31,1.5,0.4595,0.488,0.4578,0.8137,0.0132,True,False,0.0,74463,0.5,0.4708,0.4988,0.4595,0.488,0.4556,0.4843
3146206,Ouro Verde de Minas - MG,31,1.5,0.4222,0.4595,0.4439,0.8101,0.0122,True,False,0.0,5731,0.51,0.4222,0.4595,0.4222,0.4595,0.4222,0.4595
3146255,Padre Carvalho - MG,31,1.5,0.3559,0.4002,0.3814,0.6747,0.0099,True,False,0.0,5057,0.44,0.3559,0.4002,0.3559,0.4002,0.3559,0.4002
3146305,Padre Paraíso - MG,31,1.5,0.4312,0.4684,0.4617,0.8461,0.0171,True,False,0.0,17247,0.54,0.4312,0.4684,0.4312,0.4684,0.4312,0.4684
3146404,Paineiras - MG,31,1.5,0.4381,0.472,0.4467,0.7564,0.0166,True,False,0.0,4197,0.46,0.4665,0.4987,0.4381,0.472,0.428,0.4625
3146503,Pains - MG,31,1.5,0.3318,0.3754,0.3677,0.6512,0.0107,True,False,0.0,7977,0.46,0.3318,0.3754,0.3318,0.3754,0.3318,0.3754
3146552,Pai Pedro - MG,31,1.5,0.3294,0.3759,0.3686,0.6616,0.0142,True,False,0.0,5551,0.46,0.3294,0.3759,0.3294,0.3759,0.3294,0.3759
3146602,Paiva - MG,31,1.5,0.3569,0.3957,0.3579,0.6572,0.0179,True,False,0.0,1473,0.44,0.3569,0.3957,0.3569,0.3957,0.3569,0.3957
3146701,Palma - MG,31,1.5,0.4062,0.4413,0.407,0.7435,0.0197,True,False,0.0,5682,0.49,0.4062,0.4413,0.4062,0.4413,0.4062,0.4413
3146750,Palmópolis - MG,31,1.5,0.4089,0.4489,0.4254,0.7317,0.0172,True,False,0.0,6274,0.45,0.4425,0.4802,0.4089,0.4489,0.3968,0.4376
3146909,Papagaios - MG,31,1.5,0.3658,0.4069,0.3855,0.6799,0.018,True,False,0.0,13828,0.49,0.3658,0.4069,0.3658,0.4069,0.3658,0.4069
3147006,Paracatu - MG,31,1.5,0.4642,0.4931,0.4836,0.7896,0.0124,True,False,0.0,93447,0.51,0.4806,0.5086,0.4642,0.4931,0.4586,0.4877
3147105,Pará de Minas - MG,31,1.5,0.4211,0.4532,0.4266,0.7712,0.0095,True,False,0.0,96401,0.43,0.429,0.4606,0.4211,0.4532,0.4184,0.4507
3147204,Paraguaçu - MG,31,1.5,0.3738,0.4124,0.3965,0.6937,0.0102,True,False,0.0,21658,0.41,0.3738,0.4124,0.3738,0.4124,0.3738,0.4124
3147303,Paraisópolis - MG,31,1.5,0.4151,0.4487,0.4094,0.7381,0.0111,True,False,0.0,20395,0.46,0.4414,0.4735,0.4151,0.4487,0.4058,0.4399
3147402,Paraopeba - MG,31,1.5,0.4008,0.4368,0.4433,0.7379,0.012,True,True,0.0,24072,0.45,0.4008,0.4368,0.4008,0.4368,0.4008,0.4368
3147501,Passabém - MG,31,1.5,0.3561,0.4022,0.3677,0.6672,0.0337,True,False,0.0,1594,0.41,0.3561,0.4022,0.3561,0.4022,0.3561,0.4022
3147600,Passa Quatro - MG,31,1.5,0.4221,0.4561,0.4432,0.7655,0.016,True,False,0.0,15464,0.49,0.4221,0.4561,0.4221,0.4561,0.4221,0.4561
3147709,Passa Tempo - MG,31,1.5,0.3947,0.4326,0.4233,0.6873,0.0129,True,False,0.0,8448,0.49,0.3947,0.4326,0.3947,0.4326,0.3947,0.4326
3147808,Passa Vinte - MG,31,1.5,0.4166,0.4522,0.4002,0.7276,0.0161,True,False,0.0,2232,0.46,0.4455,0.4794,0.4166,0.4522,0.4063,0.4425
3147907,Passos - MG,31,1.5,0.4603,0.4885,0.4511,0.8037,0.0098,True,False,0.0,111640,0.49,0.4844,0.5115,0.4603,0.4885,0.4517,0.4804
3147956,Patis - MG,31,1.5,0.3952,0.4371,0.4264,0.775,0.0189,True,False,0.0,4835,0.47,0.3952,0.4371,0.3952,0.4371,0.3952,0.4371
3148004,Patos de Minas - MG,31,1.5,0.4612,0.4885,0.4455,0.7984,0.0086,True,False,0.0,158607,0.5,0.4969,0.5225,0.4612,0.4885,0.4481,0.476
3148103,Patrocínio - MG,31,1.5,0.4467,0.4765,0.4592,0.8323,0.0103,True,False,0.0,89151,0.49,0.4546,0.484,0.4467,0.4765,0.444,0.4739
3148202,Patrocínio do Muriaé - MG,31,1.5,0.4837,0.5137,0.4284,0.7828,0.0162,True,False,0.0,5569,0.49,0.546,0.5727,0.4837,0.5137,0.4589,0.4903
3148301,Paula Cândido - MG,31,1.5,0.3819,0.4208,0.3948,0.7039,0.0171,True,False,0.0,8659,0.48,0.3819,0.4208,0.3819,0.4208,0.3819,0.4208
3148400,Paulistas - MG,31,1.5,0.3992,0.4375,0.404,0.7369,0.0126,True,False,0.0,4360,0.52,0.3992,0.4375,0.3992,0.4375,0.3992,0.4375
3148509,Pavão - MG,31,1.5,0.3315,0.3795,0.3606,0.6595,0.0226,True,False,0.0,8015,0.53,0.3315,0.3795,0.3315,0.3795,0.3315,0.3795
3148608,Peçanha - MG,31,1.5,0.4198,0.4552,0.4329,0.7754,0.0151,True,False,0.0,17213,0.53,0.4198,0.4552,0.4198,0.4552,0.4198,0.4552
3148707,Pedra Azul - MG,31,1.5,0.4636,0.4952,0.4666,0.8619,0.0158,True,False,0.0,24207,0.53,0.4636,0.4952,0.4636,0.4952,0.4636,0.4952
3148756,Pedra Bonita - MG,31,1.5,0.3935,0.4317,0.4356,0.7591,0.0046,True,True,0.0,7315,0.5,0.3935,0.4317,0.3935,0.4317,0.3935,0.4317
3148806,Pedra do Anta - MG,31,1.5,0.422,0.4647,0.3768,0.6759,0.0286,True,False,0.0,3306,0.54,0.4911,0.529,0.422,0.4647,0.3945,0.4392
3148905,Pedra do Indaiá - MG,31,1.5,0.3457,0.3885,0.3778,0.6786,0.0126,True,False,0.0,4111,0.41,0.3457,0.3885,0.3457,0.3885,0.3457,0.3885
3149002,Pedra Dourada - MG,31,1.5,0.3195,0.3653,0.358,0.6547,0.0125,True,False,0.0,2755,0.53,0.3195,0.3653,0.3195,0.3653,0.3195,0.3653
3149101,Pedralva - MG,31,1.5,0.4147,0.4494,0.4124,0.7466,0.0197,True,False,0.0,10702,0.55,0.4147,0.4494,0.4147,0.4494,0.4147,0.4494
3149150,Pedras de Maria da Cruz - MG,31,1.5,0.4089,0.4482,0.4322,0.7777,0.0099,True,False,0.0,10378,0.47,0.4089,0.4482,0.4089,0.4482,0.4089,0.4482
3149200,Pedrinópolis - MG,31,1.5,0.4127,0.4482,0.4047,0.729,0.0208,True,False,0.0,3329,0.48,0.4474,0.4808,0.4127,0.4482,0.4002,0.4364
3149309,Pedro Leopoldo - MG,31,1.5,0.4491,0.4774,0.4737,0.8165,0.0072,True,False,0.0,62449,0.47,0.4491,0.4774,0.4491,0.4774,0.4491,0.4774
3149408,Pedro Teixeira - MG,31,1.5,0.3478,0.3912,0.3552,0.649,0.0208,True,False,0.0,1808,0.41,0.3478,0.3912,0.3478,0.3912,0.3478,0.3912
3149507,Pequeri - MG,31,1.5,0.3574,0.3973,0.3837,0.6749,0.0163,True,False,0.0,3350,0.44,0.3574,0.3973,0.3574,0.3973,0.3574,0.3973
3149606,Pequi - MG,31,1.5,0.4122,0.4473,0.4182,0.7467,0.0115,True,False,0.0,4156,0.43,0.4122,0.4473,0.4122,0.4473,0.4122,0.4473
3149705,Perdigão - MG,31,1.5,0.3137,0.3618,0.3564,0.6261,0.014,True,False,0.0,12250,0.35,0.3137,0.3618,0.3137,0.3618,0.3137,0.3618
3149804,Perdizes - MG,31,1.5,0.4628,0.4933,0.428,0.7721,0.0094,True,False,0.0,16915,0.55,0.514,0.5418,0.4628,0.4933,0.4432,0.4748
3149903,Perdões - MG,31,1.5,0.4026,0.4356,0.4197,0.7399,0.0119,True,False,0.0,21207,0.52,0.4026,0.4356,0.4026,0.4356,0.4026,0.4356
3149952,Periquito - MG,31,1.5,0.3409,0.3851,0.3725,0.6503,0.0039,True,False,0.0,6552,0.43,0.3409,0.3851,0.3409,0.3851,0.3409,0.3851
3150000,Pescador - MG,31,1.5,0.4286,0.4624,0.4478,0.7648,0.0199,True,False,0.0,3499,0.52,0.4286,0.4624,0.4286,0.4624,0.4286,0.4624
3150109,Piau - MG,31,1.5,0.4381,0.4709,0.4563,0.8035,0.015,True,False,0.0,2797,0.42,0.4381,0.4709,0.4381,0.4709,0.4381,0.4709
3150158,Piedade de Caratinga - MG,31,1.5,0.3724,0.4124,0.3927,0.6917,0.0119,True,False,0.0,8514,0.46,0.3724,0.4124,0.3724,0.4124,0.3724,0.4124
3150208,Piedade de Ponte Nova - MG,31,1.5,0.3341,0.3803,0.3584,0.6389,0.0238,True,False,0.0,3946,0.38,0.3341,0.3803,0.3341,0.3803,0.3341,0.3803
3150307,Piedade do Rio Grande - MG,31,1.5,0.4843,0.5171,0.4432,0.7698,0.017,True,False,0.0,4602,0.45,0.5528,0.5816,0.4843,0.5171,0.4566,0.491
3150406,Piedade dos Gerais - MG,31,1.5,0.3732,0.4127,0.4068,0.7163,0.0062,True,False,0.0,4962,0.48,0.3732,0.4127,0.3732,0.4127,0.3732,0.4127
3150505,Pimenta - MG,31,1.5,0.3956,0.4302,0.4234,0.7516,0.0102,True,False,0.0,8557,0.45,0.3956,0.4302,0.3956,0.4302,0.3956,0.4302
3150539,Pingo-d'Água - MG,31,1.5,0.3917,0.431,0.4042,0.7036,0.0158,True,False,0.0,4681,0.44,0.3917,0.431,0.3917,0.431,0.3917,0.431
3150570,Pintópolis - MG,31,1.5,0.4056,0.4458,0.4479,0.8071,0.0216,True,True,0.0,7083,0.54,0.4056,0.4458,0.4056,0.4458,0.4056,0.4458
3150604,Piracema - MG,31,1.5,0.3949,0.4321,0.3867,0.6953,0.008,True,False,0.0,6672,0.44,0.4223,0.4578,0.3949,0.4321,0.3852,0.4229
3150703,Pirajuba - MG,31,1.5,0.3654,0.406,0.3868,0.6914,0.0098,True,False,0.0,5508,0.54,0.3654,0.406,0.3654,0.406,0.3654,0.406
3150802,Piranga - MG,31,1.5,0.4396,0.4734,0.4745,0.808,0.0116,True,True,0.0,16929,0.52,0.4396,0.4734,0.4396,0.4734,0.4396,0.4734
3150901,Piranguçu - MG,31,1.5,0.4201,0.4541,0.4239,0.7795,0.0104,True,False,0.0,6011,0.46,0.4201,0.4541,0.4201,0.4541,0.4201,0.4541
3151008,Piranguinho - MG,31,1.5,0.4134,0.447,0.4292,0.7572,0.0184,True,False,0.0,9103,0.43,0.4134,0.447,0.4134,0.447,0.4134,0.447
3151107,Pirapetinga - MG,31,1.5,0.422,0.4567,0.4267,0.772,0.0122,True,False,0.0,11068,0.46,0.422,0.4567,0.422,0.4567,0.422,0.4567
3151206,Pirapora - MG,31,1.5,0.463,0.4927,0.4465,0.8125,0.0105,True,False,0.0,55094,0.55,0.4858,0.5143,0.463,0.4927,0.4549,0.4851
3151305,Piraúba - MG,31,1.5,0.389,0.428,0.3986,0.6936,0.014,True,False,0.0,11577,0.37,0.389,0.428,0.389,0.428,0.389,0.428
3151404,Pitangui - MG,31,1.5,0.4035,0.4392,0.4368,0.7428,0.0096,True,False,0.0,26535,0.47,0.4035,0.4392,0.4035,0.4392,0.4035,0.4392
3151503,Piumhi - MG,31,1.5,0.4284,0.4605,0.4217,0.7614,0.0187,True,False,0.0,35826,0.47,0.4359,0.4676,0.4284,0.4605,0.4258,0.4581
3151602,Planura - MG,31,1.5,0.4056,0.4397,0.4313,0.7749,0.007,True,False,0.0,11128,0.43,0.4056,0.4397,0.4056,0.4397,0.4056,0.4397
3151701,Poço Fundo - MG,31,1.5,0.4612,0.4905,0.4698,0.782,0.0091,True,False,0.0,16355,0.44,0.4894,0.5172,0.4612,0.4905,0.4511,0.4809
3151800,Poços de Caldas - MG,31,1.5,0.4585,0.4864,0.446,0.8013,0.0094,True,False,0.0,163326,0.5,0.493,0.5192,0.4585,0.4864,0.446,0.4745
3151909,Pocrane - MG,31,1.5,0.4239,0.4624,0.405,0.707,0.0189,True,False,0.0,8350,0.46,0.471,0.5064,0.4239,0.4624,0.4063,0.446
3152006,Pompéu - MG,31,1.5,0.4514,0.482,0.4556,0.8147,0.0097,True,False,0.0,30909,0.52,0.4514,0.482,0.4514,0.482,0.4514,0.482
3152105,Ponte Nova - MG,31,1.5,0.4887,0.5163,0.4718,0.8352,0.0074,True,False,0.0,57117,0.51,0.5227,0.5485,0.4887,0.5163,0.4763,0.5045
3152131,Ponto Chique - MG,31,1.5,0.3714,0.4142,0.3895,0.7023,0.0107,True,False,0.0,3726,0.45,0.3714,0.4142,0.3714,0.4142,0.3714,0.4142
3152170,Ponto dos Volantes - MG,31,1.5,0.4187,0.4614,0.4502,0.8085,0.0185,True,False,0.0,10882,0.53,0.4187,0.4614,0.4187,0.4614,0.4187,0.4614
3152204,Porteirinha - MG,31,1.5,0.4463,0.4815,0.455,0.8018,0.017,True,False,0.0,37307,0.5,0.4591,0.4935,0.4463,0.4815,0.4419,0.4774
3152303,Porto Firme - MG,31,1.5,0.3778,0.4192,0.4168,0.6962,0.0192,True,False,0.0,10531,0.46,0.3778,0.4192,0.3778,0.4192,0.3778,0.4192
3152402,Poté - MG,31,1.5,0.4443,0.4787,0.4608,0.7927,0.0065,True,False,0.0,13592,0.48,0.4589,0.4925,0.4443,0.4787,0.4392,0.474
3152501,Pouso Alegre - MG,31,1.5,0.4604,0.4883,0.4683,0.8144,0.0116,True,False,0.0,150933,0.49,0.4768,0.5039,0.4604,0.4883,0.4547,0.4829
3152600,Pouso Alto - MG,31,1.5,0.4148,0.4497,0.4467,0.7499,0.009,True,False,0.0,6534,0.63,0.4148,0.4497,0.4148,0.4497,0.4148,0.4497
3152709,Prados - MG,31,1.5,0.3794,0.421,0.3848,0.6998,0.0232,True,False,0.0,9013,0.48,0.3794,0.421,0.3794,0.421,0.3794,0.421
3152808,Prata - MG,31,1.5,0.4596,0.4916,0.4218,0.75,0.0093,True,False,0.0,28178,0.51,0.516,0.5449,0.4596,0.4916,0.4378,0.471
3152907,Pratápolis - MG,31,1.5,0.4134,0.448,0.4171,0.752,0.0144,True,False,0.0,8378,0.45,0.4134,0.448,0.4134,0.448,0.4134,0.448
3153004,Pratinha - MG,31,1.5,0.4856,0.5122,0.5211,0.8398,0.011,True,True,0.0,3560,0.52,0.4856,0.5122,0.4856,0.5122,0.4856,0.5122
3153103,Presidente Bernardes - MG,31,1.5,0.3644,0.4089,0.3735,0.6563,0.0217,True,False,0.0,4832,0.47,0.3644,0.4089,0.3644,0.4089,0.3644,0.4089
3153202,Presidente Juscelino - MG,31,1.5,0.3795,0.4196,0.3862,0.6899,0.0126,True,False,0.0,3462,0.41,0.3795,0.4196,0.3795,0.4196,0.3795,0.4196
3153301,Presidente Kubitschek - MG,31,1.5,0.527,0.5604,0.4101,0.7269,0.0116,True,False,0.0,3068,0.44,0.629,0.6559,0.527,0.5604,0.4791,0.5157
3153400,Presidente Olegário - MG,31,1.5,0.3821,0.4201,0.3971,0.6881,0.0152,True,False,0.0,18603,0.45,0.3889,0.4266,0.3821,0.4201,0.3797,0.4179
3153509,Alto Jequitibá - MG,31,1.5,0.3969,0.4342,0.4075,0.7309,0.0117,True,False,0.0,8350,0.51,0.3969,0.4342,0.3969,0.4342,0.3969,0.4342
3153608,Prudente de Morais - MG,31,1.5,0.3925,0.4298,0.4134,0.7293,0.0165,True,False,0.0,11451,0.42,0.4077,0.4441,0.3925,0.4298,0.3872,0.4248
3153707,Quartel Geral - MG,31,1.5,0.3816,0.4207,0.3753,0.6744,0.0152,True,False,0.0,3159,0.45,0.3816,0.4207,0.3816,0.4207,0.3816,0.4207
3153806,Queluzito - MG,31,1.5,0.4137,0.4492,0.415,0.7559,0.0244,True,False,0.0,1767,0.46,0.4137,0.4492,0.4137,0.4492,0.4137,0.4492
3153905,Raposos - MG,31,1.5,0.3709,0.4099,0.4024,0.7098,0.0128,True,False,0.0,16272,0.52,0.3709,0.4099,0.3709,0.4099,0.3709,0.4099
3154002,Raul Soares - MG,31,1.5,0.4052,0.4415,0.4284,0.7581,0.0133,True,False,0.0,23367,0.51,0.4052,0.4415,0.4052,0.4415,0.4052,0.4415
3154101,Recreio - MG,31,1.5,0.3608,0.401,0.3975,0.6681,0.0059,True,False,0.0,11003,0.47,0.3608,0.401,0.3608,0.401,0.3608,0.401
3154150,Reduto - MG,31,1.5,0.3748,0.4151,0.3927,0.7009,0.0103,True,False,0.0,7846,0.52,0.3748,0.4151,0.3748,0.4151,0.3748,0.4151
3154200,Resende Costa - MG,31,1.5,0.4409,0.4736,0.4439,0.7993,0.0194,True,False,0.0,11136,0.48,0.4409,0.4736,0.4409,0.4736,0.4409,0.4736
3154309,Resplendor - MG,31,1.5,0.4592,0.491,0.5202,0.7565,0.0078,True,True,0.0,17174,0.52,0.4592,0.491,0.4592,0.491,0.4592,0.491
3154408,Ressaquinha - MG,31,1.5,0.4049,0.4434,0.4089,0.7125,0.011,True,False,0.0,4532,0.42,0.4049,0.4434,0.4049,0.4434,0.4049,0.4434
3154457,Riachinho - MG,31,1.5,0.3613,0.4017,0.3949,0.7194,0.0096,True,False,0.0,6857,0.48,0.3613,0.4017,0.3613,0.4017,0.3613,0.4017
3154507,Riacho dos Machados - MG,31,1.5,0.3637,0.4051,0.4024,0.7129,0.0104,True,False,0.0,8750,0.44,0.3637,0.4051,0.3637,0.4051,0.3637,0.4051
3154606,Ribeirão das Neves - MG,31,1.5,0.3782,0.4173,0.4174,0.7287,0.0088,True,True,0.0,322647,0.39,0.3807,0.4196,0.3782,0.4173,0.3773,0.4165
3154705,Ribeirão Vermelho - MG,31,1.5,0.3896,0.4266,0.4212,0.7328,0.0146,True,False,0.0,4076,0.43,0.3896,0.4266,0.3896,0.4266,0.3896,0.4266
3154804,Rio Acima - MG,31,1.5,0.431,0.4658,0.4203,0.7571,0.0095,True,False,0.0,10232,0.47,0.4692,0.5018,0.431,0.4658,0.417,0.4526
3154903,Rio Casca - MG,31,1.5,0.4392,0.4726,0.4296,0.7628,0.0149,True,False,0.0,12746,0.47,0.4547,0.4872,0.4392,0.4726,0.4338,0.4675
3155009,Rio Doce - MG,31,1.5,0.4833,0.5181,0.4231,0.7207,0.0206,True,False,0.0,2485,0.44,0.574,0.6033,0.4833,0.5181,0.4438,0.481
3155108,Rio do Prado - MG,31,1.5,0.4197,0.4582,0.423,0.768,0.0158,True,False,0.0,4638,0.49,0.4511,0.4875,0.4197,0.4582,0.4085,0.4476
3155207,Rio Espera - MG,31,1.5,0.3661,0.4081,0.4052,0.7249,0.0162,True,False,0.0,5388,0.48,0.3661,0.4081,0.3661,0.4081,0.3661,0.4081
3155306,Rio Manso - MG,31,1.5,0.3418,0.3849,0.3817,0.6767,0.0207,True,False,0.0,5561,0.43,0.3418,0.3849,0.3418,0.3849,0.3418,0.3849
3155405,Rio Novo - MG,31,1.5,0.4171,0.4505,0.4243,0.7675,0.0182,True,False,0.0,8458,0.47,0.4171,0.4505,0.4171,0.4505,0.4171,0.4505
3155504,Rio Paranaíba - MG,31,1.5,0.4628,0.4941,0.4622,0.7626,0.0164,True,False,0.0,14404,0.5,0.4957,0.5252,0.4628,0.4941,0.4509,0.4829
3155603,Rio Pardo de Minas - MG,31,1.5,0.4033,0.4426,0.4107,0.7368,0.0068,True,False,0.0,28162,0.52,0.4227,0.4607,0.4033,0.4426,0.3965,0.4363
3155702,Rio Piracicaba - MG,31,1.5,0.4066,0.4411,0.4223,0.7593,0.0146,True,False,0.0,14551,0.45,0.4066,0.4411,0.4066,0.4411,0.4066,0.4411
3155801,Rio Pomba - MG,31,1.5,0.4981,0.5236,0.5083,0.8801,0.0148,True,False,0.0,17355,0.47,0.5077,0.5328,0.4981,0.5236,0.4947,0.5205
3155900,Rio Preto - MG,31,1.5,0.4315,0.464,0.44,0.7956,0.0109,True,False,0.0,5135,0.51,0.4315,0.464,0.4315,0.464,0.4315,0.464
3156007,Rio Vermelho - MG,31,1.5,0.4403,0.4759,0.4631,0.8232,0.0166,True,False,0.0,12579,0.56,0.4403,0.4759,0.4403,0.4759,0.4403,0.4759
3156106,Ritápolis - MG,31,1.5,0.4224,0.4559,0.42,0.7573,0.0171,True,False,0.0,4991,0.44,0.4224,0.4559,0.4224,0.4559,0.4224,0.4559
3156205,Rochedo de Minas - MG,31,1.5,0.3329,0.3787,0.359,0.6517,0.026,True,False,0.0,2288,0.39,0.3329,0.3787,0.3329,0.3787,0.3329,0.3787
3156304,Rodeiro - MG,31,1.5,0.3245,0.3689,0.3557,0.633,0.0091,True,False,0.0,8624,0.46,0.3245,0.3689,0.3245,0.3689,0.3245,0.3689
3156403,Romaria - MG,31,1.5,0.353,0.3924,0.3801,0.6748,0.0061,True,False,0.0,3386,0.54,0.353,0.3924,0.353,0.3924,0.353,0.3924
3156452,Rosário da Limeira - MG,31,1.5,0.3302,0.3769,0.3639,0.6409,0.0193,True,False,0.0,4713,0.49,0.3302,0.3769,0.3302,0.3769,0.3302,0.3769
3156502,Rubelita - MG,31,1.5,0.4262,0.4645,0.4051,0.7178,0.009,True,False,0.0,5679,0.5,0.4753,0.5104,0.4262,0.4645,0.4077,0.4472
3156601,Rubim - MG,31,1.5,0.4127,0.4494,0.4373,0.7765,0.009,True,False,0.0,10262,0.48,0.4127,0.4494,0.4127,0.4494,0.4127,0.4494
3156700,Sabará - MG,31,1.5,0.4211,0.4529,0.4492,0.7915,0.006,True,False,0.0,129282,0.45,0.4218,0.4535,0.4211,0.4529,0.4209,0.4527
3156809,Sabinópolis - MG,31,1.5,0.4252,0.4616,0.435,0.7615,0.0162,True,False,0.0,14226,0.52,0.4431,0.4785,0.4252,0.4616,0.4189,0.4558
3156908,Sacramento - MG,31,1.5,0.4826,0.5101,0.4421,0.7962,0.0111,True,False,0.0,26501,0.45,0.5245,0.55,0.4826,0.5101,0.4669,0.4952
3157005,Salinas - MG,31,1.5,0.4907,0.5191,0.495,0.8666,0.0145,True,False,0.0,40054,0.65,0.4992,0.5271,0.4907,0.5191,0.4879,0.5164
3157104,Salto da Divisa - MG,31,1.5,0.3744,0.4151,0.3966,0.7043,0.0121,True,False,0.0,6110,0.5,0.3744,0.4151,0.3744,0.4151,0.3744,0.4151
3157203,Santa Bárbara - MG,31,1.5,0.4678,0.4982,0.5052,0.7936,0.0096,True,True,0.0,30189,0.47,0.4774,0.5073,0.4678,0.4982,0.4645,0.4951
3157252,Santa Bárbara do Leste - MG,31,1.5,0.3962,0.4329,0.4185,0.7634,0.0087,True,False,0.0,8441,0.44,0.3962,0.4329,0.3962,0.4329,0.3962,0.4329
3157278,Santa Bárbara do Monte Verde - MG,31,1.5,0.3687,0.4068,0.3895,0.7124,0.0103,True,False,0.0,3092,0.49,0.3687,0.4068,0.3687,0.4068,0.3687,0.4068
3157302,Santa Bárbara do Tugúrio - MG,31,1.5,0.3157,0.3623,0.3476,0.6111,0.004,True,False,0.0,4208,0.43,0.3157,0.3623,0.3157,0.3623,0.3157,0.3623
3157336,Santa Cruz de Minas - MG,31,1.5,0.3363,0.3804,0.3662,0.6565,0.0118,True,False,0.0,8104,0.39,0.3363,0.3804,0.3363,0.3804,0.3363,0.3804
3157377,Santa Cruz de Salinas - MG,31,1.5,0.3829,0.4272,0.4197,0.7515,0.0268,True,False,0.0,3905,0.49,0.3829,0.4272,0.3829,0.4272,0.3829,0.4272
3157401,Santa Cruz do Escalvado - MG,31,1.5,0.3949,0.4361,0.4471,0.7069,0.0213,True,True,0.0,4673,0.46,0.3949,0.4361,0.3949,0.4361,0.3949,0.4361
3157500,Santa Efigênia de Minas - MG,31,1.5,0.3841,0.4233,0.4309,0.7351,0.0144,True,True,0.0,4038,0.47,0.3841,0.4233,0.3841,0.4233,0.3841,0.4233
3157609,Santa Fé de Minas - MG,31,1.5,0.3781,0.4217,0.3929,0.7025,0.0187,True,False,0.0,3519,0.53,0.3781,0.4217,0.3781,0.4217,0.3781,0.4217
3157658,Santa Helena de Minas - MG,31,1.5,0.4512,0.4934,0.4882,0.9125,0.0178,True,False,0.0,5937,0.48,0.4512,0.4934,0.4512,0.4934,0.4512,0.4934
3157708,Santa Juliana - MG,31,1.5,0.3913,0.4284,0.3768,0.6818,0.0082,True,False,0.0,15660,0.43,0.4164,0.452,0.3913,0.4284,0.3825,0.4201
3157807,Santa Luzia - MG,31,1.5,0.4253,0.4579,0.4497,0.7843,0.0044,True,False,0.0,218576,0.43,0.4298,0.4622,0.4253,0.4579,0.4237,0.4565
3157906,Santa Margarida - MG,31,1.5,0.4137,0.4496,0.4427,0.7739,0.0108,True,False,0.0,16358,0.61,0.4137,0.4496,0.4137,0.4496,0.4137,0.4496
3158003,Santa Maria de Itabira - MG,31,1.5,0.3967,0.4325,0.4047,0.7378,0.0135,True,False,0.0,10439,0.45,0.3967,0.4325,0.3967,0.4325,0.3967,0.4325
3158102,Santa Maria do Salto - MG,31,1.5,0.3816,0.4234,0.4277,0.752,0.0243,True,True,0.0,4742,0.44,0.3816,0.4234,0.3816,0.4234,0.3816,0.4234
3158201,Santa Maria do Suaçuí - MG,31,1.5,0.4385,0.4728,0.4394,0.7831,0.0109,True,False,0.0,12659,0.54,0.4662,0.4988,0.4385,0.4728,0.4286,0.4635
3158300,Santana da Vargem - MG,31,1.5,0.3988,0.4378,0.3864,0.6826,0.0089,True,False,0.0,6678,0.4,0.4337,0.4706,0.3988,0.4378,0.3861,0.426
3158409,Santana de Cataguases - MG,31,1.5,0.3053,0.3534,0.3461,0.6111,0.0104,True,False,0.0,3481,0.41,0.3053,0.3534,0.3053,0.3534,0.3053,0.3534
3158508,Santana de Pirapama - MG,31,1.5,0.3963,0.4346,0.4281,0.7448,0.0099,True,False,0.0,7004,0.42,0.3963,0.4346,0.3963,0.4346,0.3963,0.4346
3158607,Santana do Deserto - MG,31,1.5,0.389,0.4262,0.4034,0.7195,0.0147,True,False,0.0,3739,0.44,0.389,0.4262,0.389,0.4262,0.389,0.4262
3158706,Santana do Garambéu - MG,31,1.5,0.3921,0.4312,0.4074,0.7291,0.0183,True,False,0.0,2131,0.54,0.3921,0.4312,0.3921,0.4312,0.3921,0.4312
3158805,Santana do Jacaré - MG,31,1.5,0.3229,0.3695,0.3409,0.6139,0.0279,True,False,0.0,4185,0.42,0.3229,0.3695,0.3229,0.3695,0.3229,0.3695
3158904,Santana do Manhuaçu - MG,31,1.5,0.4632,0.4969,0.5217,0.8436,0.0132,True,True,0.0,8975,0.5,0.4632,0.4969,0.4632,0.4969,0.4632,0.4969
3158953,Santana do Paraíso - MG,31,1.5,0.4106,0.4431,0.448,0.7698,0.0022,True,True,0.0,44766,0.42,0.4106,0.4431,0.4106,0.4431,0.4106,0.4431
3159001,Santana do Riacho - MG,31,1.5,0.4333,0.4719,0.3885,0.6983,0.0233,True,False,0.0,5308,0.5,0.48,0.5156,0.4333,0.4719,0.4158,0.4556
3159100,Santana dos Montes - MG,31,1.5,0.3789,0.4198,0.4058,0.7336,0.0198,True,False,0.0,3463,0.4,0.3789,0.4198,0.3789,0.4198,0.3789,0.4198
3159209,Santa Rita de Caldas - MG,31,1.5,0.3825,0.4171,0.3929,0.7072,0.0162,True,False,0.0,8415,0.43,0.3825,0.4171,0.3825,0.4171,0.3825,0.4171
3159308,Santa Rita de Jacutinga - MG,31,1.5,0.4013,0.4364,0.4112,0.7282,0.0165,True,False,0.0,4739,0.47,0.4013,0.4364,0.4013,0.4364,0.4013,0.4364
3159357,Santa Rita de Minas - MG,31,1.5,0.385,0.4251,0.4098,0.7267,0.0161,True,False,0.0,6751,0.44,0.385,0.4251,0.385,0.4251,0.385,0.4251
3159407,Santa Rita de Ibitipoca - MG,31,1.5,0.4371,0.4724,0.4606,0.791,0.0172,True,False,0.0,3289,0.51,0.4371,0.4724,0.4371,0.4724,0.4371,0.4724
3159506,Santa Rita do Itueto - MG,31,1.5,0.3815,0.4195,0.3999,0.7127,0.0129,True,False,0.0,5825,0.44,0.3815,0.4195,0.3815,0.4195,0.3815,0.4195
3159605,Santa Rita do Sapucaí - MG,31,1.5,0.4381,0.4668,0.4378,0.7918,0.0086,True,False,0.0,40445,0.48,0.453,0.481,0.4381,0.4668,0.433,0.462
3159704,Santa Rosa da Serra - MG,31,1.5,0.3853,0.4232,0.403,0.7316,0.0166,True,False,0.0,3370,0.46,0.3853,0.4232,0.3853,0.4232,0.3853,0.4232
3159803,Santa Vitória - MG,31,1.5,0.4182,0.4524,0.419,0.7553,0.0112,True,False,0.0,20868,0.46,0.4337,0.467,0.4182,0.4524,0.4128,0.4474
3159902,Santo Antônio do Amparo - MG,31,1.5,0.3556,0.3979,0.3718,0.6644,0.0133,True,False,0.0,17227,0.43,0.3556,0.3979,0.3556,0.3979,0.3556,0.3979
3160009,Santo Antônio do Aventureiro - MG,31,1.5,0.3141,0.3599,0.3427,0.6191,0.0114,True,False,0.0,3769,0.42,0.3141,0.3599,0.3141,0.3599,0.3141,0.3599
3160108,Santo Antônio do Grama - MG,31,1.5,0.3559,0.3968,0.3717,0.6752,0.0132,True,False,0.0,4229,0.41,0.3559,0.3968,0.3559,0.3968,0.3559,0.3968
3160207,Santo Antônio do Itambé - MG,31,1.5,0.4578,0.4938,0.4873,0.8597,0.0066,True,False,0.0,3892,0.48,0.4578,0.4938,0.4578,0.4938,0.4578,0.4938
3160306,Santo Antônio do Jacinto - MG,31,1.5,0.3857,0.4307,0.4075,0.6848,0.0255,True,False,0.0,10321,0.53,0.4212,0.4637,0.3857,0.4307,0.3729,0.4188
3160405,Santo Antônio do Monte - MG,31,1.5,0.4204,0.4549,0.4503,0.74,0.0106,True,False,0.0,27254,0.49,0.4356,0.4691,0.4204,0.4549,0.4152,0.4499
3160454,Santo Antônio do Retiro - MG,31,1.5,0.372,0.4159,0.3929,0.7161,0.016,True,False,0.0,6629,0.58,0.372,0.4159,0.372,0.4159,0.372,0.4159
3160504,Santo Antônio do Rio Abaixo - MG,31,1.5,0.4886,0.514,0.4798,0.9095,0.021,True,False,0.0,1807,0.53,0.4886,0.514,0.4886,0.514,0.4886,0.514
3160603,Santo Hipólito - MG,31,1.5,0.4249,0.4592,0.4189,0.7561,0.0208,True,False,0.0,2703,0.54,0.4249,0.4592,0.4249,0.4592,0.4249,0.4592
3160702,Santos Dumont - MG,31,1.5,0.454,0.4843,0.5015,0.8213,0.0048,True,True,0.0,42373,0.5,0.454,0.4843,0.454,0.4843,0.454,0.4843
3160801,São Bento Abade - MG,31,1.5,0.3466,0.391,0.3651,0.6418,0.0193,True,False,0.0,4711,0.42,0.3466,0.391,0.3466,0.391,0.3466,0.391
3160900,São Brás do Suaçuí - MG,31,1.5,0.4084,0.4429,0.4234,0.7703,0.0129,True,False,0.0,3979,0.43,0.4084,0.4429,0.4084,0.4429,0.4084,0.4429
3160959,São Domingos das Dores - MG,31,1.5,0.4733,0.5039,0.4367,0.7625,0.0089,True,False,0.0,5607,0.47,0.5282,0.5557,0.4733,0.5039,0.4521,0.4838
3161007,São Domingos do Prata - MG,31,1.5,0.4385,0.471,0.4856,0.7826,0.0144,True,True,0.0,17288,0.49,0.4385,0.471,0.4385,0.471,0.4385,0.471
3161056,São Félix de Minas - MG,31,1.5,0.3767,0.4189,0.3778,0.6764,0.0207,True,False,0.0,3199,0.47,0.3767,0.4189,0.3767,0.4189,0.3767,0.4189
3161106,São Francisco - MG,31,1.5,0.4557,0.4901,0.465,0.8425,0.0046,True,False,0.0,52575,0.55,0.4652,0.4989,0.4557,0.4901,0.4525,0.4871
3161205,São Francisco de Paula - MG,31,1.5,0.3523,0.3974,0.3617,0.6546,0.0157,True,False,0.0,6187,0.39,0.3523,0.3974,0.3523,0.3974,0.3523,0.3974
3161304,São Francisco de Sales - MG,31,1.5,0.3833,0.4203,0.3848,0.7031,0.0122,True,False,0.0,5726,0.5,0.3955,0.4318,0.3833,0.4203,0.3792,0.4164
3161403,São Francisco do Glória - MG,31,1.5,0.4464,0.4792,0.4293,0.7818,0.0177,True,False,0.0,4798,0.47,0.4834,0.514,0.4464,0.4792,0.4329,0.4664
3161502,São Geraldo - MG,31,1.5,0.3452,0.3885,0.3758,0.6523,0.0096,True,False,0.0,10256,0.41,0.3452,0.3885,0.3452,0.3885,0.3452,0.3885
3161601,São Geraldo da Piedade - MG,31,1.5,0.3424,0.3863,0.3849,0.6597,0.0081,True,False,0.0,3293,0.55,0.3424,0.3863,0.3424,0.3863,0.3424,0.3863
3161650,São Geraldo do Baixio - MG,31,1.5,0.3755,0.416,0.4181,0.739,0.0183,True,True,0.0,3143,0.48,0.3755,0.416,0.3755,0.416,0.3755,0.416
3161700,São Gonçalo do Abaeté - MG,31,1.5,0.4472,0.4803,0.4363,0.7584,0.0137,True,False,0.0,7341,0.47,0.4692,0.501,0.4472,0.4803,0.4394,0.473
3161809,São Gonçalo do Pará - MG,31,1.5,0.384,0.4237,0.3921,0.6981,0.0108,True,False,0.0,11721,0.4,0.4026,0.4412,0.384,0.4237,0.3775,0.4177
3161908,São Gonçalo do Rio Abaixo - MG,31,1.5,0.3977,0.4335,0.4244,0.752,0.01,True,False,0.0,11718,0.49,0.3977,0.4335,0.3977,0.4335,0.3977,0.4335
3162005,São Gonçalo do Sapucaí - MG,31,1.5,0.4265,0.4608,0.4193,0.7544,0.0144,True,False,0.0,23919,0.52,0.4555,0.4882,0.4265,0.4608,0.4161,0.451
3162104,São Gotardo - MG,31,1.5,0.4021,0.4373,0.4126,0.732,0.0084,True,False,0.0,40699,0.51,0.4094,0.4442,0.4021,0.4373,0.3996,0.4349
3162203,São João Batista do Glória - MG,31,1.5,0.3692,0.4078,0.3933,0.698,0.0049,True,False,0.0,7615,0.45,0.3692,0.4078,0.3692,0.4078,0.3692,0.4078
3162252,São João da Lagoa - MG,31,1.5,0.4139,0.449,0.4301,0.7665,0.0124,True,False,0.0,4822,0.48,0.4139,0.449,0.4139,0.449,0.4139,0.449
3162302,São João da Mata - MG,31,1.5,0.3859,0.4244,0.4391,0.7051,0.0107,True,True,0.0,2914,0.41,0.3859,0.4244,0.3859,0.4244,0.3859,0.4244
3162401,São João da Ponte - MG,31,1.5,0.3994,0.4386,0.4228,0.7786,0.0125,True,False,0.0,23803,0.48,0.3994,0.4386,0.3994,0.4386,0.3994,0.4386
3162450,São João das Missões - MG,31,1.5,0.3724,0.4158,0.3989,0.7178,0.0068,True,False,0.0,13024,0.51,0.3724,0.4158,0.3724,0.4158,0.3724,0.4158
3162500,São João del Rei - MG,31,1.5,0.4435,0.4723,0.4505,0.8118,0.0093,True,False,0.0,89445,0.52,0.4481,0.4766,0.4435,0.4723,0.4419,0.4708
3162559,São João do Manhuaçu - MG,31,1.5,0.395,0.4345,0.4084,0.7323,0.0145,True,False,0.0,11238,0.57,0.395,0.4345,0.395,0.4345,0.395,0.4345
3162575,São João do Manteninha - MG,31,1.5,0.346,0.3897,0.3726,0.6587,0.0198,True,False,0.0,5281,0.42,0.346,0.3897,0.346,0.3897,0.346,0.3897
3162609,São João do Oriente - MG,31,1.5,0.3591,0.4012,0.38,0.6785,0.0129,True,False,0.0,7062,0.44,0.3591,0.4012,0.3591,0.4012,0.3591,0.4012
3162658,São João do Pacuí - MG,31,1.5,0.3742,0.4155,0.3998,0.6979,0.0059,True,False,0.0,3973,0.64,0.3742,0.4155,0.3742,0.4155,0.3742,0.4155
3162708,São João do Paraíso - MG,31,1.5,0.3252,0.3733,0.368,0.6425,0.0195,True,False,0.0,23911,0.44,0.3252,0.3733,0.3252,0.3733,0.3252,0.3733
3162807,São João Evangelista - MG,31,1.5,0.4843,0.5132,0.4798,0.8317,0.0175,True,False,0.0,15164,0.52,0.4958,0.5241,0.4843,0.5132,0.4803,0.5095
3162906,São João Nepomuceno - MG,31,1.5,0.4233,0.457,0.4295,0.7696,0.0119,True,False,0.0,25449,0.42,0.4233,0.457,0.4233,0.457,0.4233,0.457
3162922,São Joaquim de Bicas - MG,31,1.5,0.3687,0.4083,0.4069,0.7318,0.0094,True,False,0.0,31255,0.44,0.3687,0.4083,0.3687,0.4083,0.3687,0.4083
3162948,São José da Barra - MG,31,1.5,0.4238,0.4561,0.4359,0.7936,0.0116,True,False,0.0,7783,0.5,0.4238,0.4561,0.4238,0.4561,0.4238,0.4561
3162955,São José da Lapa - MG,31,1.5,0.4025,0.4413,0.4171,0.7129,0.0127,True,False,0.0,26042,0.42,0.4293,0.4664,0.4025,0.4413,0.3929,0.4323
3163003,São José da Safira - MG,31,1.5,0.3735,0.4143,0.4033,0.6906,0.0107,True,False,0.0,3805,0.47,0.3735,0.4143,0.3735,0.4143,0.3735,0.4143
3163102,São José da Varginha - MG,31,1.5,0.3611,0.4018,0.375,0.6784,0.0078,True,False,0.0,4532,0.47,0.3611,0.4018,0.3611,0.4018,0.3611,0.4018
3163201,São José do Alegre - MG,31,1.5,0.5333,0.5583,0.6386,0.8353,0.0119,True,True,0.0,4121,0.47,0.5333,0.5583,0.5333,0.5583,0.5333,0.5583
3163300,São José do Divino - MG,31,1.5,0.3737,0.4129,0.3807,0.6846,0.0223,True,False,0.0,3466,0.56,0.3737,0.4129,0.3737,0.4129,0.3737,0.4129
3163409,São José do Goiabal - MG,31,1.5,0.3344,0.3793,0.3574,0.6493,0.018,True,False,0.0,5386,0.52,0.3344,0.3793,0.3344,0.3793,0.3344,0.3793
3163508,São José do Jacuri - MG,31,1.5,0.4308,0.4678,0.4587,0.8091,0.0125,True,False,0.0,6189,0.49,0.4308,0.4678,0.4308,0.4678,0.4308,0.4678
3163607,São José do Mantimento - MG,31,1.5,0.3096,0.3578,0.3385,0.5946,0.0145,True,False,0.0,2754,0.48,0.3096,0.3578,0.3096,0.3578,0.3096,0.3578
3163706,São Lourenço - MG,31,1.5,0.4597,0.4866,0.4635,0.8478,0.0063,True,False,0.0,44368,0.51,0.4719,0.4982,0.4597,0.4866,0.4554,0.4826
3163805,São Miguel do Anta - MG,31,1.5,0.4135,0.4472,0.4391,0.7773,0.0117,True,False,0.0,6334,0.44,0.4135,0.4472,0.4135,0.4472,0.4135,0.4472
3163904,São Pedro da União - MG,31,1.5,0.3832,0.4207,0.3927,0.7172,0.0079,True,False,0.0,4885,0.45,0.3832,0.4207,0.3832,0.4207,0.3832,0.4207
3164001,São Pedro dos Ferros - MG,31,1.5,0.3699,0.4086,0.387,0.7051,0.0099,True,False,0.0,7137,0.43,0.3699,0.4086,0.3699,0.4086,0.3699,0.4086
3164100,São Pedro do Suaçuí - MG,31,1.5,0.3897,0.4277,0.405,0.7457,0.0132,True,False,0.0,5095,0.48,0.3897,0.4277,0.3897,0.4277,0.3897,0.4277
3164209,São Romão - MG,31,1.5,0.4234,0.4627,0.4435,0.7994,0.0101,True,False,0.0,10295,0.53,0.4234,0.4627,0.4234,0.4627,0.4234,0.4627
3164308,São Roque de Minas - MG,31,1.5,0.4491,0.4764,0.4264,0.7887,0.0182,True,False,0.0,7068,0.45,0.4602,0.4871,0.4491,0.4764,0.4452,0.4728
3164407,São Sebastião da Bela Vista - MG,31,1.5,0.3994,0.4352,0.3978,0.711,0.0104,True,False,0.0,6344,0.43,0.4151,0.45,0.3994,0.4352,0.394,0.4302
3164431,São Sebastião da Vargem Alegre - MG,31,1.5,0.4102,0.4467,0.4408,0.7631,0.0149,True,False,0.0,3111,0.42,0.4102,0.4467,0.4102,0.4467,0.4102,0.4467
3164472,São Sebastião do Anta - MG,31,1.5,0.3283,0.3747,0.3569,0.6462,0.0128,True,False,0.0,6191,0.44,0.3283,0.3747,0.3283,0.3747,0.3283,0.3747
3164506,São Sebastião do Maranhão - MG,31,1.5,0.4181,0.4573,0.4592,0.8187,0.0158,True,True,0.0,10044,0.54,0.4181,0.4573,0.4181,0.4573,0.4181,0.4573
3164605,São Sebastião do Oeste - MG,31,1.5,0.3123,0.3587,0.3355,0.6057,0.0077,True,False,0.0,8797,0.39,0.3123,0.3587,0.3123,0.3587,0.3123,0.3587
3164704,São Sebastião do Paraíso - MG,31,1.5,0.4437,0.4757,0.4366,0.7799,0.0133,True,False,0.0,71369,0.47,0.4697,0.5001,0.4437,0.4757,0.4345,0.467
3164803,São Sebastião do Rio Preto - MG,31,1.5,0.3688,0.4073,0.4025,0.7312,0.0136,True,False,0.0,1260,0.5,0.3688,0.4073,0.3688,0.4073,0.3688,0.4073
3164902,São Sebastião do Rio Verde - MG,31,1.5,0.3652,0.4067,0.3851,0.7006,0.0141,True,False,0.0,2275,0.42,0.3652,0.4067,0.3652,0.4067,0.3652,0.4067
3165008,São Tiago - MG,31,1.5,0.3899,0.4264,0.3981,0.7212,0.0143,True,False,0.0,11170,0.44,0.3899,0.4264,0.3899,0.4264,0.3899,0.4264
3165107,São Tomás de Aquino - MG,31,1.5,0.3378,0.3828,0.3565,0.6413,0.0143,True,False,0.0,6739,0.43,0.3378,0.3828,0.3378,0.3828,0.3378,0.3828
3165206,São Tomé das Letras - MG,31,1.5,0.43,0.464,0.4169,0.7548,0.0134,True,False,0.0,6805,0.4,0.4601,0.4924,0.43,0.464,0.4193,0.4539
3165305,São Vicente de Minas - MG,31,1.5,0.4325,0.4666,0.4287,0.753,0.0244,True,False,0.0,6728,0.53,0.4325,0.4666,0.4325,0.4666,0.4325,0.4666
3165404,Sapucaí-Mirim - MG,31,1.5,0.3796,0.4175,0.3928,0.712,0.0085,True,False,0.0,6300,0.44,0.3796,0.4175,0.3796,0.4175,0.3796,0.4175
3165503,Sardoá - MG,31,1.5,0.4336,0.4706,0.4229,0.7199,0.0073,True,False,0.0,5091,0.5,0.4773,0.5115,0.4336,0.4706,0.4173,0.4554
3165537,Sarzedo - MG,31,1.5,0.4118,0.4427,0.4471,0.8009,0.0069,True,True,0.0,36844,0.46,0.4118,0.4427,0.4118,0.4427,0.4118,0.4427
3165552,Setubinha - MG,31,1.5,0.405,0.4433,0.4261,0.7677,0.0079,True,False,0.0,9915,0.55,0.405,0.4433,0.405,0.4433,0.405,0.4433
3165560,Sem-Peixe - MG,31,1.5,0.3175,0.3701,0.3666,0.642,0.0408,True,False,0.0,2433,0.44,0.3175,0.3701,0.3175,0.3701,0.3175,0.3701
3165578,Senador Amaral - MG,31,1.5,0.3122,0.3591,0.3425,0.6062,0.0098,True,False,0.0,6194,0.45,0.3122,0.3591,0.3122,0.3591,0.3122,0.3591
3165602,Senador Cortes - MG,31,1.5,0.3556,0.3992,0.3632,0.6677,0.0157,True,False,0.0,2240,0.58,0.3556,0.3992,0.3556,0.3992,0.3556,0.3992
3165701,Senador Firmino - MG,31,1.5,0.384,0.4243,0.3825,0.6889,0.0169,True,False,0.0,7663,0.43,0.3986,0.4379,0.384,0.4243,0.379,0.4196
3165800,Senador José Bento - MG,31,1.5,0.3077,0.3537,0.3329,0.5969,0.0188,True,False,0.0,2068,0.4,0.3077,0.3537,0.3077,0.3537,0.3077,0.3537
3165909,Senador Modestino Gonçalves - MG,31,1.5,0.3526,0.3974,0.3978,0.6801,0.0233,True,True,0.0,3995,0.43,0.3526,0.3974,0.3526,0.3974,0.3526,0.3974
3166006,Senhora de Oliveira - MG,31,1.5,0.4085,0.446,0.4422,0.7748,0.0074,True,False,0.0,5473,0.45,0.4085,0.446,0.4085,0.446,0.4085,0.446
3166105,Senhora do Porto - MG,31,1.5,0.3716,0.4109,0.4009,0.7192,0.0076,True,False,0.0,3052,0.47,0.3716,0.4109,0.3716,0.4109,0.3716,0.4109
3166204,Senhora dos Remédios - MG,31,1.5,0.38,0.4202,0.4055,0.706,0.0143,True,False,0.0,10379,0.43,0.38,0.4202,0.38,0.4202,0.38,0.4202
3166303,Sericita - MG,31,1.5,0.3963,0.4372,0.3984,0.7028,0.0143,True,False,0.0,7343,0.45,0.4308,0.4693,0.3963,0.4372,0.3839,0.4256
3166402,Seritinga - MG,31,1.5,0.5146,0.5448,0.4375,0.7754,0.0224,True,False,0.0,1816,0.42,0.5805,0.607,0.5146,0.5448,0.4878,0.5195
3166501,Serra Azul de Minas - MG,31,1.5,0.3752,0.419,0.4287,0.7136,0.0286,True,True,0.0,3793,0.54,0.3752,0.419,0.3752,0.419,0.3752,0.419
3166600,Serra da Saudade - MG,31,1.5,0.3121,0.364,0.2993,0.5238,0.0079,True,False,0.0,818,0.38,0.3521,0.4011,0.3121,0.364,0.2976,0.3506
3166709,Serra dos Aimorés - MG,31,1.5,0.4393,0.4716,0.468,0.8478,0.0065,True,False,0.0,6931,0.56,0.4393,0.4716,0.4393,0.4716,0.4393,0.4716
3166808,Serra do Salitre - MG,31,1.5,0.4009,0.4382,0.3975,0.7173,0.0132,True,False,0.0,11785,0.53,0.4009,0.4382,0.4009,0.4382,0.4009,0.4382
3166907,Serrania - MG,31,1.5,0.3392,0.3834,0.368,0.6526,0.0134,True,False,0.0,7592,0.44,0.3392,0.3834,0.3392,0.3834,0.3392,0.3834
3166956,Serranópolis de Minas - MG,31,1.5,0.3741,0.4168,0.4102,0.7481,0.021,True,False,0.0,4398,0.54,0.3741,0.4168,0.3741,0.4168,0.3741,0.4168
3167004,Serranos - MG,31,1.5,0.3741,0.415,0.3706,0.6647,0.0286,True,False,0.0,1982,0.5,0.3741,0.415,0.3741,0.415,0.3741,0.415
3167103,Serro - MG,31,1.5,0.4926,0.522,0.5461,0.8966,0.0125,True,True,0.0,21735,0.65,0.4926,0.522,0.4926,0.522,0.4926,0.522
3167202,Sete Lagoas - MG,31,1.5,0.4529,0.4817,0.4502,0.8107,0.008,True,False,0.0,226528,0.53,0.4735,0.5012,0.4529,0.4817,0.4457,0.4748
3167301,Silveirânia - MG,31,1.5,0.3813,0.4195,0.3973,0.7157,0.0135,True,False,0.0,2306,0.4,0.3813,0.4195,0.3813,0.4195,0.3813,0.4195
3167400,Silvianópolis - MG,31,1.5,0.4683,0.4968,0.4599,0.8195,0.0138,True,False,0.0,6134,0.47,0.48,0.5078,0.4683,0.4968,0.4643,0.4929
3167509,Simão Pereira - MG,31,1.5,0.4594,0.4887,0.4541,0.8278,0.0119,True,False,0.0,2947,0.5,0.4594,0.4887,0.4594,0.4887,0.4594,0.4887
3167608,Simonésia - MG,31,1.5,0.4122,0.449,0.4398,0.7641,0.013,True,False,0.0,19674,0.5,0.4122,0.449,0.4122,0.449,0.4122,0.449
3167707,Sobrália - MG,31,1.5,0.3731,0.4126,0.3842,0.6903,0.0153,True,False,0.0,5137,0.47,0.3731,0.4126,0.3731,0.4126,0.3731,0.4126
3167806,Soledade de Minas - MG,31,1.5,0.3832,0.4214,0.3984,0.6985,0.0072,True,False,0.0,5608,0.46,0.3832,0.4214,0.3832,0.4214,0.3832,0.4214
3167905,Tabuleiro - MG,31,1.5,0.4702,0.5021,0.4489,0.7548,0.0115,True,False,0.0,4011,0.45,0.5217,0.5507,0.4702,0.5021,0.4504,0.4835
3168002,Taiobeiras - MG,31,1.5,0.4358,0.4697,0.4464,0.794,0.0133,True,False,0.0,32879,0.51,0.4358,0.4697,0.4358,0.4697,0.4358,0.4697
3168051,Taparuba - MG,31,1.5,0.4552,0.4943,0.3975,0.6796,0.018,True,False,0.0,3388,0.39,0.5348,0.5685,0.4552,0.4943,0.4222,0.4635
3168101,Tapira - MG,31,1.5,0.4224,0.4559,0.4435,0.7749,0.0151,True,False,0.0,4118,0.54,0.4224,0.4559,0.4224,0.4559,0.4224,0.4559
3168200,Tapiraí - MG,31,1.5,0.3642,0.4069,0.3741,0.658,0.0107,True,False,0.0,1690,0.45,0.3642,0.4069,0.3642,0.4069,0.3642,0.4069
3168309,Taquaraçu de Minas - MG,31,1.5,0.4351,0.4683,0.4385,0.7674,0.0178,True,False,0.0,4219,0.45,0.4351,0.4683,0.4351,0.4683,0.4351,0.4683
3168408,Tarumirim - MG,31,1.5,0.406,0.4432,0.4536,0.7361,0.0138,True,True,0.0,14600,0.47,0.406,0.4432,0.406,0.4432,0.406,0.4432
3168507,Teixeiras - MG,31,1.5,0.3946,0.4319,0.4007,0.705,0.0154,True,False,0.0,12206,0.55,0.3946,0.4319,0.3946,0.4319,0.3946,0.4319
3168606,Teófilo Otoni - MG,31,1.5,0.5067,0.5318,0.5061,0.8999,0.0119,True,False,0.0,136067,0.57,0.5196,0.544,0.5067,0.5318,0.5023,0.5275
3168705,Timóteo - MG,31,1.5,0.4311,0.4605,0.4585,0.8252,0.0055,True,False,0.0,81406,0.48,0.4343,0.4634,0.4311,0.4605,0.4301,0.4595
3168804,Tiradentes - MG,31,1.5,0.5183,0.5418,0.484,0.8793,0.0134,True,False,0.0,7649,0.57,0.5576,0.5793,0.5183,0.5418,0.5036,0.5278
3168903,Tiros - MG,31,1.5,0.3869,0.4219,0.4003,0.7155,0.0094,True,False,0.0,7838,0.52,0.3869,0.4219,0.3869,0.4219,0.3869,0.4219
3169000,Tocantins - MG,31,1.5,0.3879,0.4239,0.4128,0.7366,0.0082,True,False,0.0,16112,0.42,0.3879,0.4239,0.3879,0.4239,0.3879,0.4239
3169059,Tocos do Moji - MG,31,1.5,0.3346,0.3819,0.3666,0.6566,0.0167,True,False,0.0,3822,0.41,0.3346,0.3819,0.3346,0.3819,0.3346,0.3819
3169109,Toledo - MG,31,1.5,0.3847,0.4236,0.4312,0.6844,0.013,True,True,0.0,7158,0.4,0.3847,0.4236,0.3847,0.4236,0.3847,0.4236
3169208,Tombos - MG,31,1.5,0.5007,0.5288,0.4543,0.82,0.0212,True,False,0.0,8568,0.52,0.5423,0.5682,0.5007,0.5288,0.485,0.514
3169307,Três Corações - MG,31,1.5,0.4525,0.4814,0.4711,0.8279,0.004,True,False,0.0,74296,0.56,0.4599,0.4884,0.4525,0.4814,0.45,0.479
3169356,Três Marias - MG,31,1.5,0.423,0.4558,0.4462,0.7565,0.0062,True,False,0.0,28789,0.52,0.423,0.4558,0.423,0.4558,0.423,0.4558
3169406,Três Pontas - MG,31,1.5,0.4741,0.5039,0.4629,0.8033,0.0102,True,False,0.0,55068,0.51,0.5057,0.5339,0.4741,0.5039,0.4626,0.4931
3169505,Tumiritinga - MG,31,1.5,0.356,0.3988,0.4099,0.6659,0.0126,True,True,0.0,5885,0.45,0.356,0.3988,0.356,0.3988,0.356,0.3988
3169604,Tupaciguara - MG,31,1.5,0.4014,0.4348,0.4296,0.7732,0.0033,True,False,0.0,25244,0.49,0.4014,0.4348,0.4014,0.4348,0.4014,0.4348
3169703,Turmalina - MG,31,1.5,0.4238,0.4578,0.4434,0.8157,0.0156,True,False,0.0,19907,0.5,0.4238,0.4578,0.4238,0.4578,0.4238,0.4578
3169802,Turvolândia - MG,31,1.5,0.4189,0.4534,0.414,0.7478,0.0073,True,False,0.0,4892,0.49,0.4404,0.4736,0.4189,0.4534,0.4114,0.4463
3169901,Ubá - MG,31,1.5,0.4437,0.4763,0.4575,0.7644,0.0119,True,False,0.0,102946,0.5,0.4592,0.4909,0.4437,0.4763,0.4383,0.4712
3170008,Ubaí - MG,31,1.5,0.4915,0.5259,0.4653,0.8618,0.012,True,False,0.0,11677,0.49,0.5279,0.5599,0.4915,0.5259,0.478,0.5134
3170057,Ubaporanga - MG,31,1.5,0.3344,0.3784,0.3665,0.6563,0.0091,True,False,0.0,13016,0.41,0.3344,0.3784,0.3344,0.3784,0.3344,0.3784
3170107,Uberaba - MG,31,1.5,0.4695,0.4951,0.4742,0.8528,0.0064,True,False,0.0,335566,0.5,0.4871,0.5118,0.4695,0.4951,0.4634,0.4893
3170206,Uberlândia - MG,31,1.5,0.5021,0.5256,0.4927,0.8647,0.0093,True,False,0.0,711270,0.5,0.537,0.5591,0.5021,0.5256,0.4893,0.5134
3170305,Umburatiba - MG,31,1.5,0.3752,0.4173,0.3879,0.693,0.0137,True,False,0.0,2681,0.49,0.3752,0.4173,0.3752,0.4173,0.3752,0.4173
3170404,Unaí - MG,31,1.5,0.4645,0.4914,0.4676,0.8407,0.0078,True,False,0.0,85600,0.54,0.4758,0.5021,0.4645,0.4914,0.4606,0.4877
3170438,União de Minas - MG,31,1.5,0.3495,0.3905,0.3749,0.6753,0.0041,True,False,0.0,3820,0.48,0.3495,0.3905,0.3495,0.3905,0.3495,0.3905
3170479,Uruana de Minas - MG,31,1.5,0.3842,0.4261,0.4053,0.6948,0.0265,True,False,0.0,3282,0.51,0.3842,0.4261,0.3842,0.4261,0.3842,0.4261
3170503,Urucânia - MG,31,1.5,0.3573,0.4,0.386,0.6587,0.0148,True,False,0.0,10575,0.41,0.3776,0.419,0.3573,0.4,0.3503,0.3934
3170529,Urucuia - MG,31,1.5,0.3718,0.4153,0.3695,0.6559,0.0102,True,False,0.0,17435,0.47,0.3961,0.4379,0.3718,0.4153,0.3633,0.4073
3170578,Vargem Alegre - MG,31,1.5,0.3513,0.393,0.3739,0.6589,0.0069,True,False,0.0,5780,0.49,0.3513,0.393,0.3513,0.393,0.3513,0.393
3170602,Vargem Bonita - MG,31,1.5,0.4433,0.4765,0.3902,0.7126,0.009,True,False,0.0,2159,0.38,0.5051,0.535,0.4433,0.4765,0.419,0.4536
3170651,Vargem Grande do Rio Pardo - MG,31,1.5,0.3481,0.3927,0.3887,0.682,0.0238,True,False,0.0,4632,0.45,0.3481,0.3927,0.3481,0.3927,0.3481,0.3927
3170701,Varginha - MG,31,1.5,0.4835,0.5094,0.4717,0.8485,0.0092,True,False,0.0,136027,0.51,0.5133,0.5379,0.4835,0.5094,0.4727,0.4991
3170750,Varjão de Minas - MG,31,1.5,0.3551,0.3968,0.3757,0.6804,0.0107,True,False,0.0,6970,0.39,0.3551,0.3968,0.3551,0.3968,0.3551,0.3968
3170800,Várzea da Palma - MG,31,1.5,0.4177,0.4528,0.4487,0.7658,0.0065,True,False,0.0,33467,0.46,0.4177,0.4528,0.4177,0.4528,0.4177,0.4528
3170909,Varzelândia - MG,31,1.5,0.4064,0.4462,0.4496,0.7924,0.0124,True,True,0.0,18833,0.51,0.4064,0.4462,0.4064,0.4462,0.4064,0.4462
3171006,Vazante - MG,31,1.5,0.4094,0.4441,0.4047,0.7144,0.0086,True,False,0.0,19904,0.44,0.4366,0.4697,0.4094,0.4441,0.3998,0.435
3171030,Verdelândia - MG,31,1.5,0.3934,0.4363,0.4173,0.7255,0.0188,True,False,0.0,7634,0.45,0.3934,0.4363,0.3934,0.4363,0.3934,0.4363
3171071,Veredinha - MG,31,1.5,0.3325,0.3781,0.3685,0.6641,0.0125,True,False,0.0,5182,0.43,0.3325,0.3781,0.3325,0.3781,0.3325,0.3781
3171105,Veríssimo - MG,31,1.5,0.4395,0.4709,0.4244,0.7838,0.008,True,False,0.0,3376,0.45,0.4654,0.4954,0.4395,0.4709,0.4303,0.4622
3171154,Vermelho Novo - MG,31,1.5,0.3418,0.3856,0.3766,0.678,0.0146,True,False,0.0,4896,0.52,0.3418,0.3856,0.3418,0.3856,0.3418,0.3856
3171204,Vespasiano - MG,31,1.5,0.423,0.4566,0.4457,0.7765,0.0055,True,False,0.0,128835,0.42,0.4361,0.4689,0.423,0.4566,0.4185,0.4524
3171303,Viçosa - MG,31,1.5,0.5464,0.5672,0.5219,0.9072,0.0163,True,False,0.0,76114,0.56,0.5828,0.6021,0.5464,0.5672,0.5328,0.5542
3171402,Vieiras - MG,31,1.5,0.3932,0.4324,0.4142,0.7496,0.0189,True,False,0.0,3691,0.42,0.3932,0.4324,0.3932,0.4324,0.3932,0.4324
3171501,Mathias Lobato - MG,31,1.5,0.3544,0.3986,0.3814,0.6867,0.0189,True,False,0.0,3027,0.54,0.3544,0.3986,0.3544,0.3986,0.3544,0.3986
3171600,Virgem da Lapa - MG,31,1.5,0.3917,0.4321,0.4246,0.7541,0.0252,True,False,0.0,11750,0.49,0.3917,0.4321,0.3917,0.4321,0.3917,0.4321
3171709,Virgínia - MG,31,1.5,0.3418,0.3888,0.3817,0.6729,0.0304,True,False,0.0,8850,0.47,0.3418,0.3888,0.3418,0.3888,0.3418,0.3888
3171808,Virginópolis - MG,31,1.5,0.4281,0.4633,0.4591,0.7726,0.012,True,False,0.0,10289,0.49,0.4281,0.4633,0.4281,0.4633,0.4281,0.4633
3171907,Virgolândia - MG,31,1.5,0.4087,0.4464,0.4408,0.7426,0.01,True,False,0.0,4534,0.51,0.4087,0.4464,0.4087,0.4464,0.4087,0.4464
3172004,Visconde do Rio Branco - MG,31,1.5,0.4512,0.4827,0.4391,0.7768,0.014,True,False,0.0,39082,0.49,0.464,0.4948,0.4512,0.4827,0.4468,0.4786
3172103,Volta Grande - MG,31,1.5,0.399,0.4354,0.4044,0.7439,0.0179,True,False,0.0,4440,0.51,0.399,0.4354,0.399,0.4354,0.399,0.4354
3172202,Wenceslau Braz - MG,31,1.5,0.3731,0.4116,0.3984,0.7013,0.0189,True,False,0.0,2341,0.44,0.3731,0.4116,0.3731,0.4116,0.3731,0.4116
3200102,Afonso Cláudio - ES,32,1.5,0.4224,0.4561,0.4573,0.7938,0.0068,True,True,0.0,30595,0.5,0.4224,0.4561,0.4224,0.4561,0.4224,0.4561
3200136,Águia Branca - ES,32,1.5,0.4711,0.5012,0.4985,0.8561,0.01,True,False,0.0,9707,0.53,0.4711,0.5012,0.4711,0.5012,0.4711,0.5012
3200169,Água Doce do Norte - ES,32,1.5,0.4268,0.4631,0.4492,0.7671,0.0121,True,False,0.0,12035,0.49,0.4514,0.4862,0.4268,0.4631,0.4181,0.455
3200201,Alegre - ES,32,1.5,0.5119,0.5368,0.5321,0.9131,0.0129,True,False,0.0,29121,0.52,0.5237,0.5481,0.5119,0.5368,0.5078,0.5329
3200300,Alfredo Chaves - ES,32,1.5,0.3844,0.4228,0.3818,0.6828,0.0115,True,False,0.0,13812,0.48,0.4117,0.4484,0.3844,0.4228,0.3747,0.4137
3200359,Alto Rio Novo - ES,32,1.5,0.4298,0.4626,0.4446,0.7804,0.0141,True,False,0.0,7434,0.52,0.4298,0.4626,0.4298,0.4626,0.4298,0.4626
3200409,Anchieta - ES,32,1.5,0.4235,0.4563,0.4602,0.8036,0.0059,True,True,0.0,29922,0.46,0.4235,0.4563,0.4235,0.4563,0.4235,0.4563
3200508,Apiacá - ES,32,1.5,0.4492,0.4806,0.4633,0.837,0.0181,True,False,0.0,7220,0.53,0.4492,0.4806,0.4492,0.4806,0.4492,0.4806
3200607,Aracruz - ES,32,1.5,0.4509,0.4796,0.4667,0.8344,0.005,True,False,0.0,94456,0.5,0.464,0.492,0.4509,0.4796,0.4464,0.4754
3200706,Atílio Vivácqua - ES,32,1.5,0.4059,0.4432,0.4152,0.7472,0.011,True,False,0.0,10528,0.44,0.4405,0.4757,0.4059,0.4432,0.3934,0.4315
3200805,Baixo Guandu - ES,32,1.5,0.4258,0.4583,0.4595,0.7883,0.0093,True,True,0.0,30606,0.48,0.4258,0.4583,0.4258,0.4583,0.4258,0.4583
3200904,Barra de São Francisco - ES,32,1.5,0.4281,0.4599,0.4377,0.805,0.0103,True,False,0.0,42256,0.5,0.4281,0.4599,0.4281,0.4599,0.4281,0.4599
3201001,Boa Esperança - ES,32,1.5,0.3751,0.4142,0.4003,0.7173,0.0197,True,False,0.0,13534,0.45,0.3751,0.4142,0.3751,0.4142,0.3751,0.4142
3201100,Bom Jesus do Norte - ES,32,1.5,0.3869,0.4261,0.4184,0.724,0.0103,True,False,0.0,10213,0.48,0.3869,0.4261,0.3869,0.4261,0.3869,0.4261
3201159,Brejetuba - ES,32,1.5,0.3957,0.4321,0.4289,0.7321,0.0054,True,False,0.0,12986,0.48,0.3957,0.4321,0.3957,0.4321,0.3957,0.4321
3201209,Cachoeiro de Itapemirim - ES,32,1.5,0.4461,0.4766,0.4624,0.8182,0.0079,True,False,0.0,184444,0.52,0.4585,0.4883,0.4461,0.4766,0.4418,0.4725
3201308,Cariacica - ES,32,1.5,0.4194,0.453,0.4477,0.7841,0.0064,True,False,0.0,351864,0.45,0.429,0.4621,0.4194,0.453,0.4161,0.4499
3201407,Castelo - ES,32,1.5,0.4327,0.4658,0.4246,0.7654,0.0134,True,False,0.0,36897,0.45,0.4507,0.4827,0.4327,0.4658,0.4265,0.4599
3201506,Colatina - ES,32,1.5,0.4512,0.4811,0.4546,0.8039,0.008,True,False,0.0,118797,0.51,0.4709,0.4997,0.4512,0.4811,0.4443,0.4746
3201605,Conceição da Barra - ES,32,1.5,0.4662,0.4958,0.481,0.837,0.0134,True,False,0.0,27177,0.5,0.4662,0.4958,0.4662,0.4958,0.4662,0.4958
3201704,Conceição do Castelo - ES,32,1.5,0.3942,0.4304,0.4178,0.7611,0.0144,True,False,0.0,11927,0.51,0.3942,0.4304,0.3942,0.4304,0.3942,0.4304
3201803,Divino de São Lourenço - ES,32,1.5,0.4425,0.4737,0.4644,0.8181,0.0082,True,False,0.0,5078,0.51,0.4425,0.4737,0.4425,0.4737,0.4425,0.4737
3201902,Domingos Martins - ES,32,1.5,0.3948,0.4293,0.4024,0.7308,0.0121,True,False,0.0,35401,0.48,0.3948,0.4293,0.3948,0.4293,0.3948,0.4293
3202009,Dores do Rio Preto - ES,32,1.5,0.4241,0.4577,0.4404,0.7974,0.0107,True,False,0.0,6592,0.49,0.4241,0.4577,0.4241,0.4577,0.4241,0.4577
3202108,Ecoporanga - ES,32,1.5,0.4311,0.4653,0.4732,0.8142,0.0164,True,True,0.0,21851,0.49,0.4311,0.4653,0.4311,0.4653,0.4311,0.4653
3202207,Fundão - ES,32,1.5,0.4514,0.4797,0.5033,0.8809,0.0104,True,True,0.0,17960,0.49,0.4514,0.4797,0.4514,0.4797,0.4514,0.4797
3202256,Governador Lindenberg - ES,32,1.5,0.4143,0.4473,0.4461,0.7522,0.0078,True,False,0.0,11009,0.45,0.4143,0.4473,0.4143,0.4473,0.4143,0.4473
3202306,Guaçuí - ES,32,1.5,0.474,0.5032,0.4516,0.819,0.0145,True,False,0.0,29249,0.52,0.5,0.5277,0.474,0.5032,0.4648,0.4945
3202405,Guarapari - ES,32,1.5,0.492,0.5162,0.4995,0.8809,0.0105,True,False,0.0,123542,0.58,0.4998,0.5236,0.492,0.5162,0.4894,0.5137
3202454,Ibatiba - ES,32,1.5,0.3841,0.4214,0.4229,0.7358,0.0094,True,True,0.0,25377,0.45,0.3841,0.4214,0.3841,0.4214,0.3841,0.4214
3202504,Ibiraçu - ES,32,1.5,0.4232,0.4539,0.4448,0.7802,0.0072,True,False,0.0,11723,0.56,0.4232,0.4539,0.4232,0.4539,0.4232,0.4539
3202553,Ibitirama - ES,32,1.5,0.4188,0.4532,0.4459,0.7893,0.0062,True,False,0.0,9520,0.47,0.4188,0.4532,0.4188,0.4532,0.4188,0.4532
3202603,Iconha - ES,32,1.5,0.3526,0.3925,0.3794,0.6848,0.0101,True,False,0.0,12312,0.45,0.3526,0.3925,0.3526,0.3925,0.3526,0.3925
3202652,Irupi - ES,32,1.5,0.3885,0.4243,0.4022,0.737,0.0066,True,False,0.0,13653,0.51,0.3885,0.4243,0.3885,0.4243,0.3885,0.4243
3202702,Itaguaçu - ES,32,1.5,0.3716,0.41,0.3964,0.7076,0.0115,True,False,0.0,13582,0.43,0.3716,0.41,0.3716,0.41,0.3716,0.41
3202801,Itapemirim - ES,32,1.5,0.4565,0.487,0.4873,0.8668,0.005,True,True,0.0,39808,0.44,0.4565,0.487,0.4565,0.487,0.4565,0.487
3202900,Itarana - ES,32,1.5,0.423,0.4569,0.4287,0.7654,0.009,True,False,0.0,10597,0.47,0.423,0.4569,0.423,0.4569,0.423,0.4569
3203007,Iúna - ES,32,1.5,0.4378,0.4697,0.4469,0.795,0.0085,True,False,0.0,28563,0.5,0.451,0.4821,0.4378,0.4697,0.4333,0.4654
3203056,Jaguaré - ES,32,1.5,0.471,0.5004,0.4836,0.8516,0.0057,True,False,0.0,28923,0.56,0.4937,0.5219,0.471,0.5004,0.463,0.4928
3203106,Jerônimo Monteiro - ES,32,1.5,0.4689,0.4982,0.4691,0.8545,0.0102,True,False,0.0,11542,0.54,0.4789,0.5077,0.4689,0.4982,0.4655,0.495
3203130,João Neiva - ES,32,1.5,0.4264,0.4554,0.4553,0.788,0.0092,True,False,0.0,14079,0.53,0.4264,0.4554,0.4264,0.4554,0.4264,0.4554
3203163,Laranja da Terra - ES,32,1.5,0.3838,0.4208,0.4096,0.7465,0.0104,True,False,0.0,11090,0.47,0.3838,0.4208,0.3838,0.4208,0.3838,0.4208
3203205,Linhares - ES,32,1.5,0.4428,0.4733,0.4489,0.785,0.0064,True,False,0.0,164912,0.52,0.4611,0.4906,0.4428,0.4733,0.4365,0.4673
3203304,Mantenópolis - ES,32,1.5,0.4352,0.4676,0.4617,0.7989,0.007,True,False,0.0,12712,0.52,0.4352,0.4676,0.4352,0.4676,0.4352,0.4676
3203320,Marataízes - ES,32,1.5,0.4889,0.5162,0.4969,0.8816,0.0087,True,False,0.0,41799,0.52,0.5101,0.5363,0.4889,0.5162,0.4814,0.5091
3203346,Marechal Floriano - ES,32,1.5,0.3765,0.4152,0.3913,0.6924,0.0117,True,False,0.0,17609,0.48,0.3854,0.4236,0.3765,0.4152,0.3734,0.4123
3203353,Marilândia - ES,32,1.5,0.392,0.4316,0.4028,0.7253,0.0167,True,False,0.0,12383,0.39,0.4135,0.4516,0.392,0.4316,0.3845,0.4246
3203403,Mimoso do Sul - ES,32,1.5,0.4326,0.4649,0.4613,0.7947,0.008,True,False,0.0,24404,0.49,0.4326,0.4649,0.4326,0.4649,0.4326,0.4649
3203502,Montanha - ES,32,1.5,0.4314,0.4653,0.4286,0.7797,0.0116,True,False,0.0,18874,0.52,0.4522,0.4849,0.4314,0.4653,0.4241,0.4585
3203601,Mucurici - ES,32,1.5,0.4401,0.4722,0.4601,0.8242,0.008,True,False,0.0,5466,0.48,0.4401,0.4722,0.4401,0.4722,0.4401,0.4722
3203700,Muniz Freire - ES,32,1.5,0.4476,0.4801,0.4565,0.8037,0.0053,True,False,0.0,18148,0.51,0.4714,0.5025,0.4476,0.4801,0.4391,0.4721
3203809,Muqui - ES,32,1.5,0.4115,0.4468,0.4308,0.7904,0.0143,True,False,0.0,13706,0.52,0.4115,0.4468,0.4115,0.4468,0.4115,0.4468
3203908,Nova Venécia - ES,32,1.5,0.4598,0.4895,0.4486,0.811,0.0068,True,False,0.0,48969,0.48,0.4927,0.5206,0.4598,0.4895,0.4478,0.4782
3204005,Pancas - ES,32,1.5,0.4607,0.4905,0.4881,0.8199,0.009,True,False,0.0,18875,0.5,0.4643,0.4938,0.4607,0.4905,0.4595,0.4893
3204054,Pedro Canário - ES,32,1.5,0.434,0.4663,0.4542,0.827,0.0051,True,False,0.0,21400,0.46,0.434,0.4663,0.434,0.4663,0.434,0.4663
3204104,Pinheiros - ES,32,1.5,0.4023,0.4379,0.418,0.7576,0.0118,True,False,0.0,23742,0.49,0.4023,0.4379,0.4023,0.4379,0.4023,0.4379
3204203,Piúma - ES,32,1.5,0.4493,0.4797,0.4846,0.8233,0.0071,True,True,0.0,22281,0.49,0.4493,0.4797,0.4493,0.4797,0.4493,0.4797
3204252,Ponto Belo - ES,32,1.5,0.416,0.4508,0.4507,0.7959,0.0023,True,False,0.0,6498,0.5,0.416,0.4508,0.416,0.4508,0.416,0.4508
3204302,Presidente Kennedy - ES,32,1.5,0.4347,0.4675,0.4561,0.8132,0.0043,True,False,0.0,13668,0.48,0.4347,0.4675,0.4347,0.4675,0.4347,0.4675
3204351,Rio Bananal - ES,32,1.5,0.4294,0.4618,0.4499,0.7641,0.0103,True,False,0.0,19201,0.5,0.4294,0.4618,0.4294,0.4618,0.4294,0.4618
3204401,Rio Novo do Sul - ES,32,1.5,0.3963,0.4324,0.4248,0.7156,0.0099,True,False,0.0,11063,0.48,0.3963,0.4324,0.3963,0.4324,0.3963,0.4324
3204500,Santa Leopoldina - ES,32,1.5,0.4162,0.4512,0.4661,0.7776,0.0119,True,True,0.0,13098,0.55,0.4162,0.4512,0.4162,0.4512,0.4162,0.4512
3204559,Santa Maria de Jetibá - ES,32,1.5,0.3986,0.4357,0.4104,0.6948,0.0119,True,False,0.0,41635,0.49,0.4222,0.4579,0.3986,0.4357,0.3902,0.4279
3204609,Santa Teresa - ES,32,1.5,0.414,0.4452,0.432,0.78,0.0101,True,False,0.0,22766,0.48,0.414,0.4452,0.414,0.4452,0.414,0.4452
3204658,São Domingos do Norte - ES,32,1.5,0.4317,0.4654,0.4564,0.7679,0.0135,True,False,0.0,8339,0.49,0.4551,0.4874,0.4317,0.4654,0.4234,0.4576
3204708,São Gabriel da Palha - ES,32,1.5,0.4225,0.4579,0.4267,0.741,0.0111,True,False,0.0,32232,0.6,0.4528,0.4864,0.4225,0.4579,0.4117,0.4477
3204807,São José do Calçado - ES,32,1.5,0.4828,0.5133,0.4449,0.7832,0.0187,True,False,0.0,10778,0.51,0.5322,0.5599,0.4828,0.5133,0.4639,0.4954
3204906,São Mateus - ES,32,1.5,0.4736,0.5011,0.4764,0.8508,0.0067,True,False,0.0,122565,0.57,0.4877,0.5145,0.4736,0.5011,0.4687,0.4964
3204955,São Roque do Canaã - ES,32,1.5,0.3398,0.3831,0.3881,0.6717,0.0126,True,True,0.0,10845,0.43,0.3398,0.3831,0.3398,0.3831,0.3398,0.3831
3205002,Serra - ES,32,1.5,0.4699,0.4969,0.4899,0.8584,0.0043,True,False,0.0,518791,0.47,0.4853,0.5116,0.4699,0.4969,0.4645,0.4918
3205010,Sooretama - ES,32,1.5,0.3901,0.4284,0.4059,0.72,0.0079,True,False,0.0,26487,0.5,0.3901,0.4284,0.3901,0.4284,0.3901,0.4284
3205036,Vargem Alta - ES,32,1.5,0.3977,0.4341,0.4352,0.763,0.0123,True,True,0.0,19545,0.45,0.3977,0.4341,0.3977,0.4341,0.3977,0.4341
3205069,Venda Nova do Imigrante - ES,32,1.5,0.4304,0.4608,0.4398,0.7916,0.0046,True,False,0.0,23833,0.52,0.4485,0.4779,0.4304,0.4608,0.4242,0.4548
3205101,Viana - ES,32,1.5,0.3822,0.4199,0.42,0.7358,0.0066,True,True,0.0,70673,0.42,0.3876,0.425,0.3822,0.4199,0.3803,0.4182
3205150,Vila Pavão - ES,32,1.5,0.4415,0.4756,0.4842,0.8254,0.0158,True,True,0.0,8902,0.48,0.4415,0.4756,0.4415,0.4756,0.4415,0.4756
3205176,Vila Valério - ES,32,1.5,0.3645,0.4051,0.4064,0.7177,0.0121,True,True,0.0,13668,0.51,0.3645,0.4051,0.3645,0.4051,0.3645,0.4051
3205200,Vila Velha - ES,32,1.5,0.5443,0.5633,0.552,0.9695,0.003,True,False,0.0,458624,0.56,0.5786,0.5963,0.5443,0.5633,0.5316,0.5511
3205309,Vitória - ES,32,1.5,0.5844,0.6002,0.5841,1.1017,0.0081,True,False,0.0,321973,0.6,0.6352,0.6497,0.5844,0.6002,0.5642,0.5804
3300100,Angra dos Reis - RJ,33,1.5,0.4767,0.5038,0.4901,0.8678,0.0062,True,False,0.0,167250,0.5,0.4907,0.5171,0.4767,0.5038,0.4718,0.4992
3300159,Aperibé - RJ,33,1.5,0.3858,0.4219,0.4156,0.7421,0.0046,True,False,0.0,11005,0.43,0.3858,0.4219,0.3858,0.4219,0.3858,0.4219
3300209,Araruama - RJ,33,1.5,0.48,0.5072,0.4951,0.8798,0.0063,True,False,0.0,129069,0.54,0.4892,0.5159,0.48,0.5072,0.4769,0.5043
3300225,Areal - RJ,33,1.5,0.4656,0.4956,0.4321,0.7855,0.0123,True,False,0.0,11821,0.48,0.5006,0.5287,0.4656,0.4956,0.4528,0.4835
3300233,Armação dos Búzios - RJ,33,1.5,0.4686,0.4969,0.482,0.8135,0.0092,True,False,0.0,39800,0.51,0.4841,0.5116,0.4686,0.4969,0.4633,0.4918
3300258,Arraial do Cabo - RJ,33,1.5,0.4522,0.48,0.4808,0.8458,0.0031,True,True,0.0,30978,0.47,0.4522,0.48,0.4522,0.48,0.4522,0.48
3300308,Barra do Piraí - RJ,33,1.5,0.438,0.469,0.4536,0.8224,0.0055,True,False,0.0,92745,0.51,0.4457,0.4762,0.438,0.469,0.4354,0.4665
3300407,Barra Mansa - RJ,33,1.5,0.4383,0.4699,0.4556,0.7885,0.0064,True,False,0.0,169611,0.48,0.4509,0.4817,0.4383,0.4699,0.434,0.4658
3300456,Belford Roxo - RJ,33,1.5,0.4292,0.464,0.491,0.7777,0.0067,True,True,0.0,482875,0.42,0.4292,0.464,0.4292,0.464,0.4292,0.464
3300506,Bom Jardim - RJ,33,1.5,0.3952,0.4302,0.403,0.7262,0.0157,True,False,0.0,28066,0.48,0.3952,0.4302,0.3952,0.4302,0.3952,0.4302
3300605,Bom Jesus do Itabapoana - RJ,33,1.5,0.483,0.5093,0.4823,0.8749,0.0088,True,False,0.0,34978,0.56,0.49,0.516,0.483,0.5093,0.4806,0.507
3300704,Cabo Frio - RJ,33,1.5,0.5045,0.5283,0.5167,0.914,0.0062,True,False,0.0,221651,0.54,0.5181,0.5413,0.5045,0.5283,0.4998,0.5238
3300803,Cachoeiras de Macacu - RJ,33,1.5,0.4865,0.5141,0.5026,0.846,0.0062,True,False,0.0,56867,0.49,0.502,0.5288,0.4865,0.5141,0.4811,0.509
3300902,Cambuci - RJ,33,1.5,0.4359,0.4691,0.4418,0.7875,0.0236,True,False,0.0,14569,0.47,0.4359,0.4691,0.4359,0.4691,0.4359,0.4691
3300936,Carapebus - RJ,33,1.5,0.4456,0.4768,0.4938,0.7885,0.0045,True,True,0.0,13848,0.42,0.4456,0.4768,0.4456,0.4768,0.4456,0.4768
3300951,Comendador Levy Gasparian - RJ,33,1.5,0.337,0.381,0.3819,0.6699,0.0119,True,True,0.0,8658,0.44,0.337,0.381,0.337,0.381,0.337,0.381
3301009,Campos dos Goytacazes - RJ,33,1.5,0.5489,0.5707,0.5537,0.9706,0.0069,True,False,0.0,480871,0.55,0.5735,0.5942,0.5489,0.5707,0.54,0.5623
3301108,Cantagalo - RJ,33,1.5,0.4684,0.4963,0.4991,0.8452,0.0086,True,True,0.0,19335,0.48,0.4684,0.4963,0.4684,0.4963,0.4684,0.4963
3301157,Cardoso Moreira - RJ,33,1.5,0.4027,0.4374,0.4352,0.764,0.0039,True,False,0.0,12945,0.45,0.4027,0.4374,0.4027,0.4374,0.4027,0.4374
3301207,Carmo - RJ,33,1.5,0.4388,0.4701,0.4499,0.8152,0.0064,True,False,0.0,17046,0.47,0.4388,0.4701,0.4388,0.4701,0.4388,0.4701
3301306,Casimiro de Abreu - RJ,33,1.5,0.4495,0.4788,0.473,0.8408,0.0047,True,False,0.0,46037,0.48,0.4495,0.4788,0.4495,0.4788,0.4495,0.4788
3301405,Conceição de Macabu - RJ,33,1.5,0.4683,0.4968,0.4793,0.8521,0.0079,True,False,0.0,21001,0.48,0.4683,0.4968,0.4683,0.4968,0.4683,0.4968
3301504,Cordeiro - RJ,33,1.5,0.4469,0.4746,0.4831,0.8463,0.007,True,True,0.0,20757,0.48,0.4469,0.4746,0.4469,0.4746,0.4469,0.4746
3301603,Duas Barras - RJ,33,1.5,0.4177,0.4514,0.441,0.7822,0.0063,True,False,0.0,10956,0.44,0.4177,0.4514,0.4177,0.4514,0.4177,0.4514
3301702,Duque de Caxias - RJ,33,1.5,0.4526,0.4835,0.4926,0.8256,0.0043,True,True,0.0,807609,0.46,0.4588,0.4894,0.4526,0.4835,0.4505,0.4815
3301801,Engenheiro Paulo de Frontin - RJ,33,1.5,0.4161,0.4492,0.4428,0.7774,0.0056,True,False,0.0,12196,0.45,0.4161,0.4492,0.4161,0.4492,0.4161,0.4492
3301850,Guapimirim - RJ,33,1.5,0.4687,0.4982,0.5056,0.8294,0.0097,True,True,0.0,51535,0.5,0.4687,0.4982,0.4687,0.4982,0.4687,0.4982
3301876,Iguaba Grande - RJ,33,1.5,0.4582,0.4856,0.4781,0.8022,0.0084,True,False,0.0,27911,0.56,0.4664,0.4934,0.4582,0.4856,0.4554,0.483
3301900,Itaboraí - RJ,33,1.5,0.4289,0.4621,0.4693,0.797,0.0046,True,True,0.0,223881,0.48,0.4308,0.4639,0.4289,0.4621,0.4283,0.4615
3302007,Itaguaí - RJ,33,1.5,0.4692,0.4981,0.5131,0.8617,0.0051,True,True,0.0,116498,0.47,0.473,0.5018,0.4692,0.4981,0.4679,0.4969
3302056,Italva - RJ,33,1.5,0.4785,0.5068,0.5049,0.8118,0.0056,True,False,0.0,14063,0.47,0.4994,0.5267,0.4785,0.5068,0.4711,0.4999
3302106,Itaocara - RJ,33,1.5,0.4289,0.46,0.4396,0.7803,0.0152,True,False,0.0,22801,0.49,0.4289,0.46,0.4289,0.46,0.4289,0.46
3302205,Itaperuna - RJ,33,1.5,0.449,0.4785,0.4552,0.8195,0.0072,True,False,0.0,100263,0.47,0.4616,0.4905,0.449,0.4785,0.4446,0.4744
3302254,Itatiaia - RJ,33,1.5,0.4899,0.5172,0.4554,0.8249,0.0106,True,False,0.0,30731,0.51,0.5329,0.558,0.4899,0.5172,0.4738,0.5019
3302270,Japeri - RJ,33,1.5,0.4218,0.4588,0.4675,0.7823,0.009,True,True,0.0,91200,0.42,0.4218,0.4588,0.4218,0.4588,0.4218,0.4588
3302304,Laje do Muriaé - RJ,33,1.5,0.4039,0.4399,0.3911,0.7203,0.0181,True,False,0.0,7333,0.46,0.4195,0.4545,0.4039,0.4399,0.3986,0.4348
3302403,Macaé - RJ,33,1.5,0.5473,0.5669,0.553,0.9784,0.0078,True,False,0.0,246112,0.56,0.5692,0.5879,0.5473,0.5669,0.5395,0.5594
3302452,Macuco - RJ,33,1.5,0.4506,0.4799,0.4618,0.8209,0.0145,True,False,0.0,5416,0.5,0.4506,0.4799,0.4506,0.4799,0.4506,0.4799
3302502,Magé - RJ,33,1.5,0.4284,0.4619,0.469,0.8026,0.0061,True,True,0.0,226010,0.49,0.4284,0.4619,0.4284,0.4619,0.4284,0.4619
3302601,Mangaratiba - RJ,33,1.5,0.4828,0.5084,0.5276,0.8737,0.004,True,True,0.0,41206,0.51,0.4828,0.5084,0.4828,0.5084,0.4828,0.5084
3302700,Maricá - RJ,33,1.5,0.4648,0.4908,0.4921,0.8691,0.0037,True,True,0.0,196819,0.49,0.4719,0.4976,0.4648,0.4908,0.4624,0.4885
3302809,Mendes - RJ,33,1.5,0.4285,0.4597,0.4489,0.8094,0.0114,True,False,0.0,17470,0.48,0.4285,0.4597,0.4285,0.4597,0.4285,0.4597
3302858,Mesquita - RJ,33,1.5,0.4615,0.4911,0.5158,0.8422,0.0025,True,True,0.0,166750,0.47,0.4615,0.4911,0.4615,0.4911,0.4615,0.4911
3302908,Miguel Pereira - RJ,33,1.5,0.488,0.5128,0.498,0.8981,0.0072,True,False,0.0,26550,0.55,0.4965,0.5209,0.488,0.5128,0.4851,0.5101
3303005,Miracema - RJ,33,1.5,0.4607,0.4897,0.4586,0.8362,0.0125,True,False,0.0,26809,0.5,0.4607,0.4897,0.4607,0.4897,0.4607,0.4897
3303104,Natividade - RJ,33,1.5,0.4533,0.4837,0.4539,0.8316,0.0073,True,False,0.0,15011,0.52,0.4719,0.5013,0.4533,0.4837,0.4469,0.4776
3303203,Nilópolis - RJ,33,1.5,0.4451,0.4743,0.4914,0.8408,0.0029,True,True,0.0,146627,0.45,0.4451,0.4743,0.4451,0.4743,0.4451,0.4743
3303302,Niterói - RJ,33,1.5,0.5734,0.5897,0.6107,1.1398,0.0109,True,True,0.0,479685,0.59,0.613,0.6282,0.5734,0.5897,0.5584,0.575
3303401,Nova Friburgo - RJ,33,1.5,0.4621,0.4901,0.4657,0.8134,0.0098,True,False,0.0,189254,0.51,0.4804,0.5074,0.4621,0.4901,0.4558,0.484
3303500,Nova Iguaçu - RJ,33,1.5,0.4789,0.5075,0.5122,0.8652,0.0041,True,True,0.0,784434,0.48,0.486,0.5142,0.4789,0.5075,0.4765,0.5052
3303609,Paracambi - RJ,33,1.5,0.4278,0.46,0.4464,0.7873,0.0084,True,False,0.0,41163,0.44,0.4278,0.46,0.4278,0.46,0.4278,0.46
3303708,Paraíba do Sul - RJ,33,1.5,0.4767,0.5046,0.5023,0.8816,0.0099,True,False,0.0,41941,0.5,0.4933,0.5203,0.4767,0.5046,0.4709,0.4991
3303807,Paraty - RJ,33,1.5,0.477,0.5023,0.4954,0.8607,0.0072,True,False,0.0,45080,0.52,0.4881,0.5129,0.477,0.5023,0.4732,0.4987
3303856,Paty do Alferes - RJ,33,1.5,0.4679,0.4985,0.4651,0.8102,0.0107,True,False,0.0,29555,0.56,0.4816,0.5114,0.4679,0.4985,0.4631,0.494
3303906,Petrópolis - RJ,33,1.5,0.5182,0.5418,0.5085,0.8937,0.01,True,False,0.0,277618,0.55,0.5483,0.5705,0.5182,0.5418,0.5073,0.5314
3303955,Pinheiral - RJ,33,1.5,0.4637,0.4928,0.4722,0.8357,0.004,True,False,0.0,24265,0.51,0.4873,0.5151,0.4637,0.4928,0.4553,0.4849
3304003,Piraí - RJ,33,1.5,0.4489,0.4771,0.4693,0.834,0.005,True,False,0.0,27474,0.5,0.4489,0.4771,0.4489,0.4771,0.4489,0.4771
3304102,Porciúncula - RJ,33,1.5,0.4874,0.5135,0.4957,0.9157,0.0101,True,False,0.0,17229,0.56,0.4874,0.5135,0.4874,0.5135,0.4874,0.5135
3304110,Porto Real - RJ,33,1.5,0.3974,0.4329,0.4232,0.7421,0.0135,True,False,0.0,20358,0.42,0.3974,0.4329,0.3974,0.4329,0.3974,0.4329
3304128,Quatis - RJ,33,1.5,0.4283,0.4606,0.4647,0.8035,0.0121,True,True,0.0,13668,0.42,0.4283,0.4606,0.4283,0.4606,0.4283,0.4606
3304144,Queimados - RJ,33,1.5,0.4336,0.4672,0.4717,0.8043,0.005,True,True,0.0,140296,0.43,0.4401,0.4733,0.4336,0.4672,0.4314,0.4652
3304151,Quissamã - RJ,33,1.5,0.4777,0.5063,0.5126,0.8931,0.0112,True,True,0.0,22380,0.53,0.4777,0.5063,0.4777,0.5063,0.4777,0.5063
3304201,Resende - RJ,33,1.5,0.4985,0.5221,0.4894,0.8788,0.0093,True,False,0.0,128831,0.52,0.521,0.5436,0.4985,0.5221,0.4905,0.5145
3304300,Rio Bonito - RJ,33,1.5,0.4459,0.4754,0.4654,0.8364,0.0059,True,False,0.0,56187,0.48,0.4521,0.4812,0.4459,0.4754,0.4438,0.4734
3304409,Rio Claro - RJ,33,1.5,0.4001,0.4345,0.4373,0.7732,0.004,True,True,0.0,17372,0.5,0.4001,0.4345,0.4001,0.4345,0.4001,0.4345
3304508,Rio das Flores - RJ,33,1.5,0.4393,0.4722,0.4494,0.7919,0.0171,True,False,0.0,8946,0.46,0.4393,0.4722,0.4393,0.4722,0.4393,0.4722
3304524,Rio das Ostras - RJ,33,1.5,0.4921,0.5149,0.515,0.938,0.0025,True,True,0.0,156336,0.53,0.5032,0.5255,0.4921,0.5149,0.4883,0.5112
3304557,Rio de Janeiro - RJ,33,1.5,0.6117,0.6271,0.603,1.0897,0.0093,True,False,0.0,6170507,0.62,0.6537,0.6678,0.6117,0.6271,0.5954,0.6113
3304607,Santa Maria Madalena - RJ,33,1.5,0.4406,0.471,0.452,0.8131,0.0147,True,False,0.0,10193,0.48,0.4406,0.471,0.4406,0.471,0.4406,0.471
3304706,Santo Antônio de Pádua - RJ,33,1.5,0.4229,0.4557,0.4308,0.7501,0.0152,True,False,0.0,41196,0.51,0.4229,0.4557,0.4229,0.4557,0.4229,0.4557
3304755,São Francisco de Itabapoana - RJ,33,1.5,0.433,0.4675,0.4535,0.7942,0.0111,True,False,0.0,45058,0.49,0.433,0.4675,0.433,0.4675,0.433,0.4675
3304805,São Fidélis - RJ,33,1.5,0.4584,0.4872,0.4725,0.8468,0.0083,True,False,0.0,38909,0.47,0.4584,0.4872,0.4584,0.4872,0.4584,0.4872
3304904,São Gonçalo - RJ,33,1.5,0.4517,0.4823,0.5096,0.8116,0.0052,True,True,0.0,895229,0.43,0.4553,0.4858,0.4517,0.4823,0.4504,0.4812
3305000,São João da Barra - RJ,33,1.5,0.4399,0.4726,0.4848,0.7717,0.0074,True,True,0.0,36498,0.48,0.4399,0.4726,0.4399,0.4726,0.4399,0.4726
3305109,São João de Meriti - RJ,33,1.5,0.4069,0.4426,0.4622,0.7439,0.0033,True,True,0.0,440790,0.43,0.4069,0.4426,0.4069,0.4426,0.4069,0.4426
3305133,São José de Ubá - RJ,33,1.5,0.338,0.3823,0.3562,0.6538,0.0226,True,False,0.0,7066,0.47,0.338,0.3823,0.338,0.3823,0.338,0.3823
3305158,São José do Vale do Rio Preto - RJ,33,1.5,0.4125,0.4478,0.4149,0.7421,0.0134,True,False,0.0,22080,0.47,0.4125,0.4478,0.4125,0.4478,0.4125,0.4478
3305208,São Pedro da Aldeia - RJ,33,1.5,0.5019,0.5262,0.5318,0.8898,0.0058,True,True,0.0,103858,0.5,0.5162,0.5397,0.5019,0.5262,0.497,0.5215
3305307,São Sebastião do Alto - RJ,33,1.5,0.4185,0.452,0.442,0.7638,0.0091,True,False,0.0,7750,0.42,0.4185,0.452,0.4185,0.452,0.4185,0.452
3305406,Sapucaia - RJ,33,1.5,0.4091,0.4436,0.4299,0.7574,0.0096,True,False,0.0,17682,0.5,0.4091,0.4436,0.4091,0.4436,0.4091,0.4436
3305505,Saquarema - RJ,33,1.5,0.4998,0.5245,0.5201,0.9201,0.0051,True,False,0.0,89323,0.52,0.5113,0.5354,0.4998,0.5245,0.4959,0.5207
3305554,Seropédica - RJ,33,1.5,0.4753,0.504,0.4911,0.8656,0.0072,True,False,0.0,79899,0.47,0.4887,0.5167,0.4753,0.504,0.4706,0.4996
3305604,Silva Jardim - RJ,33,1.5,0.4332,0.467,0.4565,0.7991,0.0133,True,False,0.0,21320,0.49,0.4332,0.467,0.4332,0.467,0.4332,0.467
3305703,Sumidouro - RJ,33,1.5,0.3438,0.3854,0.3696,0.6613,0.008,True,False,0.0,15207,0.47,0.3438,0.3854,0.3438,0.3854,0.3438,0.3854
3305752,Tanguá - RJ,33,1.5,0.3956,0.4342,0.4323,0.7411,0.0111,True,False,0.0,31019,0.42,0.3956,0.4342,0.3956,0.4342,0.3956,0.4342
3305802,Teresópolis - RJ,33,1.5,0.5154,0.5382,0.5035,0.9014,0.0142,True,False,0.0,164617,0.56,0.533,0.5551,0.5154,0.5382,0.5092,0.5323
3305901,Trajano de Moraes - RJ,33,1.5,0.4465,0.4787,0.4593,0.84,0.0164,True,False,0.0,10255,0.51,0.4465,0.4787,0.4465,0.4787,0.4465,0.4787
3306008,Três Rios - RJ,33,1.5,0.4652,0.4937,0.4685,0.8559,0.0126,True,False,0.0,78167,0.52,0.4652,0.4937,0.4652,0.4937,0.4652,0.4937
3306107,Valença - RJ,33,1.5,0.4847,0.512,0.4824,0.8629,0.0084,True,False,0.0,67897,0.52,0.5072,0.5333,0.4847,0.512,0.4768,0.5044
3306156,Varre-Sai - RJ,33,1.5,0.433,0.4661,0.4287,0.7768,0.012,True,False,0.0,10200,0.44,0.454,0.4859,0.433,0.4661,0.4257,0.4592
3306206,Vassouras - RJ,33,1.5,0.4908,0.5178,0.4822,0.8665,0.0124,True,False,0.0,33935,0.52,0.5093,0.5353,0.4908,0.5178,0.4843,0.5116
3306305,Volta Redonda - RJ,33,1.5,0.4627,0.4891,0.4883,0.8592,0.0043,True,False,0.0,260969,0.5,0.4673,0.4935,0.4627,0.4891,0.4612,0.4877
3500105,Adamantina - SP,35,1.5,0.4142,0.4462,0.4338,0.7287,0.0101,True,False,0.0,34573,0.51,0.424,0.4555,0.4142,0.4462,0.4109,0.4431
3500204,Adolfo - SP,35,1.5,0.365,0.4067,0.3909,0.706,0.0179,True,False,0.0,4351,0.38,0.365,0.4067,0.365,0.4067,0.365,0.4067
3500303,Aguaí - SP,35,1.5,0.409,0.4447,0.4449,0.7283,0.0096,True,True,0.0,31996,0.47,0.4222,0.4571,0.409,0.4447,0.4045,0.4405
3500402,Águas da Prata - SP,35,1.5,0.3841,0.4211,0.4144,0.7251,0.0146,True,False,0.0,7218,0.52,0.3841,0.4211,0.3841,0.4211,0.3841,0.4211
3500501,Águas de Lindóia - SP,35,1.5,0.3476,0.3883,0.3758,0.6559,0.0102,True,False,0.0,17800,0.43,0.3476,0.3883,0.3476,0.3883,0.3476,0.3883
3500550,Águas de Santa Bárbara - SP,35,1.5,0.4219,0.4516,0.414,0.7577,0.0066,True,False,0.0,7171,0.48,0.4309,0.4601,0.4219,0.4516,0.4188,0.4486
3500600,Águas de São Pedro - SP,35,1.5,0.4318,0.4555,0.4705,0.8204,0.0087,True,True,0.0,2776,0.54,0.4318,0.4555,0.4318,0.4555,0.4318,0.4555
3500709,Agudos - SP,35,1.5,0.3973,0.431,0.423,0.7493,0.0089,True,False,0.0,37441,0.41,0.3973,0.431,0.3973,0.431,0.3973,0.431
3500758,Alambari - SP,35,1.5,0.3441,0.3856,0.3792,0.675,0.0112,True,False,0.0,6132,0.44,0.3441,0.3856,0.3441,0.3856,0.3441,0.3856
3500808,Alfredo Marcondes - SP,35,1.5,0.3531,0.3926,0.3788,0.6779,0.0085,True,False,0.0,4431,0.36,0.3531,0.3926,0.3531,0.3926,0.3531,0.3926
3500907,Altair - SP,35,1.5,0.3855,0.4237,0.4588,0.719,0.0192,True,True,0.0,3441,0.42,0.3855,0.4237,0.3855,0.4237,0.3855,0.4237
3501004,Altinópolis - SP,35,1.5,0.3934,0.4306,0.4293,0.7242,0.0103,True,False,0.0,16771,0.45,0.3934,0.4306,0.3934,0.4306,0.3934,0.4306
3501103,Alto Alegre - SP,35,1.5,0.3126,0.3618,0.3597,0.6368,0.0202,True,False,0.0,3840,0.35,0.3126,0.3618,0.3126,0.3618,0.3126,0.3618
3501152,Alumínio - SP,35,1.5,0.3632,0.4011,0.3917,0.6986,0.0089,True,False,0.0,17277,0.42,0.3719,0.4093,0.3632,0.4011,0.3603,0.3984
3501202,Álvares Florence - SP,35,1.5,0.3565,0.3977,0.3723,0.6579,0.014,True,False,0.0,3898,0.41,0.3565,0.3977,0.3565,0.3977,0.3565,0.3977
3501301,Álvares Machado - SP,35,1.5,0.4064,0.4399,0.4346,0.781,0.0094,True,False,0.0,27206,0.46,0.4064,0.4399,0.4064,0.4399,0.4064,0.4399
3501400,Álvaro de Carvalho - SP,35,1.5,0.3702,0.4105,0.4402,0.7419,0.0228,True,True,0.0,3150,0.38,0.3702,0.4105,0.3702,0.4105,0.3702,0.4105
3501509,Alvinlândia - SP,35,1.5,0.3886,0.4278,0.4104,0.7459,0.0337,True,False,0.0,2885,0.53,0.3886,0.4278,0.3886,0.4278,0.3886,0.4278
3501608,Americana - SP,35,1.5,0.4415,0.4682,0.4386,0.7806,0.0097,True,False,0.0,236513,0.47,0.4716,0.497,0.4415,0.4682,0.4307,0.4579
3501707,Américo Brasiliense - SP,35,1.5,0.3346,0.3803,0.3954,0.6555,0.0152,True,True,0.0,32908,0.39,0.3346,0.3803,0.3346,0.3803,0.3346,0.3803
3501806,Américo de Campos - SP,35,1.5,0.3749,0.4131,0.3702,0.6631,0.0111,True,False,0.0,5867,0.43,0.4071,0.4435,0.3749,0.4131,0.3634,0.4023
3501905,Amparo - SP,35,1.5,0.3897,0.4236,0.391,0.7051,0.0093,True,False,0.0,67720,0.5,0.4032,0.4364,0.3897,0.4236,0.385,0.4192
3502002,Analândia - SP,35,1.5,0.4281,0.4589,0.418,0.7326,0.0084,True,False,0.0,4582,0.53,0.4582,0.4874,0.4281,0.4589,0.4173,0.4487
3502101,Andradina - SP,35,1.5,0.4085,0.4413,0.4228,0.7601,0.0106,True,False,0.0,57899,0.51,0.4213,0.4533,0.4085,0.4413,0.4042,0.4372
3502200,Angatuba - SP,35,1.5,0.403,0.4373,0.4114,0.7345,0.0104,True,False,0.0,23957,0.45,0.403,0.4373,0.403,0.4373,0.403,0.4373
3502309,Anhembi - SP,35,1.5,0.3643,0.4045,0.3758,0.6752,0.0053,True,False,0.0,5667,0.42,0.3842,0.4232,0.3643,0.4045,0.3574,0.398
3502408,Anhumas - SP,35,1.5,0.413,0.4443,0.4255,0.7639,0.0143,True,False,0.0,3997,0.42,0.413,0.4443,0.413,0.4443,0.413,0.4443
3502507,Aparecida - SP,35,1.5,0.3992,0.4341,0.4242,0.7356,0.0078,True,False,0.0,32347,0.46,0.3992,0.4341,0.3992,0.4341,0.3992,0.4341
3502606,Aparecida d'Oeste - SP,35,1.5,0.3237,0.3676,0.3494,0.6259,0.0103,True,False,0.0,4064,0.47,0.3237,0.3676,0.3237,0.3676,0.3237,0.3676
3502705,Apiaí - SP,35,1.5,0.401,0.4361,0.4359,0.7629,0.0052,True,False,0.0,24547,0.55,0.401,0.4361,0.401,0.4361,0.401,0.4361
3502754,Araçariguama - SP,35,1.5,0.4004,0.4366,0.4239,0.7241,0.0155,True,False,0.0,21460,0.46,0.4004,0.4366,0.4004,0.4366,0.4004,0.4366
3502804,Araçatuba - SP,35,1.5,0.5031,0.5279,0.4731,0.8436,0.0117,True,False,0.0,199587,0.52,0.5526,0.5752,0.5031,0.5279,0.4841,0.5096
3502903,Araçoiaba da Serra - SP,35,1.5,0.4892,0.5148,0.474,0.8336,0.0105,True,False,0.0,32303,0.52,0.5325,0.5561,0.4892,0.5148,0.4729,0.4992
3503000,Aramina - SP,35,1.5,0.4157,0.4487,0.4281,0.7659,0.0116,True,False,0.0,5397,0.43,0.4429,0.4745,0.4157,0.4487,0.406,0.4396
3503109,Arandu - SP,35,1.5,0.3717,0.4117,0.3994,0.7069,0.0129,True,False,0.0,6876,0.39,0.3873,0.4263,0.3717,0.4117,0.3663,0.4067
3503158,Arapeí - SP,35,1.5,0.375,0.4123,0.3857,0.6902,0.0113,True,False,0.0,2329,0.39,0.375,0.4123,0.375,0.4123,0.375,0.4123
3503208,Araraquara - SP,35,1.5,0.4926,0.5162,0.4997,0.8655,0.0075,True,False,0.0,240412,0.5,0.5159,0.5384,0.4926,0.5162,0.4844,0.5083
3503307,Araras - SP,35,1.5,0.4412,0.4693,0.4624,0.8067,0.008,True,False,0.0,130547,0.47,0.4544,0.482,0.4412,0.4693,0.4366,0.465
3503356,Arco-Íris - SP,35,1.5,0.3378,0.3799,0.3626,0.6516,0.0048,True,False,0.0,2044,0.4,0.3378,0.3799,0.3378,0.3799,0.3378,0.3799
3503406,Arealva - SP,35,1.5,0.4097,0.4422,0.4103,0.7506,0.0079,True,False,0.0,8090,0.45,0.4246,0.4563,0.4097,0.4422,0.4045,0.4373
3503505,Areias - SP,35,1.5,0.4178,0.4527,0.4472,0.7551,0.0056,True,False,0.0,3507,0.44,0.4178,0.4527,0.4178,0.4527,0.4178,0.4527
3503604,Areiópolis - SP,35,1.5,0.3458,0.3856,0.3712,0.6726,0.0073,True,False,0.0,10125,0.36,0.3458,0.3856,0.3458,0.3856,0.3458,0.3856
3503703,Ariranha - SP,35,1.5,0.3425,0.3834,0.3771,0.6666,0.0088,True,False,0.0,7602,0.4,0.3425,0.3834,0.3425,0.3834,0.3425,0.3834
3503802,Artur Nogueira - SP,35,1.5,0.405,0.439,0.4207,0.7326,0.0067,True,False,0.0,51435,0.46,0.4218,0.455,0.405,0.439,0.3991,0.4335
3503901,Arujá - SP,35,1.5,0.5116,0.5342,0.5,0.9065,0.0118,True,False,0.0,86541,0.56,0.5357,0.5572,0.5116,0.5342,0.503,0.526
3503950,Aspásia - SP,35,1.5,0.3313,0.3742,0.3666,0.6566,0.0066,True,False,0.0,1834,0.44,0.3313,0.3742,0.3313,0.3742,0.3313,0.3742
3504008,Assis - SP,35,1.5,0.4471,0.4743,0.4661,0.8283,0.0084,True,False,0.0,99870,0.5,0.4572,0.4839,0.4471,0.4743,0.4437,0.471
3504107,Atibaia - SP,35,1.5,0.4979,0.5206,0.4897,0.8841,0.0087,True,False,0.0,157798,0.53,0.5273,0.5487,0.4979,0.5206,0.4873,0.5104
3504206,Auriflama - SP,35,1.5,0.3729,0.4125,0.4141,0.6956,0.0169,True,True,0.0,13665,0.47,0.3729,0.4125,0.3729,0.4125,0.3729,0.4125
3504305,Avaí - SP,35,1.5,0.4232,0.4571,0.4346,0.7825,0.0104,True,False,0.0,4483,0.47,0.4426,0.4754,0.4232,0.4571,0.4164,0.4507
3504404,Avanhandava - SP,35,1.5,0.3816,0.4178,0.4196,0.7421,0.0071,True,True,0.0,11261,0.42,0.3848,0.4208,0.3816,0.4178,0.3805,0.4167
3504503,Avaré - SP,35,1.5,0.4568,0.4844,0.4596,0.8023,0.0062,True,False,0.0,90563,0.47,0.4814,0.5078,0.4568,0.4844,0.4481,0.4762
3504602,Bady Bassitt - SP,35,1.5,0.372,0.4085,0.4075,0.7124,0.0118,True,False,0.0,27212,0.36,0.3758,0.4121,0.372,0.4085,0.3708,0.4074
3504701,Balbinos - SP,35,1.5,0.4163,0.4496,0.4259,0.7947,0.0149,True,False,0.0,1368,0.38,0.4163,0.4496,0.4163,0.4496,0.4163,0.4496
3504800,Bálsamo - SP,35,1.5,0.3732,0.409,0.3962,0.7105,0.003,True,False,0.0,9595,0.44,0.3732,0.409,0.3732,0.409,0.3732,0.409
3504909,Bananal - SP,35,1.5,0.4665,0.4959,0.4804,0.8624,0.0116,True,False,0.0,9943,0.51,0.4808,0.5095,0.4665,0.4959,0.4615,0.4913
3505005,Barão de Antonina - SP,35,1.5,0.3884,0.4253,0.3978,0.7138,0.0091,True,False,0.0,3498,0.47,0.3884,0.4253,0.3884,0.4253,0.3884,0.4253
3505104,Barbosa - SP,35,1.5,0.3734,0.4127,0.4153,0.7373,0.0099,True,True,0.0,5640,0.4,0.3734,0.4127,0.3734,0.4127,0.3734,0.4127
3505203,Bariri - SP,35,1.5,0.3882,0.4242,0.4036,0.7312,0.0137,True,False,0.0,31522,0.42,0.3882,0.4242,0.3882,0.4242,0.3882,0.4242
3505302,Barra Bonita - SP,35,1.5,0.3899,0.4234,0.4114,0.7374,0.0092,True,False,0.0,34246,0.45,0.3968,0.43,0.3899,0.4234,0.3876,0.4212
3505351,Barra do Chapéu - SP,35,1.5,0.3749,0.4147,0.4127,0.7123,0.0129,True,False,0.0,5178,0.54,0.3749,0.4147,0.3749,0.4147,0.3749,0.4147
3505401,Barra do Turvo - SP,35,1.5,0.4163,0.45,0.4313,0.7806,0.0061,True,False,0.0,6867,0.5,0.4163,0.45,0.4163,0.45,0.4163,0.45
3505500,Barretos - SP,35,1.5,0.4398,0.4694,0.4524,0.787,0.0083,True,False,0.0,121977,0.48,0.4566,0.4853,0.4398,0.4694,0.434,0.4639
3505609,Barrinha - SP,35,1.5,0.3626,0.402,0.3957,0.7113,0.0096,True,False,0.0,32092,0.4,0.3626,0.402,0.3626,0.402,0.3626,0.402
3505708,Barueri - SP,35,1.5,0.5923,0.6098,0.5381,0.9934,0.0108,True,False,0.0,316026,0.61,0.6526,0.6684,0.5923,0.6098,0.5671,0.5854
3505807,Bastos - SP,35,1.5,0.3663,0.4043,0.3876,0.6909,0.01,True,False,0.0,21493,0.41,0.3663,0.4043,0.3663,0.4043,0.3663,0.4043
3505906,Batatais - SP,35,1.5,0.4305,0.46,0.4325,0.7676,0.0063,True,False,0.0,58231,0.5,0.4463,0.4749,0.4305,0.46,0.425,0.4548
3506003,Bauru - SP,35,1.5,0.5025,0.5255,0.4832,0.8698,0.0084,True,False,0.0,371237,0.55,0.5418,0.5631,0.5025,0.5255,0.4879,0.5115
3506102,Bebedouro - SP,35,1.5,0.4275,0.4588,0.4394,0.7704,0.006,True,False,0.0,76149,0.51,0.4461,0.4764,0.4275,0.4588,0.4211,0.4527
3506201,Bento de Abreu - SP,35,1.5,0.3857,0.4207,0.431,0.7807,0.0175,True,True,0.0,2604,0.38,0.3857,0.4207,0.3857,0.4207,0.3857,0.4207
3506300,Bernardino de Campos - SP,35,1.5,0.4554,0.4856,0.4282,0.7719,0.0064,True,False,0.0,10549,0.45,0.4989,0.5268,0.4554,0.4856,0.4391,0.4702
3506359,Bertioga - SP,35,1.5,0.4869,0.513,0.4884,0.8416,0.0113,True,False,0.0,64065,0.48,0.5049,0.5301,0.4869,0.513,0.4806,0.507
3506409,Bilac - SP,35,1.5,0.3615,0.3983,0.398,0.7163,0.0088,True,False,0.0,7286,0.43,0.3615,0.3983,0.3615,0.3983,0.3615,0.3983
3506508,Birigui - SP,35,1.5,0.424,0.4569,0.4301,0.7557,0.0103,True,False,0.0,118572,0.42,0.4485,0.4801,0.424,0.4569,0.4153,0.4487
3506607,Biritiba Mirim - SP,35,1.5,0.3649,0.4044,0.407,0.7056,0.0077,True,True,0.0,29569,0.53,0.3649,0.4044,0.3649,0.4044,0.3649,0.4044
3506706,Boa Esperança do Sul - SP,35,1.5,0.3291,0.3722,0.363,0.6455,0.0047,True,False,0.0,12978,0.44,0.3291,0.3722,0.3291,0.3722,0.3291,0.3722
3506805,Bocaina - SP,35,1.5,0.3693,0.4091,0.3869,0.7066,0.0156,True,False,0.0,11231,0.42,0.3889,0.4275,0.3693,0.4091,0.3625,0.4027
3506904,Bofete - SP,35,1.5,0.4203,0.4533,0.4269,0.7592,0.0103,True,False,0.0,10429,0.46,0.4464,0.4779,0.4203,0.4533,0.4111,0.4446
3507001,Boituva - SP,35,1.5,0.46,0.4867,0.4893,0.8607,0.008,True,True,0.0,61016,0.49,0.4673,0.4937,0.46,0.4867,0.4575,0.4844
3507100,Bom Jesus dos Perdões - SP,35,1.5,0.3868,0.4212,0.4191,0.7483,0.0087,True,False,0.0,21934,0.41,0.3868,0.4212,0.3868,0.4212,0.3868,0.4212
3507159,Bom Sucesso de Itararé - SP,35,1.5,0.3986,0.4371,0.3941,0.7235,0.0166,True,False,0.0,3554,0.44,0.3986,0.4371,0.3986,0.4371,0.3986,0.4371
3507209,Borá - SP,35,1.5,0.2902,0.3404,0.3469,0.5629,0.0105,True,True,0.0,908,0.4,0.2902,0.3404,0.2902,0.3404,0.2902,0.3404
3507308,Boracéia - SP,35,1.5,0.3545,0.3969,0.4209,0.7003,0.0203,True,True,0.0,4714,0.38,0.3545,0.3969,0.3545,0.3969,0.3545,0.3969
3507407,Borborema - SP,35,1.5,0.4399,0.4714,0.4339,0.776,0.0086,True,False,0.0,14188,0.42,0.4618,0.492,0.4399,0.4714,0.4322,0.4641
3507456,Borebi - SP,35,1.5,0.3657,0.406,0.3936,0.7066,0.0138,True,False,0.0,2712,0.39,0.3657,0.406,0.3657,0.406,0.3657,0.406
3507506,Botucatu - SP,35,1.5,0.4673,0.4923,0.4733,0.8394,0.0055,True,False,0.0,144629,0.54,0.4887,0.5128,0.4673,0.4923,0.4597,0.4851
3507605,Bragança Paulista - SP,35,1.5,0.4587,0.4858,0.4603,0.7938,0.0067,True,False,0.0,176152,0.52,0.4864,0.5122,0.4587,0.4858,0.4488,0.4764
3507704,Braúna - SP,35,1.5,0.3898,0.4249,0.4127,0.737,0.0072,True,False,0.0,5357,0.43,0.3898,0.4249,0.3898,0.4249,0.3898,0.4249
3507753,Brejo Alegre - SP,35,1.5,0.3082,0.3561,0.3394,0.6097,0.0143,True,False,0.0,2526,0.39,0.3082,0.3561,0.3082,0.3561,0.3082,0.3561
3507803,Brodowski - SP,35,1.5,0.4227,0.4532,0.4443,0.7829,0.0085,True,False,0.0,25158,0.44,0.4404,0.47,0.4227,0.4532,0.4165,0.4473
3507902,Brotas - SP,35,1.5,0.439,0.469,0.4811,0.8311,0.0074,True,True,0.0,23801,0.41,0.439,0.469,0.439,0.469,0.439,0.469
3508009,Buri - SP,35,1.5,0.4343,0.4673,0.4846,0.775,0.0086,True,True,0.0,20225,0.5,0.4343,0.4673,0.4343,0.4673,0.4343,0.4673
3508108,Buritama - SP,35,1.5,0.4367,0.4682,0.4277,0.7638,0.0111,True,False,0.0,17142,0.44,0.4538,0.4844,0.4367,0.4682,0.4307,0.4626
3508207,Buritizal - SP,35,1.5,0.4357,0.4656,0.4463,0.8065,0.0089,True,False,0.0,4344,0.46,0.4565,0.4854,0.4357,0.4656,0.4284,0.4587
3508306,Cabrália Paulista - SP,35,1.5,0.373,0.4114,0.4011,0.7365,0.0117,True,False,0.0,4290,0.4,0.373,0.4114,0.373,0.4114,0.373,0.4114
3508405,Cabreúva - SP,35,1.5,0.3441,0.3858,0.3846,0.6749,0.0116,True,False,0.0,46903,0.42,0.3441,0.3858,0.3441,0.3858,0.3441,0.3858
3508504,Caçapava - SP,35,1.5,0.4502,0.478,0.4671,0.8472,0.0049,True,False,0.0,95969,0.5,0.4533,0.4809,0.4502,0.478,0.4492,0.477
3508603,Cachoeira Paulista - SP,35,1.5,0.4675,0.4951,0.4909,0.8598,0.0045,True,False,0.0,31552,0.52,0.4675,0.4951,0.4675,0.4951,0.4675,0.4951
3508702,Caconde - SP,35,1.5,0.4296,0.4606,0.446,0.8051,0.0138,True,False,0.0,17016,0.5,0.4296,0.4606,0.4296,0.4606,0.4296,0.4606
3508801,Cafelândia - SP,35,1.5,0.3961,0.4312,0.4148,0.7442,0.0094,True,False,0.0,16610,0.46,0.3961,0.4312,0.3961,0.4312,0.3961,0.4312
3508900,Caiabu - SP,35,1.5,0.3469,0.388,0.376,0.6736,0.0069,True,False,0.0,3712,0.37,0.3469,0.388,0.3469,0.388,0.3469,0.388
3509007,Caieiras - SP,35,1.5,0.4516,0.4797,0.477,0.8325,0.0068,True,False,0.0,94751,0.47,0.4541,0.4821,0.4516,0.4797,0.4508,0.4789
3509106,Caiuá - SP,35,1.5,0.3616,0.4032,0.3899,0.6673,0.0143,True,False,0.0,4312,0.45,0.3616,0.4032,0.3616,0.4032,0.3616,0.4032
3509205,Cajamar - SP,35,1.5,0.4433,0.4718,0.4616,0.813,0.0071,True,False,0.0,92596,0.43,0.4495,0.4777,0.4433,0.4718,0.4412,0.4698
3509254,Cajati - SP,35,1.5,0.4395,0.4716,0.4448,0.7796,0.0075,True,False,0.0,28494,0.47,0.4535,0.4849,0.4395,0.4716,0.4346,0.4671
3509304,Cajobi - SP,35,1.5,0.4381,0.4732,0.3968,0.7033,0.0099,True,False,0.0,9126,0.4,0.5025,0.534,0.4381,0.4732,0.4127,0.4493
3509403,Cajuru - SP,35,1.5,0.4655,0.4966,0.436,0.788,0.0126,True,False,0.0,23789,0.4,0.522,0.55,0.4655,0.4966,0.4435,0.4758
3509452,Campina do Monte Alegre - SP,35,1.5,0.3507,0.3921,0.366,0.6546,0.0192,True,False,0.0,5949,0.53,0.3507,0.3921,0.3507,0.3921,0.3507,0.3921
3509502,Campinas - SP,35,1.5,0.5454,0.5642,0.5324,0.9629,0.0088,True,False,0.0,1134306,0.56,0.5836,0.6011,0.5454,0.5642,0.5311,0.5504
3509601,Campo Limpo Paulista - SP,35,1.5,0.4022,0.4363,0.4306,0.7542,0.0098,True,False,0.0,77208,0.43,0.4022,0.4363,0.4022,0.4363,0.4022,0.4363
3509700,Campos do Jordão - SP,35,1.5,0.4164,0.453,0.3971,0.7111,0.0149,True,False,0.0,46652,0.59,0.4553,0.4895,0.4164,0.453,0.4022,0.4396
3509809,Campos Novos Paulista - SP,35,1.5,0.4037,0.4382,0.418,0.7566,0.0039,True,False,0.0,4871,0.43,0.423,0.4563,0.4037,0.4382,0.397,0.4318
3509908,Cananéia - SP,35,1.5,0.4387,0.4694,0.4659,0.8439,0.0048,True,False,0.0,12228,0.49,0.4387,0.4694,0.4387,0.4694,0.4387,0.4694
3509957,Canas - SP,35,1.5,0.4267,0.4619,0.4162,0.7561,0.0077,True,False,0.0,4912,0.43,0.4604,0.4935,0.4267,0.4619,0.4146,0.4504
3510005,Cândido Mota - SP,35,1.5,0.3915,0.4284,0.4163,0.7413,0.0108,True,False,0.0,29395,0.41,0.3915,0.4284,0.3915,0.4284,0.3915,0.4284
3510104,Cândido Rodrigues - SP,35,1.5,0.3569,0.3955,0.3833,0.7053,0.01,True,False,0.0,2889,0.48,0.3569,0.3955,0.3569,0.3955,0.3569,0.3955
3510153,Canitar - SP,35,1.5,0.3222,0.3672,0.3615,0.6453,0.0118,True,False,0.0,6282,0.4,0.3222,0.3672,0.3222,0.3672,0.3222,0.3672
3510203,Capão Bonito - SP,35,1.5,0.4143,0.4482,0.434,0.7818,0.0086,True,False,0.0,46230,0.5,0.4143,0.4482,0.4143,0.4482,0.4143,0.4482
3510302,Capela do Alto - SP,35,1.5,0.4649,0.4971,0.5446,0.7392,0.0089,True,True,0.0,20630,0.4,0.4649,0.4971,0.4649,0.4971,0.4649,0.4971
3510401,Capivari - SP,35,1.5,0.4303,0.4627,0.4512,0.7597,0.0095,True,False,0.0,49990,0.46,0.4427,0.4744,0.4303,0.4627,0.426,0.4587
3510500,Caraguatatuba - SP,35,1.5,0.4763,0.5021,0.5002,0.8777,0.0038,True,False,0.0,133899,0.5,0.484,0.5093,0.4763,0.5021,0.4737,0.4996
3510609,Carapicuíba - SP,35,1.5,0.4395,0.4703,0.4802,0.7977,0.007,True,True,0.0,386712,0.46,0.4457,0.4762,0.4395,0.4703,0.4374,0.4683
3510708,Cardoso - SP,35,1.5,0.3997,0.4313,0.4218,0.7658,0.004,True,False,0.0,11311,0.42,0.3997,0.4313,0.3997,0.4313,0.3997,0.4313
3510807,Casa Branca - SP,35,1.5,0.4341,0.4641,0.4631,0.7982,0.0042,True,False,0.0,26466,0.49,0.4449,0.4744,0.4341,0.4641,0.4304,0.4606
3510906,Cássia dos Coqueiros - SP,35,1.5,0.3943,0.4278,0.4052,0.7204,0.0126,True,False,0.0,2788,0.43,0.3943,0.4278,0.3943,0.4278,0.3943,0.4278
3511003,Castilho - SP,35,1.5,0.4403,0.4714,0.4523,0.7624,0.0077,True,False,0.0,19808,0.46,0.4721,0.5015,0.4403,0.4714,0.4288,0.4605
3511102,Catanduva - SP,35,1.5,0.431,0.4606,0.4463,0.7882,0.009,True,False,0.0,115606,0.46,0.4529,0.4815,0.431,0.4606,0.4233,0.4533
3511201,Catiguá - SP,35,1.5,0.3223,0.3657,0.3721,0.6413,0.0099,True,True,0.0,6995,0.43,0.3223,0.3657,0.3223,0.3657,0.3223,0.3657
3511300,Cedral - SP,35,1.5,0.3812,0.4149,0.4114,0.7434,0.0115,True,False,0.0,12562,0.42,0.3812,0.4149,0.3812,0.4149,0.3812,0.4149
3511409,Cerqueira César - SP,35,1.5,0.4061,0.4396,0.444,0.7751,0.0116,True,True,0.0,20260,0.43,0.4061,0.4396,0.4061,0.4396,0.4061,0.4396
3511508,Cerquilho - SP,35,1.5,0.3938,0.4281,0.417,0.7238,0.0097,True,False,0.0,44524,0.42,0.4048,0.4386,0.3938,0.4281,0.39,0.4245
3511607,Cesário Lange - SP,35,1.5,0.3472,0.3903,0.3618,0.645,0.0057,True,False,0.0,17948,0.43,0.3694,0.411,0.3472,0.3903,0.3395,0.3831
3511706,Charqueada - SP,35,1.5,0.347,0.3856,0.3804,0.6845,0.003,True,False,0.0,15523,0.4,0.347,0.3856,0.347,0.3856,0.347,0.3856
3511904,Clementina - SP,35,1.5,0.3518,0.3897,0.3814,0.6894,0.0118,True,False,0.0,6965,0.37,0.3518,0.3897,0.3518,0.3897,0.3518,0.3897
3512001,Colina - SP,35,1.5,0.3753,0.414,0.3727,0.6709,0.0095,True,False,0.0,18433,0.46,0.3905,0.4283,0.3753,0.414,0.37,0.4091
3512100,Colômbia - SP,35,1.5,0.3497,0.3903,0.3845,0.6688,0.0103,True,False,0.0,6379,0.4,0.3497,0.3903,0.3497,0.3903,0.3497,0.3903
3512209,Conchal - SP,35,1.5,0.4012,0.4369,0.432,0.7107,0.0034,True,False,0.0,28035,0.43,0.4135,0.4484,0.4012,0.4369,0.397,0.433
3512308,Conchas - SP,35,1.5,0.4276,0.4574,0.4441,0.7708,0.0108,True,False,0.0,15165,0.49,0.4276,0.4574,0.4276,0.4574,0.4276,0.4574
3512407,Cordeirópolis - SP,35,1.5,0.3929,0.4296,0.4145,0.716,0.0158,True,False,0.0,24459,0.44,0.4232,0.4581,0.3929,0.4296,0.3821,0.4194
3512506,Coroados - SP,35,1.5,0.4103,0.4459,0.4074,0.7472,0.0097,True,False,0.0,5396,0.39,0.4452,0.4788,0.4103,0.4459,0.3977,0.434
3512605,Coronel Macedo - SP,35,1.5,0.3853,0.4227,0.403,0.7149,0.0222,True,False,0.0,4281,0.45,0.3853,0.4227,0.3853,0.4227,0.3853,0.4227
3512704,Corumbataí - SP,35,1.5,0.347,0.3872,0.3797,0.6844,0.0095,True,False,0.0,4182,0.48,0.347,0.3872,0.347,0.3872,0.347,0.3872
3512803,Cosmópolis - SP,35,1.5,0.3908,0.424,0.4338,0.7655,0.0095,True,True,0.0,59655,0.42,0.3908,0.424,0.3908,0.424,0.3908,0.424
3512902,Cosmorama - SP,35,1.5,0.3464,0.3887,0.3741,0.6727,0.0086,True,False,0.0,8715,0.4,0.3464,0.3887,0.3464,0.3887,0.3464,0.3887
3513009,Cotia - SP,35,1.5,0.5463,0.5664,0.5238,0.9294,0.0092,True,False,0.0,273618,0.57,0.5896,0.608,0.5463,0.5664,0.5298,0.5505
3513108,Cravinhos - SP,35,1.5,0.3806,0.4179,0.4012,0.6965,0.0118,True,False,0.0,33214,0.42,0.3964,0.4328,0.3806,0.4179,0.3751,0.4127
3513207,Cristais Paulista - SP,35,1.5,0.4325,0.4656,0.4214,0.7643,0.0111,True,False,0.0,9267,0.48,0.4611,0.4926,0.4325,0.4656,0.4223,0.456
3513306,Cruzália - SP,35,1.5,0.4054,0.4457,0.3564,0.6385,0.0184,True,False,0.0,2109,0.43,0.475,0.5108,0.4054,0.4457,0.3779,0.4199
3513405,Cruzeiro - SP,35,1.5,0.4572,0.4853,0.4902,0.8463,0.0046,True,True,0.0,74877,0.53,0.4692,0.4968,0.4572,0.4853,0.4531,0.4814
3513504,Cubatão - SP,35,1.5,0.4258,0.4583,0.467,0.7948,0.0051,True,True,0.0,112380,0.45,0.429,0.4614,0.4258,0.4583,0.4247,0.4573
3513603,Cunha - SP,35,1.5,0.4364,0.4683,0.4437,0.7917,0.0163,True,False,0.0,22067,0.54,0.4364,0.4683,0.4364,0.4683,0.4364,0.4683
3513702,Descalvado - SP,35,1.5,0.3724,0.4089,0.4056,0.7262,0.0113,True,False,0.0,31614,0.45,0.3724,0.4089,0.3724,0.4089,0.3724,0.4089
3513801,Diadema - SP,35,1.5,0.4167,0.4488,0.455,0.7903,0.0065,True,True,0.0,392337,0.43,0.4201,0.452,0.4167,0.4488,0.4156,0.4477
3513850,Dirce Reis - SP,35,1.5,0.2791,0.3305,0.3224,0.5683,0.0077,True,False,0.0,1620,0.37,0.2791,0.3305,0.2791,0.3305,0.2791,0.3305
3513900,Divinolândia - SP,35,1.5,0.4043,0.4418,0.3703,0.6669,0.0096,True,False,0.0,10942,0.48,0.4549,0.4893,0.4043,0.4418,0.3853,0.4239
3514007,Dobrada - SP,35,1.5,0.3679,0.4073,0.4031,0.7119,0.0108,True,False,0.0,8760,0.38,0.3679,0.4073,0.3679,0.4073,0.3679,0.4073
3514106,Dois Córregos - SP,35,1.5,0.4165,0.4496,0.456,0.7872,0.0087,True,True,0.0,24360,0.46,0.4165,0.4496,0.4165,0.4496,0.4165,0.4496
3514205,Dolcinópolis - SP,35,1.5,0.361,0.3988,0.4019,0.7265,0.0087,True,True,0.0,2205,0.36,0.361,0.3988,0.361,0.3988,0.361,0.3988
3514304,Dourado - SP,35,1.5,0.4032,0.4377,0.3788,0.6786,0.0067,True,False,0.0,8076,0.37,0.4476,0.4797,0.4032,0.4377,0.3867,0.4222
3514403,Dracena - SP,35,1.5,0.4428,0.471,0.4456,0.8015,0.005,True,False,0.0,44303,0.44,0.4656,0.4927,0.4428,0.471,0.4347,0.4634
3514502,Duartina - SP,35,1.5,0.4164,0.4476,0.4305,0.7782,0.016,True,False,0.0,12307,0.43,0.4164,0.4476,0.4164,0.4476,0.4164,0.4476
3514601,Dumont - SP,35,1.5,0.3611,0.3986,0.3891,0.7034,0.0099,True,False,0.0,9473,0.39,0.3611,0.3986,0.3611,0.3986,0.3611,0.3986
3514700,Echaporã - SP,35,1.5,0.3925,0.4283,0.4104,0.7403,0.0067,True,False,0.0,6203,0.53,0.4072,0.4422,0.3925,0.4283,0.3874,0.4235
3514809,Eldorado - SP,35,1.5,0.4422,0.4727,0.4558,0.8326,0.0125,True,False,0.0,13051,0.49,0.4422,0.4727,0.4422,0.4727,0.4422,0.4727
3514908,Elias Fausto - SP,35,1.5,0.3566,0.3975,0.3791,0.6739,0.0049,True,False,0.0,17678,0.42,0.3706,0.4105,0.3566,0.3975,0.3518,0.393
3514924,Elisiário - SP,35,1.5,0.3499,0.3907,0.3997,0.6829,0.0201,True,True,0.0,3138,0.33,0.3499,0.3907,0.3499,0.3907,0.3499,0.3907
3514957,Embaúba - SP,35,1.5,0.3255,0.369,0.3609,0.6479,0.0108,True,False,0.0,2322,0.36,0.3255,0.369,0.3255,0.369,0.3255,0.369
3515004,Embu das Artes - SP,35,1.5,0.4117,0.4466,0.4523,0.7673,0.0079,True,True,0.0,250230,0.45,0.4186,0.4531,0.4117,0.4466,0.4094,0.4444
3515103,Embu-Guaçu - SP,35,1.5,0.473,0.5027,0.4756,0.837,0.0097,True,False,0.0,66641,0.5,0.5046,0.5326,0.473,0.5027,0.4615,0.4918
3515129,Emilianópolis - SP,35,1.5,0.3594,0.3984,0.3933,0.6865,0.0074,True,False,0.0,3011,0.38,0.3594,0.3984,0.3594,0.3984,0.3594,0.3984
3515152,Engenheiro Coelho - SP,35,1.5,0.4142,0.4474,0.4245,0.7671,0.0155,True,False,0.0,19437,0.45,0.4142,0.4474,0.4142,0.4474,0.4142,0.4474
3515186,Espírito Santo do Pinhal - SP,35,1.5,0.3956,0.4303,0.4247,0.7504,0.0148,True,False,0.0,39612,0.57,0.3956,0.4303,0.3956,0.4303,0.3956,0.4303
3515194,Espírito Santo do Turvo - SP,35,1.5,0.3311,0.375,0.3697,0.6617,0.013,True,False,0.0,4154,0.38,0.3311,0.375,0.3311,0.375,0.3311,0.375
3515202,Estrela d'Oeste - SP,35,1.5,0.3332,0.3751,0.3599,0.6509,0.0135,True,False,0.0,9301,0.39,0.3332,0.3751,0.3332,0.3751,0.3332,0.3751
3515301,Estrela do Norte - SP,35,1.5,0.3581,0.4027,0.3731,0.6583,0.0193,True,False,0.0,2703,0.43,0.3581,0.4027,0.3581,0.4027,0.3581,0.4027
3515350,Euclides da Cunha Paulista - SP,35,1.5,0.3711,0.4112,0.4333,0.7349,0.0229,True,True,0.0,7920,0.45,0.3711,0.4112,0.3711,0.4112,0.3711,0.4112
3515400,Fartura - SP,35,1.5,0.4172,0.4498,0.4464,0.7526,0.0072,True,False,0.0,16592,0.43,0.4172,0.4498,0.4172,0.4498,0.4172,0.4498
3515509,Fernandópolis - SP,35,1.5,0.4229,0.4546,0.4351,0.7604,0.0126,True,False,0.0,70988,0.49,0.4318,0.463,0.4229,0.4546,0.4199,0.4517
3515608,Fernando Prestes - SP,35,1.5,0.3398,0.3809,0.3654,0.6712,0.0104,True,False,0.0,5939,0.41,0.3398,0.3809,0.3398,0.3809,0.3398,0.3809
3515657,Fernão - SP,35,1.5,0.3251,0.3698,0.3407,0.6157,0.0116,True,False,0.0,1654,0.4,0.3251,0.3698,0.3251,0.3698,0.3251,0.3698
3515707,Ferraz de Vasconcelos - SP,35,1.5,0.3915,0.428,0.4388,0.7442,0.0068,True,True,0.0,178324,0.43,0.3915,0.428,0.3915,0.428,0.3915,0.428
3515806,Flora Rica - SP,35,1.5,0.3855,0.4219,0.4161,0.7516,0.0112,True,False,0.0,1486,0.4,0.3855,0.4219,0.3855,0.4219,0.3855,0.4219
3515905,Floreal - SP,35,1.5,0.406,0.4388,0.4204,0.7676,0.0177,True,False,0.0,2733,0.37,0.406,0.4388,0.406,0.4388,0.406,0.4388
3516002,Flórida Paulista - SP,35,1.5,0.3853,0.4225,0.4025,0.7183,0.0097,True,False,0.0,11568,0.41,0.3996,0.4359,0.3853,0.4225,0.3804,0.4179
3516101,Florínea - SP,35,1.5,0.4565,0.4885,0.4176,0.7618,0.0057,True,False,0.0,2768,0.46,0.524,0.5523,0.4565,0.4885,0.4295,0.4629
3516200,Franca - SP,35,1.5,0.4426,0.4732,0.4689,0.7625,0.0092,True,False,0.0,350934,0.46,0.4577,0.4874,0.4426,0.4732,0.4374,0.4682
3516309,Francisco Morato - SP,35,1.5,0.3735,0.4132,0.4274,0.7174,0.0086,True,True,0.0,165054,0.4,0.3735,0.4132,0.3735,0.4132,0.3735,0.4132
3516408,Franco da Rocha - SP,35,1.5,0.4202,0.4524,0.4568,0.8088,0.0078,True,True,0.0,140154,0.44,0.4293,0.461,0.4202,0.4524,0.4171,0.4495
3516507,Gabriel Monteiro - SP,35,1.5,0.3326,0.3757,0.3611,0.6499,0.0138,True,False,0.0,2764,0.37,0.3326,0.3757,0.3326,0.3757,0.3326,0.3757
3516606,Gália - SP,35,1.5,0.3987,0.4358,0.4089,0.7302,0.0129,True,False,0.0,6353,0.42,0.4128,0.4491,0.3987,0.4358,0.3938,0.4313
3516705,Garça - SP,35,1.5,0.4186,0.4523,0.4184,0.7412,0.0079,True,False,0.0,41941,0.5,0.4435,0.4757,0.4186,0.4523,0.4098,0.444
3516804,Gastão Vidigal - SP,35,1.5,0.4144,0.4474,0.4301,0.7611,0.0112,True,False,0.0,3244,0.42,0.4144,0.4474,0.4144,0.4474,0.4144,0.4474
3516853,Gavião Peixoto - SP,35,1.5,0.3937,0.4284,0.4255,0.747,0.0088,True,False,0.0,4701,0.35,0.3937,0.4284,0.3937,0.4284,0.3937,0.4284
3516903,General Salgado - SP,35,1.5,0.4456,0.4758,0.434,0.7802,0.0116,True,False,0.0,10263,0.45,0.4753,0.504,0.4456,0.4758,0.435,0.4657
3517000,Getulina - SP,35,1.5,0.3859,0.4227,0.4121,0.7267,0.0037,True,False,0.0,8962,0.45,0.3859,0.4227,0.3859,0.4227,0.3859,0.4227
3517109,Glicério - SP,35,1.5,0.3883,0.425,0.3995,0.7268,0.0087,True,False,0.0,4124,0.52,0.3883,0.425,0.3883,0.425,0.3883,0.425
3517208,Guaiçara - SP,35,1.5,0.3933,0.4289,0.4361,0.7739,0.0113,True,True,0.0,11239,0.38,0.3933,0.4289,0.3933,0.4289,0.3933,0.4289
3517307,Guaimbê - SP,35,1.5,0.335,0.3784,0.3583,0.647,0.0095,True,False,0.0,5510,0.4,0.335,0.3784,0.335,0.3784,0.335,0.3784
3517406,Guaíra - SP,35,1.5,0.4031,0.4354,0.4207,0.7543,0.0076,True,False,0.0,39194,0.53,0.4153,0.4469,0.4031,0.4354,0.3989,0.4314
3517505,Guapiaçu - SP,35,1.5,0.3543,0.3933,0.3913,0.6865,0.0105,True,False,0.0,21659,0.41,0.3543,0.3933,0.3543,0.3933,0.3543,0.3933
3517604,Guapiara - SP,35,1.5,0.4491,0.4832,0.4347,0.7656,0.0092,True,False,0.0,17063,0.55,0.4873,0.5191,0.4491,0.4832,0.4351,0.47
3517703,Guará - SP,35,1.5,0.4211,0.4545,0.4656,0.7626,0.0132,True,True,0.0,18559,0.49,0.4211,0.4545,0.4211,0.4545,0.4211,0.4545
3517802,Guaraçaí - SP,35,1.5,0.3864,0.4227,0.4042,0.7213,0.0122,True,False,0.0,7419,0.42,0.3864,0.4227,0.3864,0.4227,0.3864,0.4227
3517901,Guaraci - SP,35,1.5,0.4299,0.4619,0.4271,0.7768,0.006,True,False,0.0,10312,0.42,0.4559,0.4865,0.4299,0.4619,0.4207,0.4532
3518008,Guarani d'Oeste - SP,35,1.5,0.3252,0.3731,0.359,0.6308,0.0282,True,False,0.0,1967,0.4,0.3252,0.3731,0.3252,0.3731,0.3252,0.3731
3518107,Guarantã - SP,35,1.5,0.3642,0.4031,0.3843,0.7032,0.0077,True,False,0.0,6398,0.48,0.3642,0.4031,0.3642,0.4031,0.3642,0.4031
3518206,Guararapes - SP,35,1.5,0.4419,0.4723,0.4553,0.7888,0.0096,True,False,0.0,30970,0.43,0.4493,0.4792,0.4419,0.4723,0.4394,0.4699
3518305,Guararema - SP,35,1.5,0.4401,0.469,0.4435,0.7992,0.0122,True,False,0.0,31178,0.47,0.4401,0.469,0.4401,0.469,0.4401,0.469
3518404,Guaratinguetá - SP,35,1.5,0.4902,0.5138,0.5001,0.9076,0.0062,True,False,0.0,117121,0.54,0.5023,0.5254,0.4902,0.5138,0.486,0.5098
3518503,Guareí - SP,35,1.5,0.3825,0.4207,0.3852,0.6924,0.0057,True,False,0.0,12266,0.44,0.3983,0.4355,0.3825,0.4207,0.3771,0.4156
3518602,Guariba - SP,35,1.5,0.3883,0.426,0.4298,0.7537,0.0205,True,True,0.0,36698,0.43,0.3883,0.426,0.3883,0.426,0.3883,0.426
3518701,Guarujá - SP,35,1.5,0.4551,0.4848,0.4717,0.8206,0.0048,True,False,0.0,287037,0.5,0.475,0.5035,0.4551,0.4848,0.4482,0.4782
3518800,Guarulhos - SP,35,1.5,0.4908,0.5156,0.5211,0.8955,0.0042,True,True,0.0,1284479,0.51,0.5018,0.5261,0.4908,0.5156,0.487,0.512
3518859,Guatapará - SP,35,1.5,0.427,0.4608,0.4399,0.7931,0.0121,True,False,0.0,7286,0.53,0.45,0.4824,0.427,0.4608,0.4189,0.4531
3518909,Guzolândia - SP,35,1.5,0.3648,0.4064,0.3908,0.6924,0.0215,True,False,0.0,4244,0.41,0.3648,0.4064,0.3648,0.4064,0.3648,0.4064
3519006,Herculândia - SP,35,1.5,0.3867,0.426,0.4152,0.6955,0.0081,True,False,0.0,9107,0.44,0.4107,0.4485,0.3867,0.426,0.3783,0.4181
3519055,Holambra - SP,35,1.5,0.4995,0.5235,0.4419,0.8129,0.0176,True,False,0.0,15053,0.54,0.5579,0.5796,0.4995,0.5235,0.4764,0.5013
3519071,Hortolândia - SP,35,1.5,0.4113,0.4437,0.4501,0.7793,0.0083,True,True,0.0,232198,0.41,0.4163,0.4484,0.4113,0.4437,0.4097,0.4421
3519105,Iacanga - SP,35,1.5,0.4067,0.442,0.4596,0.7641,0.0153,True,True,0.0,10438,0.4,0.4067,0.442,0.4067,0.442,0.4067,0.442
3519204,Iacri - SP,35,1.5,0.4205,0.4539,0.4199,0.7655,0.0066,True,False,0.0,6131,0.44,0.44,0.4723,0.4205,0.4539,0.4137,0.4475
3519253,Iaras - SP,35,1.5,0.4098,0.4441,0.4392,0.7832,0.0079,True,False,0.0,5124,0.52,0.4098,0.4441,0.4098,0.4441,0.4098,0.4441
3519303,Ibaté - SP,35,1.5,0.3692,0.4075,0.4067,0.7119,0.0076,True,False,0.0,32175,0.37,0.3692,0.4075,0.3692,0.4075,0.3692,0.4075
3519402,Ibirá - SP,35,1.5,0.3876,0.4241,0.4082,0.7386,0.013,True,False,0.0,11670,0.48,0.3876,0.4241,0.3876,0.4241,0.3876,0.4241
3519501,Ibirarema - SP,35,1.5,0.4074,0.4426,0.395,0.7207,0.0084,True,False,0.0,6361,0.43,0.4386,0.4721,0.4074,0.4426,0.3962,0.4321
3519600,Ibitinga - SP,35,1.5,0.3898,0.4281,0.4113,0.7025,0.01,True,False,0.0,59861,0.43,0.4067,0.4439,0.3898,0.4281,0.384,0.4226
3519709,Ibiúna - SP,35,1.5,0.43,0.4628,0.4453,0.7604,0.0085,True,False,0.0,75468,0.48,0.4454,0.4773,0.43,0.4628,0.4247,0.4578
3519808,Icém - SP,35,1.5,0.409,0.4427,0.4289,0.7372,0.0085,True,False,0.0,6914,0.45,0.409,0.4427,0.409,0.4427,0.409,0.4427
3519907,Iepê - SP,35,1.5,0.3901,0.4258,0.4125,0.746,0.0051,True,False,0.0,7586,0.44,0.3901,0.4258,0.3901,0.4258,0.3901,0.4258
3520004,Igaraçu do Tietê - SP,35,1.5,0.3679,0.4069,0.4118,0.7267,0.0127,True,True,0.0,22869,0.36,0.3679,0.4069,0.3679,0.4069,0.3679,0.4069
3520103,Igarapava - SP,35,1.5,0.4017,0.4373,0.4121,0.711,0.0063,True,False,0.0,26168,0.67,0.4181,0.4526,0.4017,0.4373,0.3961,0.432
3520202,Igaratá - SP,35,1.5,0.4333,0.4633,0.4335,0.799,0.0078,True,False,0.0,10573,0.41,0.4461,0.4755,0.4333,0.4633,0.4288,0.4592
3520301,Iguape - SP,35,1.5,0.4435,0.474,0.4684,0.8253,0.0052,True,False,0.0,29052,0.55,0.4435,0.474,0.4435,0.474,0.4435,0.474
3520400,Ilhabela - SP,35,1.5,0.4527,0.4808,0.443,0.7893,0.0108,True,False,0.0,34813,0.49,0.4781,0.5049,0.4527,0.4808,0.4437,0.4722
3520426,Ilha Comprida - SP,35,1.5,0.447,0.4756,0.48,0.8309,0.0083,True,True,0.0,13328,0.46,0.447,0.4756,0.447,0.4756,0.447,0.4756
3520442,Ilha Solteira - SP,35,1.5,0.4282,0.4561,0.4493,0.8154,0.0117,True,False,0.0,25549,0.48,0.4282,0.4561,0.4282,0.4561,0.4282,0.4561
3520509,Indaiatuba - SP,35,1.5,0.4804,0.5034,0.4941,0.8353,0.0094,True,False,0.0,254975,0.47,0.4991,0.5213,0.4804,0.5034,0.4738,0.4971
3520608,Indiana - SP,35,1.5,0.3899,0.4242,0.4109,0.7639,0.0105,True,False,0.0,5090,0.45,0.3899,0.4242,0.3899,0.4242,0.3899,0.4242
3520707,Indiaporã - SP,35,1.5,0.3986,0.4336,0.4146,0.7588,0.009,True,False,0.0,4031,0.47,0.3986,0.4336,0.3986,0.4336,0.3986,0.4336
3520806,Inúbia Paulista - SP,35,1.5,0.3337,0.3747,0.3582,0.6429,0.0072,True,False,0.0,3594,0.37,0.3337,0.3747,0.3337,0.3747,0.3337,0.3747
3520905,Ipaussu - SP,35,1.5,0.3852,0.4198,0.409,0.7333,0.0078,True,False,0.0,13697,0.48,0.3852,0.4198,0.3852,0.4198,0.3852,0.4198
3521002,Iperó - SP,35,1.5,0.4042,0.44,0.4257,0.7267,0.0053,True,False,0.0,33572,0.4,0.4167,0.4517,0.4042,0.44,0.3999,0.4359
3521101,Ipeúna - SP,35,1.5,0.3994,0.4355,0.3981,0.716,0.0117,True,False,0.0,6829,0.46,0.4341,0.4682,0.3994,0.4355,0.3868,0.4237
3521150,Ipiguá - SP,35,1.5,0.373,0.4113,0.4046,0.7271,0.0094,True,False,0.0,6761,0.36,0.373,0.4113,0.373,0.4113,0.373,0.4113
3521200,Iporanga - SP,35,1.5,0.5058,0.5338,0.4861,0.9136,0.0089,True,False,0.0,4035,0.53,0.542,0.568,0.5058,0.5338,0.4924,0.5212
3521309,Ipuã - SP,35,1.5,0.3744,0.4135,0.3788,0.6907,0.0071,True,False,0.0,14442,0.59,0.4013,0.4386,0.3744,0.4135,0.365,0.4046
3521408,Iracemápolis - SP,35,1.5,0.3679,0.4022,0.3876,0.706,0.008,True,False,0.0,21934,0.4,0.3767,0.4106,0.3679,0.4022,0.3649,0.3994
3521507,Irapuã - SP,35,1.5,0.3193,0.3665,0.3489,0.6272,0.0104,True,False,0.0,6841,0.36,0.3193,0.3665,0.3193,0.3665,0.3193,0.3665
3521606,Irapuru - SP,35,1.5,0.3736,0.4109,0.4176,0.7173,0.0071,True,True,0.0,5881,0.44,0.3736,0.4109,0.3736,0.4109,0.3736,0.4109
3521705,Itaberá - SP,35,1.5,0.4326,0.4651,0.4586,0.8027,0.0091,True,False,0.0,17920,0.5,0.4326,0.4651,0.4326,0.4651,0.4326,0.4651
3521804,Itaí - SP,35,1.5,0.4414,0.4712,0.4559,0.7889,0.0058,True,False,0.0,24103,0.45,0.4588,0.4877,0.4414,0.4712,0.4354,0.4655
3521903,Itajobi - SP,35,1.5,0.3723,0.4097,0.3984,0.6798,0.0097,True,False,0.0,16949,0.38,0.3792,0.4162,0.3723,0.4097,0.3699,0.4075
3522000,Itaju - SP,35,1.5,0.3707,0.4082,0.4027,0.6808,0.008,True,False,0.0,3619,0.37,0.3707,0.4082,0.3707,0.4082,0.3707,0.4082
3522109,Itanhaém - SP,35,1.5,0.4791,0.5055,0.5126,0.8902,0.0027,True,True,0.0,112179,0.5,0.4815,0.5078,0.4791,0.5055,0.4782,0.5047
3522158,Itaoca - SP,35,1.5,0.4783,0.5092,0.4836,0.8678,0.0142,True,False,0.0,3421,0.54,0.4783,0.5092,0.4783,0.5092,0.4783,0.5092
3522208,Itapecerica da Serra - SP,35,1.5,0.4449,0.4773,0.4696,0.794,0.0078,True,False,0.0,157849,0.45,0.4624,0.4937,0.4449,0.4773,0.4389,0.4716
3522307,Itapetininga - SP,35,1.5,0.4618,0.4898,0.4544,0.8159,0.0075,True,False,0.0,154284,0.49,0.4882,0.515,0.4618,0.4898,0.4523,0.4809
3522406,Itapeva - SP,35,1.5,0.4734,0.5009,0.4772,0.8198,0.01,True,False,0.0,89544,0.53,0.4912,0.5177,0.4734,0.5009,0.4672,0.495
3522505,Itapevi - SP,35,1.5,0.4288,0.4628,0.487,0.7728,0.0082,True,True,0.0,231938,0.45,0.4321,0.4659,0.4288,0.4628,0.4277,0.4618
3522604,Itapira - SP,35,1.5,0.4232,0.454,0.4354,0.7437,0.0069,True,False,0.0,71442,0.45,0.4438,0.4736,0.4232,0.454,0.416,0.4472
3522653,Itapirapuã Paulista - SP,35,1.5,0.3698,0.4101,0.3687,0.6699,0.0172,True,False,0.0,4305,0.53,0.3698,0.4101,0.3698,0.4101,0.3698,0.4101
3522703,Itápolis - SP,35,1.5,0.3915,0.4271,0.4092,0.7174,0.0078,True,False,0.0,39433,0.45,0.411,0.4454,0.3915,0.4271,0.3847,0.4207
3522802,Itaporanga - SP,35,1.5,0.3938,0.4301,0.4041,0.7167,0.0143,True,False,0.0,14034,0.53,0.3938,0.4301,0.3938,0.4301,0.3938,0.4301
3522901,Itapuí - SP,35,1.5,0.3448,0.387,0.3856,0.6974,0.0143,True,False,0.0,13610,0.41,0.3448,0.387,0.3448,0.387,0.3448,0.387
3523008,Itapura - SP,35,1.5,0.4123,0.4492,0.4271,0.7558,0.0183,True,False,0.0,3971,0.45,0.4123,0.4492,0.4123,0.4492,0.4123,0.4492
3523107,Itaquaquecetuba - SP,35,1.5,0.3873,0.4254,0.438,0.723,0.0073,True,True,0.0,369029,0.42,0.3914,0.4293,0.3873,0.4254,0.3859,0.4241
3523206,Itararé - SP,35,1.5,0.4459,0.4773,0.461,0.8112,0.0075,True,False,0.0,44373,0.48,0.4602,0.4908,0.4459,0.4773,0.441,0.4726
3523305,Itariri - SP,35,1.5,0.4345,0.466,0.4682,0.7982,0.0113,True,True,0.0,15471,0.5,0.4345,0.466,0.4345,0.466,0.4345,0.466
3523404,Itatiba - SP,35,1.5,0.4553,0.4815,0.4449,0.8029,0.0086,True,False,0.0,121125,0.48,0.4838,0.5087,0.4553,0.4815,0.445,0.4717
3523503,Itatinga - SP,35,1.5,0.3602,0.3983,0.3831,0.6917,0.0078,True,False,0.0,18064,0.43,0.3602,0.3983,0.3602,0.3983,0.3602,0.3983
3523602,Itirapina - SP,35,1.5,0.4352,0.4644,0.4414,0.7998,0.0029,True,False,0.0,13147,0.48,0.4569,0.485,0.4352,0.4644,0.4276,0.4572
3523701,Itirapuã - SP,35,1.5,0.3805,0.4206,0.3707,0.6787,0.006,True,False,0.0,5755,0.44,0.4213,0.4589,0.3805,0.4206,0.3655,0.4066
3523800,Itobi - SP,35,1.5,0.344,0.3848,0.363,0.6521,0.0079,True,False,0.0,8004,0.41,0.3521,0.3925,0.344,0.3848,0.3413,0.3823
3523909,Itu - SP,35,1.5,0.449,0.478,0.4508,0.8133,0.0106,True,False,0.0,167740,0.52,0.4667,0.4949,0.449,0.478,0.4428,0.4722
3524006,Itupeva - SP,35,1.5,0.4469,0.4749,0.4624,0.8159,0.01,True,False,0.0,70540,0.43,0.456,0.4834,0.4469,0.4749,0.4439,0.4719
3524105,Ituverava - SP,35,1.5,0.4579,0.4877,0.4382,0.79,0.0108,True,False,0.0,37493,0.52,0.4856,0.514,0.4579,0.4877,0.448,0.4783
3524204,Jaborandi - SP,35,1.5,0.3741,0.4139,0.3771,0.6837,0.0126,True,False,0.0,6198,0.39,0.3959,0.4344,0.3741,0.4139,0.3665,0.4067
3524303,Jaboticabal - SP,35,1.5,0.4526,0.4799,0.4527,0.805,0.0087,True,False,0.0,71593,0.52,0.4659,0.4925,0.4526,0.4799,0.4481,0.4755
3524402,Jacareí - SP,35,1.5,0.4527,0.4795,0.4765,0.8434,0.0052,True,False,0.0,239975,0.49,0.4586,0.4851,0.4527,0.4795,0.4508,0.4777
3524501,Jaci - SP,35,1.5,0.3128,0.359,0.3504,0.6127,0.0147,True,False,0.0,7440,0.35,0.3128,0.359,0.3128,0.359,0.3128,0.359
3524600,Jacupiranga - SP,35,1.5,0.4561,0.485,0.4596,0.8069,0.0107,True,False,0.0,16063,0.53,0.4767,0.5045,0.4561,0.485,0.4488,0.4781
3524709,Jaguariúna - SP,35,1.5,0.4892,0.5141,0.5121,0.8185,0.0088,True,False,0.0,59132,0.49,0.5199,0.5434,0.4892,0.5141,0.4781,0.5035
3524808,Jales - SP,35,1.5,0.4455,0.474,0.4577,0.8106,0.0133,True,False,0.0,48619,0.46,0.4715,0.4988,0.4455,0.474,0.4362,0.4653
3524907,Jambeiro - SP,35,1.5,0.4732,0.5015,0.4556,0.836,0.0149,True,False,0.0,6378,0.49,0.4867,0.5142,0.4732,0.5015,0.4686,0.4971
3525003,Jandira - SP,35,1.5,0.4665,0.4949,0.4815,0.8305,0.009,True,False,0.0,118015,0.48,0.4862,0.5135,0.4665,0.4949,0.4596,0.4883
3525102,Jardinópolis - SP,35,1.5,0.3857,0.4199,0.4124,0.7382,0.0047,True,False,0.0,43287,0.48,0.3857,0.4199,0.3857,0.4199,0.3857,0.4199
3525201,Jarinu - SP,35,1.5,0.4228,0.454,0.4686,0.7758,0.0023,True,True,0.0,37482,0.45,0.4228,0.454,0.4228,0.454,0.4228,0.454
3525300,Jaú - SP,35,1.5,0.4383,0.4702,0.4565,0.7751,0.0123,True,False,0.0,132769,0.45,0.4621,0.4927,0.4383,0.4702,0.4299,0.4623
3525409,Jeriquara - SP,35,1.5,0.4442,0.4781,0.3804,0.6924,0.0071,True,False,0.0,3864,0.42,0.5219,0.5515,0.4442,0.4781,0.4123,0.4479
3525508,Joanópolis - SP,35,1.5,0.4265,0.459,0.4218,0.7462,0.0147,True,False,0.0,12729,0.43,0.4373,0.4692,0.4265,0.459,0.4228,0.4555
3525607,João Ramalho - SP,35,1.5,0.3614,0.3992,0.3939,0.706,0.0088,True,False,0.0,4371,0.42,0.3614,0.3992,0.3614,0.3992,0.3614,0.3992
3525706,José Bonifácio - SP,35,1.5,0.3991,0.434,0.4206,0.7362,0.0097,True,False,0.0,36511,0.45,0.4074,0.4419,0.3991,0.434,0.3962,0.4314
3525805,Júlio Mesquita - SP,35,1.5,0.3886,0.4271,0.4352,0.7725,0.0208,True,True,0.0,4254,0.41,0.3886,0.4271,0.3886,0.4271,0.3886,0.4271
3525854,Jumirim - SP,35,1.5,0.34,0.3818,0.3616,0.6562,0.0106,True,False,0.0,3056,0.39,0.34,0.3818,0.34,0.3818,0.34,0.3818
3525904,Jundiaí - SP,35,1.5,0.4827,0.5042,0.4812,0.863,0.0046,True,False,0.0,441224,0.53,0.516,0.5362,0.4827,0.5042,0.4705,0.4925
3526001,Junqueirópolis - SP,35,1.5,0.3919,0.4257,0.4187,0.7438,0.0053,True,False,0.0,19098,0.43,0.3919,0.4257,0.3919,0.4257,0.3919,0.4257
3526100,Juquiá - SP,35,1.5,0.4434,0.4746,0.4524,0.7951,0.007,True,False,0.0,17114,0.49,0.4609,0.4911,0.4434,0.4746,0.4373,0.4688
3526209,Juquitiba - SP,35,1.5,0.4352,0.4686,0.4682,0.7876,0.0051,True,False,0.0,27306,0.49,0.449,0.4816,0.4352,0.4686,0.4304,0.4641
3526308,Lagoinha - SP,35,1.5,0.3771,0.4153,0.3915,0.7124,0.0094,True,False,0.0,4984,0.48,0.3771,0.4153,0.3771,0.4153,0.3771,0.4153
3526407,Laranjal Paulista - SP,35,1.5,0.4055,0.4409,0.4173,0.7353,0.0095,True,False,0.0,26188,0.41,0.4129,0.4478,0.4055,0.4409,0.4031,0.4386
3526506,Lavínia - SP,35,1.5,0.3952,0.4267,0.4081,0.7398,0.0136,True,False,0.0,4801,0.38,0.3952,0.4267,0.3952,0.4267,0.3952,0.4267
3526605,Lavrinhas - SP,35,1.5,0.4042,0.4382,0.4472,0.751,0.0025,True,True,0.0,7139,0.55,0.4042,0.4382,0.4042,0.4382,0.4042,0.4382
3526704,Leme - SP,35,1.5,0.4304,0.462,0.4473,0.8033,0.0076,True,False,0.0,97979,0.48,0.4412,0.4722,0.4304,0.462,0.4267,0.4585
3526803,Lençóis Paulista - SP,35,1.5,0.3904,0.4238,0.4239,0.7364,0.0076,True,True,0.0,66285,0.43,0.3941,0.4273,0.3904,0.4238,0.3891,0.4226
3526902,Limeira - SP,35,1.5,0.45,0.478,0.4512,0.8085,0.0077,True,False,0.0,289963,0.48,0.475,0.5017,0.45,0.478,0.4412,0.4696
3527009,Lindóia - SP,35,1.5,0.4457,0.4797,0.3929,0.6811,0.0084,True,False,0.0,7016,0.4,0.5177,0.5477,0.4457,0.4797,0.4166,0.4523
3527108,Lins - SP,35,1.5,0.4274,0.4567,0.4514,0.798,0.0087,True,False,0.0,74187,0.45,0.4384,0.4671,0.4274,0.4567,0.4237,0.4532
3527207,Lorena - SP,35,1.5,0.4696,0.4954,0.4779,0.8637,0.0038,True,False,0.0,84572,0.52,0.4883,0.5133,0.4696,0.4954,0.463,0.4892
3527256,Lourdes - SP,35,1.5,0.3373,0.381,0.3751,0.6809,0.0177,True,False,0.0,1904,0.37,0.3373,0.381,0.3373,0.381,0.3373,0.381
3527306,Louveira - SP,35,1.5,0.4638,0.4896,0.4716,0.8191,0.0066,True,False,0.0,51767,0.5,0.4821,0.5071,0.4638,0.4896,0.4574,0.4835
3527405,Lucélia - SP,35,1.5,0.3631,0.4019,0.3806,0.6788,0.0146,True,False,0.0,17479,0.46,0.3809,0.4186,0.3631,0.4019,0.3569,0.3961
3527504,Lucianópolis - SP,35,1.5,0.3134,0.3575,0.3372,0.6123,0.0039,True,False,0.0,2369,0.51,0.3134,0.3575,0.3134,0.3575,0.3134,0.3575
3527603,Luís Antônio - SP,35,1.5,0.3847,0.4207,0.4187,0.7254,0.0087,True,False,0.0,12264,0.42,0.3847,0.4207,0.3847,0.4207,0.3847,0.4207
3527702,Luiziânia - SP,35,1.5,0.3487,0.3903,0.3694,0.6753,0.0113,True,False,0.0,4683,0.35,0.3487,0.3903,0.3487,0.3903,0.3487,0.3903
3527801,Lupércio - SP,35,1.5,0.3831,0.4221,0.4294,0.7237,0.0135,True,True,0.0,3981,0.4,0.3831,0.4221,0.3831,0.4221,0.3831,0.4221
3527900,Lutécia - SP,35,1.5,0.3693,0.4082,0.3927,0.7063,0.0101,True,False,0.0,2662,0.42,0.3693,0.4082,0.3693,0.4082,0.3693,0.4082
3528007,Macatuba - SP,35,1.5,0.3443,0.3834,0.3729,0.6762,0.005,True,False,0.0,16785,0.55,0.3443,0.3834,0.3443,0.3834,0.3443,0.3834
3528106,Macaubal - SP,35,1.5,0.4155,0.4493,0.4383,0.782,0.015,True,False,0.0,7449,0.43,0.4303,0.4633,0.4155,0.4493,0.4104,0.4445
3528205,Macedônia - SP,35,1.5,0.3638,0.4022,0.3796,0.6717,0.0112,True,False,0.0,3952,0.42,0.3638,0.4022,0.3638,0.4022,0.3638,0.4022
3528304,Magda - SP,35,1.5,0.3828,0.4174,0.4023,0.7023,0.0118,True,False,0.0,3162,0.44,0.3828,0.4174,0.3828,0.4174,0.3828,0.4174
3528403,Mairinque - SP,35,1.5,0.3896,0.4261,0.4069,0.7276,0.0091,True,False,0.0,48943,0.44,0.4049,0.4406,0.3896,0.4261,0.3842,0.4211
3528502,Mairiporã - SP,35,1.5,0.5018,0.5251,0.5031,0.9001,0.007,True,False,0.0,93413,0.56,0.5149,0.5376,0.5018,0.5251,0.4973,0.5208
3528601,Manduri - SP,35,1.5,0.4003,0.4344,0.4092,0.7326,0.0144,True,False,0.0,9833,0.48,0.4003,0.4344,0.4003,0.4344,0.4003,0.4344
3528700,Marabá Paulista - SP,35,1.5,0.4203,0.4517,0.4577,0.8309,0.0101,True,True,0.0,3493,0.39,0.4203,0.4517,0.4203,0.4517,0.4203,0.4517
3528809,Maracaí - SP,35,1.5,0.353,0.3932,0.3811,0.678,0.0103,True,False,0.0,12674,0.42,0.353,0.3932,0.353,0.3932,0.353,0.3932
3528858,Marapoama - SP,35,1.5,0.314,0.357,0.348,0.6269,0.0062,True,False,0.0,3293,0.4,0.314,0.357,0.314,0.357,0.314,0.357
3528908,Mariápolis - SP,35,1.5,0.3603,0.4006,0.3948,0.7183,0.0149,True,False,0.0,3513,0.37,0.3603,0.4006,0.3603,0.4006,0.3603,0.4006
3529005,Marília - SP,35,1.5,0.4603,0.4865,0.4618,0.8187,0.0069,True,False,0.0,235787,0.5,0.4814,0.5066,0.4603,0.4865,0.4529,0.4794
3529104,Marinópolis - SP,35,1.5,0.3441,0.3859,0.3548,0.6444,0.0143,True,False,0.0,1860,0.43,0.3441,0.3859,0.3441,0.3859,0.3441,0.3859
3529203,Martinópolis - SP,35,1.5,0.4373,0.4686,0.4349,0.774,0.0098,True,False,0.0,23585,0.45,0.4752,0.5045,0.4373,0.4686,0.4234,0.4554
3529302,Matão - SP,35,1.5,0.3817,0.4166,0.4113,0.7236,0.0067,True,False,0.0,78917,0.52,0.3847,0.4194,0.3817,0.4166,0.3807,0.4156
3529401,Mauá - SP,35,1.5,0.3997,0.4332,0.4481,0.7618,0.0062,True,True,0.0,417255,0.44,0.4005,0.434,0.3997,0.4332,0.3994,0.433
3529500,Mendonça - SP,35,1.5,0.3846,0.4223,0.3871,0.7039,0.0128,True,False,0.0,6157,0.36,0.4118,0.4479,0.3846,0.4223,0.375,0.4133
3529609,Meridiano - SP,35,1.5,0.3563,0.3939,0.3767,0.6777,0.0054,True,False,0.0,4572,0.4,0.3563,0.3939,0.3563,0.3939,0.3563,0.3939
3529658,Mesópolis - SP,35,1.5,0.3179,0.3646,0.347,0.6147,0.009,True,False,0.0,1952,0.37,0.3179,0.3646,0.3179,0.3646,0.3179,0.3646
3529708,Miguelópolis - SP,35,1.5,0.4579,0.4897,0.4243,0.7561,0.0066,True,False,0.0,19381,0.46,0.5093,0.5382,0.4579,0.4897,0.4383,0.4712
3529807,Mineiros do Tietê - SP,35,1.5,0.3629,0.401,0.392,0.6973,0.0022,True,False,0.0,11200,0.39,0.3629,0.401,0.3629,0.401,0.3629,0.401
3529906,Miracatu - SP,35,1.5,0.4417,0.4737,0.4723,0.8406,0.0096,True,False,0.0,18513,0.5,0.4417,0.4737,0.4417,0.4737,0.4417,0.4737
3530003,Mira Estrela - SP,35,1.5,0.3384,0.3833,0.3778,0.6613,0.0136,True,False,0.0,3122,0.43,0.3384,0.3833,0.3384,0.3833,0.3384,0.3833
3530102,Mirandópolis - SP,35,1.5,0.4212,0.4521,0.4509,0.7863,0.0095,True,False,0.0,23609,0.45,0.4212,0.4521,0.4212,0.4521,0.4212,0.4521
3530201,Mirante do Paranapanema - SP,35,1.5,0.4222,0.4554,0.4452,0.7884,0.0124,True,False,0.0,15834,0.5,0.4334,0.4659,0.4222,0.4554,0.4184,0.4518
3530300,Mirassol - SP,35,1.5,0.4553,0.4822,0.4612,0.8107,0.0091,True,False,0.0,63188,0.43,0.4723,0.4984,0.4553,0.4822,0.4493,0.4765
3530409,Mirassolândia - SP,35,1.5,0.3667,0.4055,0.397,0.7078,0.0072,True,False,0.0,4662,0.39,0.3667,0.4055,0.3667,0.4055,0.3667,0.4055
3530508,Mococa - SP,35,1.5,0.4445,0.4748,0.4481,0.8126,0.0099,True,False,0.0,67280,0.53,0.459,0.4885,0.4445,0.4748,0.4395,0.47
3530607,Mogi das Cruzes - SP,35,1.5,0.5142,0.5361,0.526,0.9429,0.0036,True,False,0.0,450726,0.54,0.5351,0.5562,0.5142,0.5361,0.5068,0.5291
3530706,Mogi Guaçu - SP,35,1.5,0.408,0.441,0.4197,0.7365,0.0084,True,False,0.0,152620,0.44,0.4305,0.4623,0.408,0.441,0.4,0.4335
3530805,Mogi Mirim - SP,35,1.5,0.4677,0.4937,0.4821,0.8239,0.0095,True,False,0.0,91894,0.49,0.4877,0.5128,0.4677,0.4937,0.4607,0.487
3530904,Mombuca - SP,35,1.5,0.3933,0.4271,0.4304,0.7888,0.009,True,True,0.0,3721,0.61,0.3933,0.4271,0.3933,0.4271,0.3933,0.4271
3531001,Monções - SP,35,1.5,0.3314,0.3751,0.3531,0.6372,0.0072,True,False,0.0,1937,0.43,0.3314,0.3751,0.3314,0.3751,0.3314,0.3751
3531100,Mongaguá - SP,35,1.5,0.4545,0.4837,0.5025,0.8743,0.0073,True,True,0.0,59183,0.5,0.4545,0.4837,0.4545,0.4837,0.4545,0.4837
3531209,Monte Alegre do Sul - SP,35,1.5,0.4595,0.4888,0.4197,0.7524,0.0116,True,False,0.0,8604,0.48,0.5121,0.5389,0.4595,0.4888,0.4393,0.4697
3531308,Monte Alto - SP,35,1.5,0.389,0.4271,0.3778,0.6715,0.0118,True,False,0.0,47381,0.42,0.4274,0.4632,0.389,0.4271,0.3751,0.414
3531407,Monte Aprazível - SP,35,1.5,0.395,0.4283,0.4286,0.7553,0.0082,True,True,0.0,22236,0.5,0.395,0.4283,0.395,0.4283,0.395,0.4283
3531506,Monte Azul Paulista - SP,35,1.5,0.4076,0.4409,0.4067,0.7232,0.0131,True,False,0.0,18126,0.46,0.4166,0.4494,0.4076,0.4409,0.4045,0.4379
3531605,Monte Castelo - SP,35,1.5,0.3432,0.3832,0.3704,0.6617,0.003,True,False,0.0,4221,0.38,0.3432,0.3832,0.3432,0.3832,0.3432,0.3832
3531704,Monteiro Lobato - SP,35,1.5,0.4409,0.4708,0.4721,0.7888,0.0098,True,True,0.0,4121,0.48,0.4409,0.4708,0.4409,0.4708,0.4409,0.4708
3531803,Monte Mor - SP,35,1.5,0.3877,0.4243,0.4298,0.7534,0.0114,True,True,0.0,64615,0.44,0.3877,0.4243,0.3877,0.4243,0.3877,0.4243
3531902,Morro Agudo - SP,35,1.5,0.3695,0.4082,0.4103,0.7207,0.0148,True,True,0.0,27894,0.45,0.3695,0.4082,0.3695,0.4082,0.3695,0.4082
3532009,Morungaba - SP,35,1.5,0.3888,0.4258,0.4116,0.7417,0.0142,True,False,0.0,13566,0.41,0.3888,0.4258,0.3888,0.4258,0.3888,0.4258
3532058,Motuca - SP,35,1.5,0.3536,0.3941,0.3923,0.7107,0.0157,True,False,0.0,4033,0.45,0.3536,0.3941,0.3536,0.3941,0.3536,0.3941
3532108,Murutinga do Sul - SP,35,1.5,0.3613,0.3983,0.3962,0.6983,0.0098,True,False,0.0,3708,0.43,0.3613,0.3983,0.3613,0.3983,0.3613,0.3983
3532157,Nantes - SP,35,1.5,0.3937,0.4284,0.4091,0.7287,0.0068,True,False,0.0,2659,0.35,0.3937,0.4284,0.3937,0.4284,0.3937,0.4284
3532207,Narandiba - SP,35,1.5,0.3589,0.401,0.3815,0.6784,0.0149,True,False,0.0,5709,0.36,0.3589,0.401,0.3589,0.401,0.3589,0.401
3532306,Natividade da Serra - SP,35,1.5,0.4423,0.4746,0.4342,0.7857,0.01,True,False,0.0,6989,0.51,0.4569,0.4884,0.4423,0.4746,0.4372,0.4698
3532405,Nazaré Paulista - SP,35,1.5,0.4161,0.4508,0.4004,0.7204,0.0046,True,False,0.0,18180,0.45,0.4562,0.4887,0.4161,0.4508,0.4013,0.4369
3532504,Neves Paulista - SP,35,1.5,0.4194,0.452,0.4001,0.7262,0.0061,True,False,0.0,9663,0.4,0.4567,0.4873,0.4194,0.452,0.4059,0.4392
3532603,Nhandeara - SP,35,1.5,0.4071,0.4402,0.4336,0.7784,0.0137,True,False,0.0,9761,0.49,0.4071,0.4402,0.4071,0.4402,0.4071,0.4402
3532702,Nipoã - SP,35,1.5,0.3209,0.3655,0.3519,0.6308,0.0055,True,False,0.0,4748,0.37,0.3209,0.3655,0.3209,0.3655,0.3209,0.3655
3532801,Nova Aliança - SP,35,1.5,0.3405,0.3811,0.3783,0.687,0.0108,True,False,0.0,6686,0.38,0.3405,0.3811,0.3405,0.3811,0.3405,0.3811
3532827,Nova Campina - SP,35,1.5,0.4009,0.4391,0.4474,0.7288,0.0147,True,True,0.0,8492,0.47,0.4009,0.4391,0.4009,0.4391,0.4009,0.4391
3532843,Nova Canaã Paulista - SP,35,1.5,0.3216,0.365,0.3538,0.6227,0.0176,True,False,0.0,2033,0.34,0.3216,0.365,0.3216,0.365,0.3216,0.365
3532868,Nova Castilho - SP,35,1.5,0.377,0.4138,0.4053,0.727,0.0127,True,False,0.0,1062,0.36,0.377,0.4138,0.377,0.4138,0.377,0.4138
3532900,Nova Europa - SP,35,1.5,0.4482,0.4799,0.5252,0.7651,0.0075,True,True,0.0,9299,0.39,0.4482,0.4799,0.4482,0.4799,0.4482,0.4799
3533007,Nova Granada - SP,35,1.5,0.3615,0.3998,0.4013,0.721,0.013,True,True,0.0,19388,0.44,0.3615,0.3998,0.3615,0.3998,0.3615,0.3998
3533106,Nova Guataporanga - SP,35,1.5,0.3423,0.3844,0.3718,0.6778,0.0149,True,False,0.0,2148,0.41,0.3423,0.3844,0.3423,0.3844,0.3423,0.3844
3533205,Nova Independência - SP,35,1.5,0.3825,0.4175,0.4168,0.7439,0.015,True,False,0.0,4029,0.36,0.3825,0.4175,0.3825,0.4175,0.3825,0.4175
3533254,Novais - SP,35,1.5,0.332,0.3751,0.3729,0.6745,0.0101,True,False,0.0,4412,0.45,0.332,0.3751,0.332,0.3751,0.332,0.3751
3533304,Nova Luzitânia - SP,35,1.5,0.3676,0.4073,0.3942,0.7054,0.0165,True,False,0.0,2837,0.35,0.3676,0.4073,0.3676,0.4073,0.3676,0.4073
3533403,Nova Odessa - SP,35,1.5,0.3912,0.4229,0.4333,0.7593,0.0107,True,True,0.0,61927,0.41,0.3912,0.4229,0.3912,0.4229,0.3912,0.4229
3533502,Novo Horizonte - SP,35,1.5,0.4368,0.4681,0.4325,0.7649,0.0086,True,False,0.0,38149,0.45,0.4665,0.4962,0.4368,0.4681,0.4262,0.458
3533601,Nuporanga - SP,35,1.5,0.4129,0.4469,0.3988,0.7224,0.0096,True,False,0.0,7356,0.45,0.4511,0.483,0.4129,0.4469,0.3989,0.4338
3533700,Ocauçu - SP,35,1.5,0.4199,0.4556,0.4157,0.753,0.0126,True,False,0.0,4328,0.39,0.4473,0.4814,0.4199,0.4556,0.4102,0.4465
3533809,Óleo - SP,35,1.5,0.3552,0.3945,0.3867,0.7078,0.0077,True,False,0.0,2511,0.43,0.3552,0.3945,0.3552,0.3945,0.3552,0.3945
3533908,Olímpia - SP,35,1.5,0.4152,0.4476,0.444,0.7514,0.0061,True,False,0.0,54991,0.43,0.4247,0.4566,0.4152,0.4476,0.4119,0.4445
3534005,Onda Verde - SP,35,1.5,0.3691,0.4084,0.3559,0.6405,0.0077,True,False,0.0,4766,0.34,0.4053,0.4423,0.3691,0.4084,0.3561,0.3961
3534104,Oriente - SP,35,1.5,0.359,0.3976,0.3883,0.6945,0.0066,True,False,0.0,6060,0.44,0.359,0.3976,0.359,0.3976,0.359,0.3976
3534203,Orindiúva - SP,35,1.5,0.3919,0.4266,0.4111,0.7521,0.0077,True,False,0.0,5998,0.38,0.3919,0.4266,0.3919,0.4266,0.3919,0.4266
3534302,Orlândia - SP,35,1.5,0.4053,0.4396,0.4196,0.7508,0.0111,True,False,0.0,38284,0.5,0.4191,0.4527,0.4053,0.4396,0.4005,0.4351
3534401,Osasco - SP,35,1.5,0.4898,0.5131,0.5111,0.891,0.0041,True,False,0.0,725945,0.53,0.5053,0.5279,0.4898,0.5131,0.4844,0.508
3534500,Oscar Bressane - SP,35,1.5,0.3331,0.3743,0.3494,0.6364,0.0123,True,False,0.0,2470,0.45,0.3331,0.3743,0.3331,0.3743,0.3331,0.3743
3534609,Osvaldo Cruz - SP,35,1.5,0.473,0.4995,0.4688,0.8237,0.0123,True,False,0.0,30027,0.46,0.494,0.5195,0.473,0.4995,0.4656,0.4924
3534708,Ourinhos - SP,35,1.5,0.4638,0.4913,0.465,0.8187,0.008,True,False,0.0,103650,0.5,0.4884,0.5147,0.4638,0.4913,0.4551,0.483
3534757,Ouroeste - SP,35,1.5,0.4491,0.4802,0.4272,0.7776,0.0075,True,False,0.0,10284,0.43,0.4924,0.5212,0.4491,0.4802,0.433,0.4649
3534807,Ouro Verde - SP,35,1.5,0.388,0.4233,0.4243,0.7654,0.0061,True,True,0.0,7780,0.39,0.388,0.4233,0.388,0.4233,0.388,0.4233
3534906,Pacaembu - SP,35,1.5,0.3981,0.4301,0.432,0.7642,0.013,True,True,0.0,9781,0.45,0.3981,0.4301,0.3981,0.4301,0.3981,0.4301
3535002,Palestina - SP,35,1.5,0.378,0.4151,0.3791,0.6908,0.008,True,False,0.0,11444,0.4,0.3905,0.4268,0.378,0.4151,0.3738,0.4111
3535101,Palmares Paulista - SP,35,1.5,0.3556,0.3978,0.3876,0.6721,0.0163,True,False,0.0,9636,0.34,0.3556,0.3978,0.3556,0.3978,0.3556,0.3978
3535200,Palmeira d'Oeste - SP,35,1.5,0.3858,0.423,0.396,0.6719,0.0142,True,False,0.0,8881,0.42,0.4174,0.4528,0.3858,0.423,0.3745,0.4123
3535309,Palmital - SP,35,1.5,0.4666,0.495,0.5145,0.7869,0.0076,True,True,0.0,19567,0.44,0.4666,0.495,0.4666,0.495,0.4666,0.495
3535408,Panorama - SP,35,1.5,0.3782,0.4147,0.4102,0.7444,0.0062,True,False,0.0,14945,0.51,0.3782,0.4147,0.3782,0.4147,0.3782,0.4147
3535507,Paraguaçu Paulista - SP,35,1.5,0.4358,0.4675,0.4539,0.7904,0.0092,True,False,0.0,39854,0.45,0.4509,0.4817,0.4358,0.4675,0.4306,0.4626
3535606,Paraibuna - SP,35,1.5,0.4149,0.4475,0.4254,0.7717,0.0068,True,False,0.0,17625,0.51,0.4253,0.4573,0.4149,0.4475,0.4114,0.4442
3535705,Paraíso - SP,35,1.5,0.3626,0.3989,0.3888,0.7064,0.0136,True,False,0.0,6097,0.45,0.3626,0.3989,0.3626,0.3989,0.3626,0.3989
3535804,Paranapanema - SP,35,1.5,0.4511,0.4822,0.4321,0.7693,0.0156,True,False,0.0,19313,0.47,0.4689,0.4991,0.4511,0.4822,0.4448,0.4763
3535903,Paranapuã - SP,35,1.5,0.4213,0.4548,0.3941,0.7248,0.0057,True,False,0.0,4030,0.45,0.4641,0.4952,0.4213,0.4548,0.4055,0.4398
3536000,Parapuã - SP,35,1.5,0.3764,0.4136,0.3937,0.7164,0.0079,True,False,0.0,10559,0.42,0.3764,0.4136,0.3764,0.4136,0.3764,0.4136
3536109,Pardinho - SP,35,1.5,0.3853,0.4194,0.4072,0.7207,0.0056,True,False,0.0,7137,0.46,0.3853,0.4194,0.3853,0.4194,0.3853,0.4194
3536208,Pariquera-Açu - SP,35,1.5,0.4453,0.4763,0.4355,0.7729,0.0106,True,False,0.0,19193,0.47,0.469,0.4987,0.4453,0.4763,0.437,0.4684
3536257,Parisi - SP,35,1.5,0.2986,0.3475,0.3359,0.6052,0.0104,True,False,0.0,2890,0.4,0.2986,0.3475,0.2986,0.3475,0.2986,0.3475
3536307,Patrocínio Paulista - SP,35,1.5,0.3444,0.387,0.3752,0.6716,0.01,True,False,0.0,14475,0.42,0.3444,0.387,0.3444,0.387,0.3444,0.387
3536406,Paulicéia - SP,35,1.5,0.3871,0.4247,0.4231,0.7198,0.0054,True,False,0.0,7930,0.44,0.3871,0.4247,0.3871,0.4247,0.3871,0.4247
3536505,Paulínia - SP,35,1.5,0.4901,0.5108,0.4964,0.8831,0.0033,True,False,0.0,110103,0.48,0.5185,0.5382,0.4901,0.5108,0.4799,0.501
3536570,Paulistânia - SP,35,1.5,0.3531,0.3953,0.3363,0.6112,0.0153,True,False,0.0,2089,0.43,0.3848,0.425,0.3531,0.3953,0.3417,0.3847
3536604,Paulo de Faria - SP,35,1.5,0.3925,0.4277,0.4274,0.755,0.0096,True,False,0.0,7179,0.51,0.3925,0.4277,0.3925,0.4277,0.3925,0.4277
3536703,Pederneiras - SP,35,1.5,0.4238,0.4553,0.4896,0.7602,0.0107,True,True,0.0,44658,0.49,0.4238,0.4553,0.4238,0.4553,0.4238,0.4553
3536802,Pedra Bela - SP,35,1.5,0.3555,0.3959,0.3744,0.664,0.0047,True,False,0.0,6521,0.41,0.3555,0.3959,0.3555,0.3959,0.3555,0.3959
3536901,Pedranópolis - SP,35,1.5,0.3537,0.3936,0.3864,0.7015,0.0124,True,False,0.0,2736,0.38,0.3537,0.3936,0.3537,0.3936,0.3537,0.3936
3537008,Pedregulho - SP,35,1.5,0.3954,0.4318,0.4011,0.7107,0.0075,True,False,0.0,15474,0.49,0.4198,0.4548,0.3954,0.4318,0.3867,0.4237
3537107,Pedreira - SP,35,1.5,0.3661,0.4065,0.3946,0.6734,0.0136,True,False,0.0,43032,0.42,0.3716,0.4117,0.3661,0.4065,0.3643,0.4048
3537156,Pedrinhas Paulista - SP,35,1.5,0.3986,0.4332,0.405,0.7317,0.0119,True,False,0.0,2805,0.56,0.4151,0.4487,0.3986,0.4332,0.3929,0.4278
3537206,Pedro de Toledo - SP,35,1.5,0.4103,0.4463,0.448,0.8057,0.0245,True,True,0.0,11216,0.47,0.4103,0.4463,0.4103,0.4463,0.4103,0.4463
3537305,Penápolis - SP,35,1.5,0.4208,0.4525,0.4423,0.7791,0.01,True,False,0.0,61329,0.47,0.4321,0.4632,0.4208,0.4525,0.417,0.4488
3537404,Pereira Barreto - SP,35,1.5,0.4738,0.5023,0.4521,0.797,0.0081,True,False,0.0,24053,0.48,0.5207,0.5469,0.4738,0.5023,0.456,0.4854
3537503,Pereiras - SP,35,1.5,0.3716,0.4099,0.393,0.7177,0.0073,True,False,0.0,8708,0.44,0.3716,0.4099,0.3716,0.4099,0.3716,0.4099
3537602,Peruíbe - SP,35,1.5,0.4791,0.5049,0.4968,0.8738,0.0076,True,False,0.0,67925,0.53,0.485,0.5105,0.4791,0.5049,0.4771,0.503
3537701,Piacatu - SP,35,1.5,0.3491,0.3889,0.3742,0.6634,0.0071,True,False,0.0,5490,0.4,0.3491,0.3889,0.3491,0.3889,0.3491,0.3889
3537800,Piedade - SP,35,1.5,0.3711,0.4089,0.3965,0.7152,0.0075,True,False,0.0,52818,0.47,0.3711,0.4089,0.3711,0.4089,0.3711,0.4089
3537909,Pilar do Sul - SP,35,1.5,0.4816,0.5128,0.4335,0.7677,0.0139,True,False,0.0,27511,0.43,0.5404,0.5683,0.4816,0.5128,0.4585,0.491
3538006,Pindamonhangaba - SP,35,1.5,0.4768,0.5031,0.4843,0.8611,0.0036,True,False,0.0,165093,0.52,0.4988,0.5239,0.4768,0.5031,0.4691,0.4957
3538105,Pindorama - SP,35,1.5,0.3919,0.4284,0.4097,0.7208,0.0108,True,False,0.0,14474,0.39,0.4128,0.4481,0.3919,0.4284,0.3846,0.4216
3538204,Pinhalzinho - SP,35,1.5,0.3769,0.4129,0.4188,0.7365,0.0092,True,True,0.0,15163,0.42,0.3769,0.4129,0.3769,0.4129,0.3769,0.4129
3538303,Piquerobi - SP,35,1.5,0.3849,0.4227,0.4181,0.733,0.0095,True,False,0.0,3264,0.42,0.3849,0.4227,0.3849,0.4227,0.3849,0.4227
3538501,Piquete - SP,35,1.5,0.4124,0.446,0.4392,0.7929,0.0078,True,False,0.0,12454,0.49,0.4124,0.446,0.4124,0.446,0.4124,0.446
3538600,Piracaia - SP,35,1.5,0.3788,0.4171,0.3944,0.6907,0.0095,True,False,0.0,25973,0.57,0.3986,0.4358,0.3788,0.4171,0.3718,0.4106
3538709,Piracicaba - SP,35,1.5,0.4718,0.4967,0.4751,0.8523,0.0076,True,False,0.0,420048,0.52,0.4926,0.5165,0.4718,0.4967,0.4645,0.4897
3538808,Piraju - SP,35,1.5,0.4086,0.4404,0.435,0.7827,0.0094,True,False,0.0,29341,0.48,0.4086,0.4404,0.4086,0.4404,0.4086,0.4404
3538907,Pirajuí - SP,35,1.5,0.4805,0.5059,0.4632,0.8465,0.0113,True,False,0.0,19099,0.47,0.5093,0.5334,0.4805,0.5059,0.4701,0.496
3539004,Pirangi - SP,35,1.5,0.3637,0.4041,0.3874,0.689,0.0139,True,False,0.0,10849,0.38,0.3637,0.4041,0.3637,0.4041,0.3637,0.4041
3539103,Pirapora do Bom Jesus - SP,35,1.5,0.3813,0.4189,0.4282,0.7501,0.0106,True,True,0.0,18322,0.47,0.3813,0.4189,0.3813,0.4189,0.3813,0.4189
3539202,Pirapozinho - SP,35,1.5,0.3509,0.3912,0.3916,0.6917,0.0121,True,True,0.0,25303,0.52,0.3509,0.3912,0.3509,0.3912,0.3509,0.3912
3539301,Pirassununga - SP,35,1.5,0.4651,0.4909,0.4609,0.8451,0.0075,True,False,0.0,73350,0.51,0.4934,0.5179,0.4651,0.4909,0.455,0.4812
3539400,Piratininga - SP,35,1.5,0.4564,0.4818,0.4557,0.8354,0.0065,True,False,0.0,15013,0.48,0.4769,0.5014,0.4564,0.4818,0.4492,0.475
3539509,Pitangueiras - SP,35,1.5,0.3791,0.4161,0.4183,0.7453,0.01,True,True,0.0,33655,0.41,0.3791,0.4161,0.3791,0.4161,0.3791,0.4161
3539608,Planalto - SP,35,1.5,0.372,0.4095,0.4114,0.7555,0.011,True,True,0.0,4385,0.37,0.372,0.4095,0.372,0.4095,0.372,0.4095
3539707,Platina - SP,35,1.5,0.36,0.4006,0.3787,0.6837,0.0092,True,False,0.0,3026,0.49,0.36,0.4006,0.36,0.4006,0.36,0.4006
3539806,Poá - SP,35,1.5,0.4194,0.4516,0.4385,0.7664,0.0033,True,False,0.0,103665,0.43,0.4388,0.4699,0.4194,0.4516,0.4127,0.4453
3539905,Poloni - SP,35,1.5,0.3996,0.432,0.4198,0.7468,0.0089,True,False,0.0,5575,0.39,0.3996,0.432,0.3996,0.432,0.3996,0.432
3540002,Pompéia - SP,35,1.5,0.3851,0.42,0.4145,0.7403,0.0159,True,False,0.0,20150,0.47,0.3851,0.42,0.3851,0.42,0.3851,0.42
3540101,Pongaí - SP,35,1.5,0.4104,0.4426,0.4229,0.7837,0.0111,True,False,0.0,3393,0.45,0.4104,0.4426,0.4104,0.4426,0.4104,0.4426
3540200,Pontal - SP,35,1.5,0.3777,0.415,0.4089,0.7317,0.0106,True,False,0.0,36990,0.44,0.3881,0.4247,0.3777,0.415,0.3742,0.4116
3540259,Pontalinda - SP,35,1.5,0.3229,0.368,0.3565,0.6433,0.0101,True,False,0.0,4127,0.38,0.3229,0.368,0.3229,0.368,0.3229,0.368
3540309,Pontes Gestal - SP,35,1.5,0.3394,0.3803,0.3571,0.6504,0.0206,True,False,0.0,2387,0.38,0.3394,0.3803,0.3394,0.3803,0.3394,0.3803
3540408,Populina - SP,35,1.5,0.3893,0.4249,0.406,0.7288,0.019,True,False,0.0,4110,0.41,0.3893,0.4249,0.3893,0.4249,0.3893,0.4249
3540507,Porangaba - SP,35,1.5,0.4616,0.4915,0.4489,0.8011,0.0133,True,False,0.0,10448,0.48,0.4946,0.5228,0.4616,0.4915,0.4496,0.4802
3540606,Porto Feliz - SP,35,1.5,0.4204,0.4539,0.4211,0.7457,0.0105,True,False,0.0,55097,0.45,0.4456,0.4776,0.4204,0.4539,0.4115,0.4455
3540705,Porto Ferreira - SP,35,1.5,0.3945,0.4296,0.4057,0.7296,0.0084,True,False,0.0,52580,0.45,0.4077,0.4421,0.3945,0.4296,0.3899,0.4253
3540754,Potim - SP,35,1.5,0.3891,0.4287,0.4171,0.7095,0.0123,True,False,0.0,17529,0.37,0.3891,0.4287,0.3891,0.4287,0.3891,0.4287
3540804,Potirendaba - SP,35,1.5,0.3775,0.4142,0.3812,0.6927,0.0099,True,False,0.0,18465,0.4,0.3915,0.4274,0.3775,0.4142,0.3727,0.4097
3540853,Pracinha - SP,35,1.5,0.3041,0.3552,0.3486,0.6263,0.0282,True,False,0.0,1427,0.38,0.3041,0.3552,0.3041,0.3552,0.3041,0.3552
3540903,Pradópolis - SP,35,1.5,0.4027,0.4365,0.4394,0.7766,0.0104,True,True,0.0,17077,0.45,0.4027,0.4365,0.4027,0.4365,0.4027,0.4365
3541000,Praia Grande - SP,35,1.5,0.4702,0.4958,0.5027,0.8749,0.0044,True,True,0.0,348516,0.49,0.4805,0.5056,0.4702,0.4958,0.4667,0.4925
3541059,Pratânia - SP,35,1.5,0.376,0.4172,0.3751,0.6827,0.0105,True,False,0.0,5125,0.4,0.4119,0.4508,0.376,0.4172,0.3631,0.4051
3541109,Presidente Alves - SP,35,1.5,0.3874,0.4228,0.4038,0.7405,0.0056,True,False,0.0,3804,0.47,0.3874,0.4228,0.3874,0.4228,0.3874,0.4228
3541208,Presidente Bernardes - SP,35,1.5,0.4159,0.4484,0.437,0.7747,0.0096,True,False,0.0,12410,0.46,0.4359,0.4673,0.4159,0.4484,0.4089,0.4418
3541307,Presidente Epitácio - SP,35,1.5,0.4287,0.4599,0.4565,0.7878,0.0046,True,False,0.0,39247,0.47,0.4287,0.4599,0.4287,0.4599,0.4287,0.4599
3541406,Presidente Prudente - SP,35,1.5,0.4786,0.5031,0.4777,0.8518,0.0067,True,False,0.0,223776,0.54,0.5044,0.5278,0.4786,0.5031,0.4694,0.4943
3541505,Presidente Venceslau - SP,35,1.5,0.4463,0.4747,0.4487,0.8043,0.0085,True,False,0.0,34312,0.49,0.4722,0.4994,0.4463,0.4747,0.437,0.466
3541604,Promissão - SP,35,1.5,0.4322,0.4642,0.4721,0.8142,0.0119,True,True,0.0,35005,0.43,0.4385,0.47,0.4322,0.4642,0.4301,0.4622
3541653,Quadra - SP,35,1.5,0.4611,0.4963,0.408,0.7243,0.013,True,False,0.0,3359,0.49,0.5286,0.5597,0.4611,0.4963,0.4341,0.4709
3541703,Quatá - SP,35,1.5,0.418,0.4523,0.4214,0.7537,0.0058,True,False,0.0,13128,0.41,0.4441,0.4769,0.418,0.4523,0.4088,0.4436
3541802,Queiroz - SP,35,1.5,0.3576,0.398,0.373,0.657,0.0092,True,False,0.0,3260,0.42,0.3576,0.398,0.3576,0.398,0.3576,0.398
3541901,Queluz - SP,35,1.5,0.3986,0.4343,0.4327,0.7199,0.0089,True,False,0.0,9090,0.46,0.3986,0.4343,0.3986,0.4343,0.3986,0.4343
3542008,Quintana - SP,35,1.5,0.3367,0.3785,0.3574,0.653,0.0056,True,False,0.0,7026,0.43,0.3367,0.3785,0.3367,0.3785,0.3367,0.3785
3542107,Rafard - SP,35,1.5,0.3612,0.3994,0.3862,0.6961,0.0119,True,False,0.0,8965,0.4,0.3612,0.3994,0.3612,0.3994,0.3612,0.3994
3542206,Rancharia - SP,35,1.5,0.4086,0.4419,0.4516,0.7772,0.0113,True,True,0.0,28520,0.47,0.4086,0.4419,0.4086,0.4419,0.4086,0.4419
3542305,Redenção da Serra - SP,35,1.5,0.4631,0.4958,0.4324,0.7747,0.0072,True,False,0.0,4493,0.45,0.5174,0.5468,0.4631,0.4958,0.4422,0.4761
3542404,Regente Feijó - SP,35,1.5,0.3907,0.425,0.4125,0.7547,0.0096,True,False,0.0,20106,0.46,0.3907,0.425,0.3907,0.425,0.3907,0.425
3542503,Reginópolis - SP,35,1.5,0.3713,0.408,0.4067,0.7172,0.0119,True,False,0.0,5649,0.41,0.3713,0.408,0.3713,0.408,0.3713,0.408
3542602,Registro - SP,35,1.5,0.4528,0.4803,0.463,0.8374,0.0067,True,False,0.0,58916,0.52,0.4582,0.4854,0.4528,0.4803,0.451,0.4786
3542701,Restinga - SP,35,1.5,0.3376,0.3836,0.3708,0.647,0.0128,True,False,0.0,6392,0.38,0.3376,0.3836,0.3376,0.3836,0.3376,0.3836
3542800,Ribeira - SP,35,1.5,0.4247,0.4596,0.4293,0.778,0.0134,True,False,0.0,3124,0.47,0.4247,0.4596,0.4247,0.4596,0.4247,0.4596
3542909,Ribeirão Bonito - SP,35,1.5,0.3977,0.4322,0.4171,0.7669,0.0091,True,False,0.0,10955,0.46,0.3977,0.4322,0.3977,0.4322,0.3977,0.4322
3543006,Ribeirão Branco - SP,35,1.5,0.3845,0.4228,0.4061,0.7039,0.0132,True,False,0.0,18608,0.46,0.3845,0.4228,0.3845,0.4228,0.3845,0.4228
3543105,Ribeirão Corrente - SP,35,1.5,0.3581,0.4014,0.3952,0.6979,0.0196,True,False,0.0,4609,0.42,0.3581,0.4014,0.3581,0.4014,0.3581,0.4014
3543204,Ribeirão do Sul - SP,35,1.5,0.4058,0.4383,0.4109,0.7588,0.0158,True,False,0.0,4676,0.59,0.4058,0.4383,0.4058,0.4383,0.4058,0.4383
3543238,Ribeirão dos Índios - SP,35,1.5,0.3387,0.3827,0.3547,0.6421,0.0075,True,False,0.0,2026,0.38,0.3387,0.3827,0.3387,0.3827,0.3387,0.3827
3543253,Ribeirão Grande - SP,35,1.5,0.3132,0.3585,0.3501,0.6237,0.0033,True,False,0.0,7449,0.41,0.3132,0.3585,0.3132,0.3585,0.3132,0.3585
3543303,Ribeirão Pires - SP,35,1.5,0.4334,0.4633,0.4686,0.8022,0.0066,True,True,0.0,115093,0.44,0.4421,0.4716,0.4334,0.4633,0.4304,0.4605
3543402,Ribeirão Preto - SP,35,1.5,0.5286,0.5492,0.5164,0.8959,0.0084,True,False,0.0,694304,0.54,0.5731,0.592,0.5286,0.5492,0.5116,0.5329
3543501,Riversul - SP,35,1.5,0.3919,0.4287,0.4227,0.7604,0.0067,True,False,0.0,5591,0.5,0.3919,0.4287,0.3919,0.4287,0.3919,0.4287
3543600,Rifaina - SP,35,1.5,0.3679,0.406,0.3931,0.6997,0.0094,True,False,0.0,4008,0.45,0.3679,0.406,0.3679,0.406,0.3679,0.406
3543709,Rincão - SP,35,1.5,0.3812,0.4177,0.4301,0.7647,0.0154,True,True,0.0,9078,0.44,0.3812,0.4177,0.3812,0.4177,0.3812,0.4177
3543808,Rinópolis - SP,35,1.5,0.4164,0.4486,0.4371,0.8014,0.0081,True,False,0.0,9219,0.43,0.4164,0.4486,0.4164,0.4486,0.4164,0.4486
3543907,Rio Claro - SP,35,1.5,0.4434,0.4718,0.4456,0.7902,0.0093,True,False,0.0,200244,0.5,0.4697,0.4969,0.4434,0.4718,0.4341,0.463
3544004,Rio das Pedras - SP,35,1.5,0.381,0.4163,0.4305,0.7345,0.0098,True,True,0.0,31328,0.45,0.381,0.4163,0.381,0.4163,0.381,0.4163
3544103,Rio Grande da Serra - SP,35,1.5,0.3989,0.4351,0.4406,0.7491,0.01,True,True,0.0,44070,0.39,0.3989,0.4351,0.3989,0.4351,0.3989,0.4351
3544202,Riolândia - SP,35,1.5,0.422,0.4574,0.4449,0.7768,0.0211,True,False,0.0,7861,0.4,0.4404,0.4747,0.422,0.4574,0.4156,0.4514
3544251,Rosana - SP,35,1.5,0.4605,0.4883,0.4882,0.869,0.0066,True,False,0.0,17266,0.6,0.4676,0.495,0.4605,0.4883,0.4581,0.486
3544301,Roseira - SP,35,1.5,0.4082,0.4425,0.425,0.7679,0.0086,True,False,0.0,10811,0.43,0.4082,0.4425,0.4082,0.4425,0.4082,0.4425
3544400,Rubiácea - SP,35,1.5,0.3403,0.382,0.3722,0.6641,0.0119,True,False,0.0,2699,0.37,0.3403,0.382,0.3403,0.382,0.3403,0.382
3544509,Rubinéia - SP,35,1.5,0.355,0.3966,0.3939,0.6563,0.0077,True,False,0.0,3815,0.39,0.355,0.3966,0.355,0.3966,0.355,0.3966
3544608,Sabino - SP,35,1.5,0.3892,0.4255,0.4034,0.726,0.0061,True,False,0.0,5111,0.41,0.3892,0.4255,0.3892,0.4255,0.3892,0.4255
3544707,Sagres - SP,35,1.5,0.3256,0.372,0.3571,0.6537,0.018,True,False,0.0,2474,0.47,0.3256,0.372,0.3256,0.372,0.3256,0.372
3544806,Sales - SP,35,1.5,0.3869,0.4237,0.4111,0.7296,0.012,True,False,0.0,6413,0.42,0.3869,0.4237,0.3869,0.4237,0.3869,0.4237
3544905,Sales Oliveira - SP,35,1.5,0.3506,0.3896,0.391,0.7076,0.0197,True,True,0.0,11380,0.43,0.3506,0.3896,0.3506,0.3896,0.3506,0.3896
3545001,Salesópolis - SP,35,1.5,0.4205,0.454,0.4312,0.7693,0.0071,True,False,0.0,15059,0.42,0.4205,0.454,0.4205,0.454,0.4205,0.454
3545100,Salmourão - SP,35,1.5,0.3877,0.4259,0.4185,0.745,0.0192,True,False,0.0,4788,0.39,0.3877,0.4259,0.3877,0.4259,0.3877,0.4259
3545159,Saltinho - SP,35,1.5,0.3413,0.3823,0.3615,0.6609,0.0125,True,False,0.0,8162,0.39,0.3413,0.3823,0.3413,0.3823,0.3413,0.3823
3545209,Salto - SP,35,1.5,0.4258,0.4556,0.4554,0.7902,0.0087,True,False,0.0,134116,0.45,0.4296,0.4592,0.4258,0.4556,0.4246,0.4544
3545308,Salto de Pirapora - SP,35,1.5,0.4041,0.4402,0.4109,0.7361,0.0104,True,False,0.0,43640,0.44,0.428,0.4627,0.4041,0.4402,0.3957,0.4322
3545407,Salto Grande - SP,35,1.5,0.405,0.4399,0.425,0.7705,0.0099,True,False,0.0,8991,0.42,0.4225,0.4564,0.405,0.4399,0.3989,0.4342
3545506,Sandovalina - SP,35,1.5,0.4137,0.4467,0.4239,0.7554,0.013,True,False,0.0,3514,0.43,0.4311,0.4631,0.4137,0.4467,0.4077,0.441
3545605,Santa Adélia - SP,35,1.5,0.4236,0.4577,0.4368,0.7133,0.0066,True,False,0.0,13973,0.43,0.461,0.493,0.4236,0.4577,0.4099,0.4448
3545704,Santa Albertina - SP,35,1.5,0.3583,0.3966,0.3797,0.6582,0.0099,True,False,0.0,6341,0.42,0.3583,0.3966,0.3583,0.3966,0.3583,0.3966
3545803,Santa Bárbara d'Oeste - SP,35,1.5,0.3751,0.4109,0.3964,0.6999,0.0104,True,False,0.0,182999,0.41,0.3937,0.4284,0.3751,0.4109,0.3687,0.4049
3546009,Santa Branca - SP,35,1.5,0.417,0.4506,0.4296,0.7892,0.0083,True,False,0.0,13948,0.47,0.417,0.4506,0.417,0.4506,0.417,0.4506
3546108,Santa Clara d'Oeste - SP,35,1.5,0.3432,0.3838,0.3809,0.6837,0.013,True,False,0.0,2591,0.45,0.3432,0.3838,0.3432,0.3838,0.3432,0.3838
3546207,Santa Cruz da Conceição - SP,35,1.5,0.4222,0.4552,0.4306,0.768,0.0148,True,False,0.0,4273,0.67,0.453,0.4843,0.4222,0.4552,0.4112,0.4448
3546256,Santa Cruz da Esperança - SP,35,1.5,0.4121,0.4465,0.3963,0.7131,0.0193,True,False,0.0,2117,0.53,0.4379,0.4707,0.4121,0.4465,0.403,0.4379
3546306,Santa Cruz das Palmeiras - SP,35,1.5,0.4393,0.4719,0.4208,0.7675,0.014,True,False,0.0,28864,0.51,0.486,0.516,0.4393,0.4719,0.4218,0.4553
3546405,Santa Cruz do Rio Pardo - SP,35,1.5,0.395,0.4283,0.421,0.7381,0.0078,True,False,0.0,46328,0.46,0.395,0.4283,0.395,0.4283,0.395,0.4283
3546504,Santa Ernestina - SP,35,1.5,0.3976,0.4341,0.3836,0.6851,0.0058,True,False,0.0,6115,0.42,0.4468,0.4805,0.3976,0.4341,0.3792,0.4167
3546603,Santa Fé do Sul - SP,35,1.5,0.4302,0.4605,0.4298,0.7559,0.0074,True,False,0.0,34666,0.49,0.4596,0.4884,0.4302,0.4605,0.4197,0.4506
3546702,Santa Gertrudes - SP,35,1.5,0.3441,0.3839,0.3937,0.6789,0.0117,True,True,0.0,23500,0.38,0.3441,0.3839,0.3441,0.3839,0.3441,0.3839
3546801,Santa Isabel - SP,35,1.5,0.4148,0.4491,0.4386,0.7704,0.008,True,False,0.0,53039,0.45,0.4148,0.4491,0.4148,0.4491,0.4148,0.4491
3546900,Santa Lúcia - SP,35,1.5,0.3377,0.379,0.3795,0.6925,0.0122,True,True,0.0,7134,0.39,0.3377,0.379,0.3377,0.379,0.3377,0.379
3547007,Santa Maria da Serra - SP,35,1.5,0.3771,0.4144,0.4112,0.7463,0.0131,True,False,0.0,5243,0.45,0.3771,0.4144,0.3771,0.4144,0.3771,0.4144
3547106,Santa Mercedes - SP,35,1.5,0.4901,0.5186,0.434,0.7865,0.0133,True,False,0.0,2955,0.4,0.5459,0.5715,0.4901,0.5186,0.4684,0.498
3547205,Santana da Ponte Pensa - SP,35,1.5,0.3371,0.3781,0.3606,0.655,0.0189,True,False,0.0,1670,0.42,0.3371,0.3781,0.3371,0.3781,0.3371,0.3781
3547304,Santana de Parnaíba - SP,35,1.5,0.6335,0.6482,0.5857,1.1174,0.0198,True,False,0.0,153811,0.67,0.6923,0.7061,0.6335,0.6482,0.6084,0.6236
3547403,Santa Rita d'Oeste - SP,35,1.5,0.2962,0.3443,0.3341,0.5837,0.0036,True,False,0.0,2731,0.39,0.2962,0.3443,0.2962,0.3443,0.2962,0.3443
3547502,Santa Rita do Passa Quatro - SP,35,1.5,0.4499,0.4784,0.4876,0.7938,0.0105,True,True,0.0,24691,0.48,0.4666,0.4942,0.4499,0.4784,0.4442,0.4729
3547601,Santa Rosa de Viterbo - SP,35,1.5,0.4041,0.4364,0.4192,0.7468,0.0089,True,False,0.0,23373,0.5,0.4041,0.4364,0.4041,0.4364,0.4041,0.4364
3547650,Santa Salete - SP,35,1.5,0.3021,0.3468,0.337,0.6163,0.0121,True,False,0.0,1641,0.35,0.3021,0.3468,0.3021,0.3468,0.3021,0.3468
3547700,Santo Anastácio - SP,35,1.5,0.4311,0.4635,0.4523,0.8204,0.0144,True,False,0.0,17905,0.52,0.4311,0.4635,0.4311,0.4635,0.4311,0.4635
3547809,Santo André - SP,35,1.5,0.4942,0.515,0.5128,0.8992,0.0036,True,False,0.0,745814,0.53,0.5196,0.5395,0.4942,0.515,0.4851,0.5062
3547908,Santo Antônio da Alegria - SP,35,1.5,0.3693,0.4084,0.3857,0.7061,0.0079,True,False,0.0,6746,0.42,0.3693,0.4084,0.3693,0.4084,0.3693,0.4084
3548005,Santo Antônio de Posse - SP,35,1.5,0.3449,0.3873,0.3902,0.6743,0.016,True,True,0.0,23189,0.44,0.3449,0.3873,0.3449,0.3873,0.3449,0.3873
3548054,Santo Antônio do Aracanguá - SP,35,1.5,0.3473,0.3862,0.3747,0.6771,0.0049,True,False,0.0,8378,0.41,0.3473,0.3862,0.3473,0.3862,0.3473,0.3862
3548104,Santo Antônio do Jardim - SP,35,1.5,0.3628,0.4038,0.3725,0.68,0.0133,True,False,0.0,6126,0.41,0.3823,0.4221,0.3628,0.4038,0.356,0.3975
3548203,Santo Antônio do Pinhal - SP,35,1.5,0.4517,0.4817,0.4192,0.7698,0.0093,True,False,0.0,7107,0.47,0.487,0.5152,0.4517,0.4817,0.4387,0.4694
3548302,Santo Expedito - SP,35,1.5,0.3131,0.3609,0.342,0.6156,0.0158,True,False,0.0,3000,0.41,0.3131,0.3609,0.3131,0.3609,0.3131,0.3609
3548401,Santópolis do Aguapeí - SP,35,1.5,0.3078,0.3545,0.3551,0.6427,0.0133,True,True,0.0,3899,0.35,0.3078,0.3545,0.3078,0.3545,0.3078,0.3545
3548500,Santos - SP,35,1.5,0.5175,0.5361,0.5352,0.9429,0.0041,True,False,0.0,416677,0.55,0.5549,0.5723,0.5175,0.5361,0.5036,0.5226
3548609,São Bento do Sapucaí - SP,35,1.5,0.489,0.5163,0.4489,0.8187,0.0128,True,False,0.0,11611,0.55,0.5305,0.5558,0.489,0.5163,0.4734,0.5015
3548708,São Bernardo do Campo - SP,35,1.5,0.501,0.5228,0.5191,0.9006,0.0049,True,False,0.0,809713,0.54,0.5246,0.5455,0.501,0.5228,0.4926,0.5148
3548807,São Caetano do Sul - SP,35,1.5,0.498,0.5172,0.4987,0.909,0.0031,True,False,0.0,164886,0.54,0.5443,0.5622,0.498,0.5172,0.4803,0.5
3548906,São Carlos - SP,35,1.5,0.4925,0.5153,0.4875,0.8784,0.0069,True,False,0.0,253803,0.49,0.5202,0.5419,0.4925,0.5153,0.4825,0.5057
3549003,São Francisco - SP,35,1.5,0.3912,0.4265,0.4099,0.745,0.0115,True,False,0.0,2602,0.45,0.3912,0.4265,0.3912,0.4265,0.3912,0.4265
3549102,São João da Boa Vista - SP,35,1.5,0.4546,0.4826,0.4394,0.7885,0.0089,True,False,0.0,92296,0.51,0.4879,0.5142,0.4546,0.4826,0.4426,0.4712
3549201,São João das Duas Pontes - SP,35,1.5,0.4346,0.4698,0.378,0.6972,0.0131,True,False,0.0,2579,0.36,0.4946,0.5263,0.4346,0.4698,0.4113,0.4479
3549250,São João de Iracema - SP,35,1.5,0.3922,0.427,0.394,0.7148,0.0078,True,False,0.0,1844,0.37,0.4082,0.4421,0.3922,0.427,0.3867,0.4218
3549300,São João do Pau d'Alho - SP,35,1.5,0.3465,0.3843,0.3571,0.642,0.0209,True,False,0.0,2231,0.33,0.3465,0.3843,0.3465,0.3843,0.3465,0.3843
3549409,São Joaquim da Barra - SP,35,1.5,0.3909,0.4262,0.4212,0.7153,0.0069,True,False,0.0,48439,0.42,0.4016,0.4363,0.3909,0.4262,0.3872,0.4228
3549508,São José da Bela Vista - SP,35,1.5,0.354,0.3967,0.3844,0.6841,0.0123,True,False,0.0,7603,0.46,0.354,0.3967,0.354,0.3967,0.354,0.3967
3549607,São José do Barreiro - SP,35,1.5,0.5102,0.5363,0.5049,0.8516,0.0273,True,False,0.0,3842,0.55,0.5102,0.5363,0.5102,0.5363,0.5102,0.5363
3549706,São José do Rio Pardo - SP,35,1.5,0.4077,0.4415,0.4372,0.7872,0.0108,True,False,0.0,51957,0.49,0.4077,0.4415,0.4077,0.4415,0.4077,0.4415
3549805,São José do Rio Preto - SP,35,1.5,0.5136,0.5357,0.5004,0.8775,0.0103,True,False,0.0,477227,0.5,0.5575,0.5778,0.5136,0.5357,0.497,0.5197
3549904,São José dos Campos - SP,35,1.5,0.5381,0.5582,0.5303,0.9503,0.0086,True,False,0.0,695305,0.55,0.5721,0.5909,0.5381,0.5582,0.5255,0.5461
3549953,São Lourenço da Serra - SP,35,1.5,0.4288,0.4605,0.4343,0.7769,0.0093,True,False,0.0,16025,0.47,0.4399,0.471,0.4288,0.4605,0.425,0.4569
3550001,São Luiz do Paraitinga - SP,35,1.5,0.4473,0.4766,0.4462,0.8151,0.0107,True,False,0.0,10277,0.48,0.4473,0.4766,0.4473,0.4766,0.4473,0.4766
3550100,São Manuel - SP,35,1.5,0.3903,0.4238,0.4314,0.763,0.0068,True,True,0.0,37210,0.45,0.3903,0.4238,0.3903,0.4238,0.3903,0.4238
3550209,São Miguel Arcanjo - SP,35,1.5,0.4531,0.485,0.4653,0.7975,0.0093,True,False,0.0,31931,0.57,0.47,0.5009,0.4531,0.485,0.4473,0.4795
3550308,São Paulo - SP,35,1.5,0.6048,0.6209,0.5771,1.0358,0.0099,True,False,0.0,11394119,0.62,0.6578,0.6725,0.6048,0.6209,0.5832,0.6
3550407,São Pedro - SP,35,1.5,0.3811,0.4167,0.4071,0.7374,0.0113,True,False,0.0,38119,0.46,0.3811,0.4167,0.3811,0.4167,0.3811,0.4167
3550506,São Pedro do Turvo - SP,35,1.5,0.4227,0.4582,0.3871,0.7044,0.0092,True,False,0.0,7200,0.39,0.4696,0.5023,0.4227,0.4582,0.4052,0.4417
3550605,São Roque - SP,35,1.5,0.477,0.5025,0.4744,0.8458,0.0087,True,False,0.0,79283,0.5,0.4997,0.5241,0.477,0.5025,0.469,0.4949
3550704,São Sebastião - SP,35,1.5,0.4528,0.483,0.4544,0.7958,0.009,True,False,0.0,81504,0.49,0.472,0.5011,0.4528,0.483,0.4461,0.4766
3550803,São Sebastião da Grama - SP,35,1.5,0.3691,0.4058,0.3941,0.6936,0.0091,True,False,0.0,10403,0.41,0.3691,0.4058,0.3691,0.4058,0.3691,0.4058
3550902,São Simão - SP,35,1.5,0.4086,0.4395,0.4304,0.7924,0.0055,True,False,0.0,13407,0.45,0.4086,0.4395,0.4086,0.4395,0.4086,0.4395
3551009,São Vicente - SP,35,1.5,0.4443,0.4736,0.4969,0.8265,0.0055,True,True,0.0,324223,0.47,0.4452,0.4745,0.4443,0.4736,0.444,0.4733
3551108,Sarapuí - SP,35,1.5,0.4308,0.463,0.4402,0.788,0.0078,True,False,0.0,10310,0.52,0.4492,0.4803,0.4308,0.463,0.4244,0.4569
3551207,Sarutaiá - SP,35,1.5,0.3463,0.3892,0.3835,0.6823,0.0149,True,False,0.0,3658,0.44,0.3463,0.3892,0.3463,0.3892,0.3463,0.3892
3551306,Sebastianópolis do Sul - SP,35,1.5,0.3541,0.3912,0.3854,0.6703,0.0121,True,False,0.0,3126,0.42,0.3541,0.3912,0.3541,0.3912,0.3541,0.3912
3551405,Serra Azul - SP,35,1.5,0.3641,0.4038,0.3926,0.7112,0.0108,True,False,0.0,9003,0.45,0.3641,0.4038,0.3641,0.4038,0.3641,0.4038
3551504,Serrana - SP,35,1.5,0.3507,0.3923,0.4078,0.7161,0.0195,True,True,0.0,43810,0.37,0.3507,0.3923,0.3507,0.3923,0.3507,0.3923
3551603,Serra Negra - SP,35,1.5,0.4132,0.4451,0.4244,0.7517,0.0072,True,False,0.0,29824,0.48,0.4305,0.4614,0.4132,0.4451,0.4072,0.4394
3551702,Sertãozinho - SP,35,1.5,0.4122,0.4428,0.4349,0.7896,0.0059,True,False,0.0,126721,0.46,0.4169,0.4472,0.4122,0.4428,0.4107,0.4413
3551801,Sete Barras - SP,35,1.5,0.3859,0.4253,0.3992,0.6991,0.0115,True,False,0.0,12694,0.5,0.4036,0.4419,0.3859,0.4253,0.3798,0.4196
3551900,Severínia - SP,35,1.5,0.344,0.3873,0.3781,0.6554,0.0098,True,False,0.0,14520,0.41,0.344,0.3873,0.344,0.3873,0.344,0.3873
3552007,Silveiras - SP,35,1.5,0.4345,0.4676,0.4383,0.7948,0.0131,True,False,0.0,6175,0.48,0.4345,0.4676,0.4345,0.4676,0.4345,0.4676
3552106,Socorro - SP,35,1.5,0.4247,0.4581,0.4205,0.731,0.0108,True,False,0.0,39995,0.44,0.4647,0.4959,0.4247,0.4581,0.41,0.4442
3552205,Sorocaba - SP,35,1.5,0.4807,0.5048,0.4881,0.8526,0.0073,True,False,0.0,719489,0.52,0.5046,0.5277,0.4807,0.5048,0.4722,0.4967
3552304,Sud Mennucci - SP,35,1.5,0.3647,0.4033,0.4016,0.703,0.0094,True,False,0.0,7353,0.54,0.3647,0.4033,0.3647,0.4033,0.3647,0.4033
3552403,Sumaré - SP,35,1.5,0.4175,0.4498,0.4499,0.7721,0.007,True,True,0.0,279322,0.45,0.4257,0.4576,0.4175,0.4498,0.4147,0.4472
3552502,Suzano - SP,35,1.5,0.4545,0.4838,0.4818,0.8285,0.0052,True,False,0.0,306990,0.47,0.4688,0.4973,0.4545,0.4838,0.4496,0.4791
3552551,Suzanápolis - SP,35,1.5,0.3413,0.3822,0.3894,0.6805,0.0122,True,True,0.0,3409,0.41,0.3413,0.3822,0.3413,0.3822,0.3413,0.3822
3552601,Tabapuã - SP,35,1.5,0.4058,0.4407,0.3935,0.7205,0.009,True,False,0.0,11273,0.4,0.4415,0.4743,0.4058,0.4407,0.3929,0.4285
3552700,Tabatinga - SP,35,1.5,0.3867,0.4244,0.4015,0.7206,0.0124,True,False,0.0,14750,0.4,0.3867,0.4244,0.3867,0.4244,0.3867,0.4244
3552809,Taboão da Serra - SP,35,1.5,0.4363,0.4646,0.4694,0.8202,0.0044,True,True,0.0,273372,0.47,0.4417,0.4697,0.4363,0.4646,0.4345,0.4629
3552908,Taciba - SP,35,1.5,0.3856,0.4229,0.4098,0.7444,0.0092,True,False,0.0,6260,0.38,0.3856,0.4229,0.3856,0.4229,0.3856,0.4229
3553005,Taguaí - SP,35,1.5,0.3686,0.4123,0.366,0.6496,0.016,True,False,0.0,12640,0.37,0.4088,0.4498,0.3686,0.4123,0.3539,0.3987
3553104,Taiaçu - SP,35,1.5,0.3752,0.4139,0.4131,0.7287,0.0132,True,False,0.0,5677,0.41,0.3752,0.4139,0.3752,0.4139,0.3752,0.4139
3553203,Taiúva - SP,35,1.5,0.4016,0.4359,0.4131,0.7478,0.0079,True,False,0.0,5523,0.42,0.4158,0.4493,0.4016,0.4359,0.3967,0.4313
3553302,Tambaú - SP,35,1.5,0.4165,0.45,0.4205,0.7586,0.0101,True,False,0.0,21369,0.45,0.4387,0.471,0.4165,0.45,0.4087,0.4426
3553401,Tanabi - SP,35,1.5,0.4101,0.4421,0.4577,0.8202,0.0145,True,True,0.0,25195,0.42,0.4101,0.4421,0.4101,0.4421,0.4101,0.4421
3553500,Tapiraí - SP,35,1.5,0.3925,0.4291,0.4257,0.7495,0.0067,True,False,0.0,7959,0.44,0.3925,0.4291,0.3925,0.4291,0.3925,0.4291
3553609,Tapiratiba - SP,35,1.5,0.3492,0.39,0.3823,0.6831,0.0138,True,False,0.0,11752,0.4,0.3492,0.39,0.3492,0.39,0.3492,0.39
3553658,Taquaral - SP,35,1.5,0.404,0.4392,0.3986,0.7134,0.0253,True,False,0.0,2620,0.51,0.404,0.4392,0.404,0.4392,0.404,0.4392
3553708,Taquaritinga - SP,35,1.5,0.444,0.474,0.4528,0.809,0.0077,True,False,0.0,52124,0.46,0.4669,0.4958,0.444,0.474,0.4359,0.4664
3553807,Taquarituba - SP,35,1.5,0.429,0.4613,0.4296,0.7696,0.0103,True,False,0.0,23153,0.48,0.429,0.4613,0.429,0.4613,0.429,0.4613
3553856,Taquarivaí - SP,35,1.5,0.4367,0.472,0.4006,0.7222,0.0096,True,False,0.0,6872,0.43,0.4895,0.5216,0.4367,0.472,0.4165,0.453
3553906,Tarabai - SP,35,1.5,0.3611,0.4008,0.3894,0.6762,0.0066,True,False,0.0,6514,0.4,0.3611,0.4008,0.3611,0.4008,0.3611,0.4008
3553955,Tarumã - SP,35,1.5,0.3648,0.4051,0.4026,0.6966,0.0116,True,False,0.0,14876,0.54,0.3765,0.4161,0.3648,0.4051,0.3607,0.4013
3554003,Tatuí - SP,35,1.5,0.4206,0.454,0.439,0.7619,0.0083,True,False,0.0,123626,0.47,0.4357,0.4682,0.4206,0.454,0.4154,0.4491
3554102,Taubaté - SP,35,1.5,0.4821,0.5063,0.4974,0.8856,0.006,True,False,0.0,309487,0.51,0.4972,0.5207,0.4821,0.5063,0.4769,0.5013
3554201,Tejupá - SP,35,1.5,0.3363,0.3793,0.3686,0.6433,0.0142,True,False,0.0,4128,0.48,0.3363,0.3793,0.3363,0.3793,0.3363,0.3793
3554300,Teodoro Sampaio - SP,35,1.5,0.4163,0.4496,0.4518,0.7952,0.0088,True,True,0.0,22127,0.47,0.4163,0.4496,0.4163,0.4496,0.4163,0.4496
3554409,Terra Roxa - SP,35,1.5,0.406,0.4424,0.3992,0.7218,0.0168,True,False,0.0,7872,0.45,0.4436,0.4778,0.406,0.4424,0.3924,0.4296
3554508,Tietê - SP,35,1.5,0.4614,0.4868,0.501,0.8216,0.0083,True,True,0.0,37547,0.48,0.465,0.4903,0.4614,0.4868,0.4602,0.4857
3554607,Timburi - SP,35,1.5,0.3909,0.4269,0.4003,0.7342,0.0073,True,False,0.0,2447,0.46,0.3909,0.4269,0.3909,0.4269,0.3909,0.4269
3554656,Torre de Pedra - SP,35,1.5,0.3489,0.3878,0.3806,0.6914,0.0149,True,False,0.0,2047,0.39,0.3489,0.3878,0.3489,0.3878,0.3489,0.3878
3554706,Torrinha - SP,35,1.5,0.3995,0.4335,0.4297,0.7403,0.0057,True,False,0.0,9266,0.45,0.3995,0.4335,0.3995,0.4335,0.3995,0.4335
3554755,Trabiju - SP,35,1.5,0.3594,0.4007,0.4052,0.7019,0.0181,True,True,0.0,1680,0.4,0.3594,0.4007,0.3594,0.4007,0.3594,0.4007
3554805,Tremembé - SP,35,1.5,0.5074,0.529,0.5071,0.9383,0.007,True,False,0.0,44395,0.53,0.5285,0.5492,0.5074,0.529,0.4999,0.5218
3554904,Três Fronteiras - SP,35,1.5,0.3404,0.3816,0.3606,0.6363,0.0076,True,False,0.0,6796,0.41,0.3404,0.3816,0.3404,0.3816,0.3404,0.3816
3554953,Tuiuti - SP,35,1.5,0.3792,0.4153,0.4049,0.7182,0.0051,True,False,0.0,6777,0.39,0.3792,0.4153,0.3792,0.4153,0.3792,0.4153
3555000,Tupã - SP,35,1.5,0.4445,0.4738,0.4391,0.7917,0.0099,True,False,0.0,63353,0.54,0.4625,0.4908,0.4445,0.4738,0.4383,0.4678
3555109,Tupi Paulista - SP,35,1.5,0.435,0.465,0.4232,0.7735,0.0097,True,False,0.0,14026,0.49,0.4552,0.4842,0.435,0.465,0.4279,0.4583
3555208,Turiúba - SP,35,1.5,0.3951,0.4291,0.4131,0.7551,0.0183,True,False,0.0,1815,0.35,0.3951,0.4291,0.3951,0.4291,0.3951,0.4291
3555307,Turmalina - SP,35,1.5,0.335,0.3733,0.3577,0.637,0.0099,True,False,0.0,1671,0.39,0.335,0.3733,0.335,0.3733,0.335,0.3733
3555356,Ubarana - SP,35,1.5,0.3536,0.3959,0.4076,0.6724,0.0151,True,True,0.0,5365,0.35,0.3536,0.3959,0.3536,0.3959,0.3536,0.3959
3555406,Ubatuba - SP,35,1.5,0.4606,0.4892,0.4597,0.815,0.0071,True,False,0.0,92799,0.58,0.4847,0.5121,0.4606,0.4892,0.4521,0.4812
3555505,Ubirajara - SP,35,1.5,0.4047,0.4406,0.3945,0.7136,0.0125,True,False,0.0,5129,0.42,0.4403,0.4742,0.4047,0.4406,0.3918,0.4285
3555604,Uchoa - SP,35,1.5,0.3993,0.435,0.4072,0.718,0.0117,True,False,0.0,10367,0.4,0.4123,0.4472,0.3993,0.435,0.3949,0.4308
3555703,União Paulista - SP,35,1.5,0.314,0.3604,0.3589,0.6256,0.0144,True,False,0.0,1604,0.35,0.314,0.3604,0.314,0.3604,0.314,0.3604
3555802,Urânia - SP,35,1.5,0.3494,0.3902,0.3908,0.683,0.0126,True,True,0.0,8807,0.46,0.3494,0.3902,0.3494,0.3902,0.3494,0.3902
3555901,Uru - SP,35,1.5,0.4497,0.4812,0.4332,0.8014,0.0128,True,False,0.0,1383,0.39,0.5,0.5288,0.4497,0.4812,0.4306,0.4631
3556008,Urupês - SP,35,1.5,0.3805,0.4176,0.403,0.7003,0.0081,True,False,0.0,13714,0.43,0.3943,0.4306,0.3805,0.4176,0.3758,0.4132
3556107,Valentim Gentil - SP,35,1.5,0.3428,0.384,0.379,0.664,0.0075,True,False,0.0,14067,0.36,0.3428,0.384,0.3428,0.384,0.3428,0.384
3556206,Valinhos - SP,35,1.5,0.5118,0.5317,0.4874,0.884,0.01,True,False,0.0,125975,0.54,0.5591,0.5775,0.5118,0.5317,0.4937,0.5142
3556305,Valparaíso - SP,35,1.5,0.4305,0.4615,0.4785,0.8454,0.0134,True,True,0.0,21313,0.45,0.4305,0.4615,0.4305,0.4615,0.4305,0.4615
3556354,Vargem - SP,35,1.5,0.36,0.3986,0.4097,0.7382,0.0178,True,True,0.0,10505,0.38,0.36,0.3986,0.36,0.3986,0.36,0.3986
3556404,Vargem Grande do Sul - SP,35,1.5,0.4742,0.5052,0.5006,0.7479,0.0122,True,False,0.0,39998,0.42,0.5046,0.5339,0.4742,0.5052,0.4632,0.4948
3556453,Vargem Grande Paulista - SP,35,1.5,0.4969,0.5206,0.5203,0.891,0.0085,True,False,0.0,50294,0.5,0.5036,0.5269,0.4969,0.5206,0.4947,0.5184
3556503,Várzea Paulista - SP,35,1.5,0.3567,0.3966,0.405,0.6891,0.0095,True,True,0.0,115381,0.39,0.3567,0.3966,0.3567,0.3966,0.3567,0.3966
3556602,Vera Cruz - SP,35,1.5,0.3903,0.4241,0.4136,0.7153,0.0132,True,False,0.0,10136,0.45,0.3903,0.4241,0.3903,0.4241,0.3903,0.4241
3556701,Vinhedo - SP,35,1.5,0.5201,0.5398,0.5001,0.9135,0.0151,True,False,0.0,76244,0.53,0.5591,0.5775,0.5201,0.5398,0.5055,0.5257
3556800,Viradouro - SP,35,1.5,0.3664,0.4062,0.3948,0.709,0.0094,True,False,0.0,17370,0.4,0.3757,0.4149,0.3664,0.4062,0.3632,0.4032
3556909,Vista Alegre do Alto - SP,35,1.5,0.3675,0.4057,0.3989,0.7215,0.009,True,False,0.0,8109,0.35,0.3675,0.4057,0.3675,0.4057,0.3675,0.4057
3556958,Vitória Brasil - SP,35,1.5,0.3249,0.3671,0.3475,0.6296,0.024,True,False,0.0,1795,0.35,0.3249,0.3671,0.3249,0.3671,0.3249,0.3671
3557006,Votorantim - SP,35,1.5,0.4566,0.485,0.4542,0.8047,0.0086,True,False,0.0,127043,0.4,0.4859,0.5129,0.4566,0.485,0.446,0.475
3557105,Votuporanga - SP,35,1.5,0.4402,0.4692,0.4686,0.7759,0.0056,True,False,0.0,96365,0.49,0.4543,0.4825,0.4402,0.4692,0.4353,0.4646
3557154,Zacarias - SP,35,1.5,0.3667,0.406,0.3794,0.6917,0.0088,True,False,0.0,2692,0.39,0.3667,0.406,0.3667,0.406,0.3667,0.406
3557204,Chavantes - SP,35,1.5,0.3719,0.4099,0.4085,0.7424,0.0113,True,False,0.0,12155,0.47,0.3719,0.4099,0.3719,0.4099,0.3719,0.4099
3557303,Estiva Gerbi - SP,35,1.5,0.3823,0.4187,0.4025,0.7156,0.0102,True,False,0.0,11215,0.41,0.3823,0.4187,0.3823,0.4187,0.3823,0.4187
4100103,Abatiá - PR,41,1.5,0.3651,0.4068,0.4068,0.6993,0.0168,True,False,0.0,7205,0.44,0.3651,0.4068,0.3651,0.4068,0.3651,0.4068
4100202,Adrianópolis - PR,41,1.5,0.4574,0.4882,0.4552,0.808,0.0111,True,False,0.0,6247,0.53,0.4779,0.5075,0.4574,0.4882,0.4502,0.4814
4100301,Agudos do Sul - PR,41,1.5,0.4084,0.4449,0.4236,0.7687,0.02,True,False,0.0,10154,0.48,0.4084,0.4449,0.4084,0.4449,0.4084,0.4449
4100400,Almirante Tamandaré - PR,41,1.5,0.39,0.4273,0.4258,0.7383,0.0086,True,False,0.0,119375,0.43,0.3947,0.4317,0.39,0.4273,0.3884,0.4258
4100459,Altamira do Paraná - PR,41,1.5,0.452,0.4854,0.4068,0.7295,0.0157,True,False,0.0,3589,0.58,0.4955,0.5264,0.452,0.4854,0.4358,0.4701
4100509,Altônia - PR,41,1.5,0.3517,0.3949,0.399,0.6571,0.0128,True,True,0.0,18638,0.38,0.3517,0.3949,0.3517,0.3949,0.3517,0.3949
4100608,Alto Paraná - PR,41,1.5,0.4115,0.4455,0.4268,0.7686,0.01,True,False,0.0,13851,0.43,0.4115,0.4455,0.4115,0.4455,0.4115,0.4455
4100707,Alto Piquiri - PR,41,1.5,0.4159,0.4527,0.4431,0.7573,0.0213,True,False,0.0,9681,0.44,0.4159,0.4527,0.4159,0.4527,0.4159,0.4527
4100806,Alvorada do Sul - PR,41,1.5,0.4005,0.4332,0.4156,0.7554,0.0041,True,False,0.0,10194,0.48,0.4005,0.4332,0.4005,0.4332,0.4005,0.4332
4100905,Amaporã - PR,41,1.5,0.3204,0.3683,0.3564,0.6284,0.0229,True,False,0.0,4756,0.39,0.3204,0.3683,0.3204,0.3683,0.3204,0.3683
4101002,Ampére - PR,41,1.5,0.4448,0.4773,0.3986,0.7273,0.0134,True,False,0.0,19590,0.48,0.4982,0.5278,0.4448,0.4773,0.4243,0.4579
4101051,Anahy - PR,41,1.5,0.3126,0.3593,0.3574,0.6335,0.0141,True,False,0.0,2918,0.42,0.3126,0.3593,0.3126,0.3593,0.3126,0.3593
4101101,Andirá - PR,41,1.5,0.4465,0.4775,0.4426,0.7912,0.0092,True,False,0.0,19814,0.42,0.4853,0.5142,0.4465,0.4775,0.4323,0.464
4101150,Ângulo - PR,41,1.5,0.4744,0.5055,0.4393,0.7653,0.0085,True,False,0.0,3236,0.44,0.5257,0.554,0.4744,0.5055,0.4547,0.4869
4101200,Antonina - PR,41,1.5,0.4402,0.4697,0.4782,0.8386,0.0052,True,True,0.0,18055,0.55,0.4402,0.4697,0.4402,0.4697,0.4402,0.4697
4101309,Antônio Olinto - PR,41,1.5,0.4111,0.4489,0.4183,0.7146,0.0163,True,False,0.0,7011,0.49,0.441,0.4769,0.4111,0.4489,0.4004,0.4389
4101408,Apucarana - PR,41,1.5,0.4019,0.4361,0.4181,0.747,0.0102,True,False,0.0,129609,0.45,0.4157,0.4491,0.4019,0.4361,0.3972,0.4317
4101507,Arapongas - PR,41,1.5,0.4018,0.4358,0.4233,0.7331,0.0094,True,False,0.0,118982,0.46,0.4098,0.4434,0.4018,0.4358,0.399,0.4333
4101606,Arapoti - PR,41,1.5,0.4807,0.5077,0.4968,0.8365,0.0066,True,False,0.0,25755,0.57,0.5043,0.5301,0.4807,0.5077,0.4724,0.4998
4101655,Arapuã - PR,41,1.5,0.4124,0.4491,0.4293,0.7746,0.0199,True,False,0.0,3527,0.5,0.4124,0.4491,0.4124,0.4491,0.4124,0.4491
4101705,Araruna - PR,41,1.5,0.3694,0.407,0.396,0.7137,0.0114,True,False,0.0,14470,0.4,0.3694,0.407,0.3694,0.407,0.3694,0.407
4101804,Araucária - PR,41,1.5,0.3957,0.431,0.4339,0.7359,0.0101,True,True,0.0,151566,0.46,0.4053,0.4401,0.3957,0.431,0.3924,0.4279
4101853,Ariranha do Ivaí - PR,41,1.5,0.4814,0.5097,0.4508,0.834,0.008,True,False,0.0,2329,0.41,0.5314,0.557,0.4814,0.5097,0.4623,0.4915
4101903,Assaí - PR,41,1.5,0.435,0.469,0.4565,0.7791,0.0107,True,False,0.0,13674,0.55,0.4582,0.4909,0.435,0.469,0.4268,0.4613
4102000,Assis Chateaubriand - PR,41,1.5,0.4037,0.4375,0.4022,0.7176,0.0095,True,False,0.0,36744,0.47,0.4255,0.4581,0.4037,0.4375,0.396,0.4302
4102109,Astorga - PR,41,1.5,0.3837,0.4199,0.4081,0.7194,0.0124,True,False,0.0,25405,0.5,0.3837,0.4199,0.3837,0.4199,0.3837,0.4199
4102208,Atalaia - PR,41,1.5,0.3652,0.3996,0.3802,0.6821,0.0205,True,False,0.0,3839,0.41,0.3652,0.3996,0.3652,0.3996,0.3652,0.3996
4102307,Balsa Nova - PR,41,1.5,0.3628,0.4006,0.3923,0.7061,0.0096,True,False,0.0,13388,0.44,0.3628,0.4006,0.3628,0.4006,0.3628,0.4006
4102406,Bandeirantes - PR,41,1.5,0.4525,0.481,0.4631,0.8268,0.0079,True,False,0.0,31133,0.49,0.4603,0.4884,0.4525,0.481,0.4498,0.4785
4102505,Barbosa Ferraz - PR,41,1.5,0.4036,0.4389,0.4181,0.7509,0.0204,True,False,0.0,10764,0.48,0.4036,0.4389,0.4036,0.4389,0.4036,0.4389
4102604,Barracão - PR,41,1.5,0.4501,0.4809,0.4512,0.7838,0.0155,True,False,0.0,9698,0.54,0.4792,0.5084,0.4501,0.4809,0.4396,0.471
4102703,Barra do Jacaré - PR,41,1.5,0.3714,0.408,0.3924,0.7165,0.0096,True,False,0.0,2813,0.42,0.3714,0.408,0.3714,0.408,0.3714,0.408
4102752,Bela Vista da Caroba - PR,41,1.5,0.4359,0.4662,0.4338,0.7912,0.0311,True,False,0.0,4032,0.51,0.4359,0.4662,0.4359,0.4662,0.4359,0.4662
4102802,Bela Vista do Paraíso - PR,41,1.5,0.439,0.4694,0.474,0.8219,0.007,True,True,0.0,14767,0.47,0.439,0.4694,0.439,0.4694,0.439,0.4694
4102901,Bituruna - PR,41,1.5,0.3901,0.4271,0.4211,0.7454,0.0102,True,False,0.0,15518,0.49,0.3984,0.4349,0.3901,0.4271,0.3873,0.4244
4103008,Boa Esperança - PR,41,1.5,0.3786,0.4143,0.3999,0.7372,0.0076,True,False,0.0,4554,0.47,0.3786,0.4143,0.3786,0.4143,0.3786,0.4143
4103024,Boa Esperança do Iguaçu - PR,41,1.5,0.5365,0.5587,0.4679,0.8579,0.0242,True,False,0.0,2448,0.44,0.57,0.5908,0.5365,0.5587,0.5242,0.5469
4103040,Boa Ventura de São Roque - PR,41,1.5,0.4718,0.4989,0.4679,0.8598,0.0123,True,False,0.0,6290,0.51,0.4718,0.4989,0.4718,0.4989,0.4718,0.4989
4103057,Boa Vista da Aparecida - PR,41,1.5,0.3718,0.4105,0.4073,0.6809,0.0045,True,False,0.0,7916,0.48,0.3718,0.4105,0.3718,0.4105,0.3718,0.4105
4103107,Bocaiúva do Sul - PR,41,1.5,0.396,0.4324,0.4138,0.7501,0.0066,True,False,0.0,13256,0.46,0.4083,0.444,0.396,0.4324,0.3918,0.4284
4103156,Bom Jesus do Sul - PR,41,1.5,0.4084,0.4445,0.3977,0.7352,0.022,True,False,0.0,3982,0.46,0.4084,0.4445,0.4084,0.4445,0.4084,0.4445
4103206,Bom Sucesso - PR,41,1.5,0.3475,0.3895,0.3576,0.6436,0.0073,True,False,0.0,6575,0.43,0.3475,0.3895,0.3475,0.3895,0.3475,0.3895
4103222,Bom Sucesso do Sul - PR,41,1.5,0.393,0.4268,0.3902,0.7218,0.012,True,False,0.0,3202,0.53,0.393,0.4268,0.393,0.4268,0.393,0.4268
4103305,Borrazópolis - PR,41,1.5,0.4452,0.4772,0.4251,0.768,0.0135,True,False,0.0,7736,0.43,0.4835,0.5134,0.4452,0.4772,0.4311,0.4639
4103354,Braganey - PR,41,1.5,0.3434,0.3839,0.3692,0.6561,0.0081,True,False,0.0,4845,0.5,0.3434,0.3839,0.3434,0.3839,0.3434,0.3839
4103370,Brasilândia do Sul - PR,41,1.5,0.3846,0.4233,0.4116,0.7556,0.0185,True,False,0.0,3699,0.45,0.3846,0.4233,0.3846,0.4233,0.3846,0.4233
4103404,Cafeara - PR,41,1.5,0.4282,0.4629,0.3859,0.6951,0.0056,True,False,0.0,2626,0.4,0.4973,0.5282,0.4282,0.4629,0.4007,0.437
4103453,Cafelândia - PR,41,1.5,0.3546,0.3931,0.3824,0.696,0.0104,True,False,0.0,18990,0.41,0.3546,0.3931,0.3546,0.3931,0.3546,0.3931
4103479,Cafezal do Sul - PR,41,1.5,0.4018,0.4394,0.3766,0.6639,0.0103,True,False,0.0,4461,0.41,0.4509,0.4856,0.4018,0.4394,0.3834,0.4222
4103503,Califórnia - PR,41,1.5,0.372,0.4082,0.3956,0.7152,0.0039,True,False,0.0,8681,0.5,0.372,0.4082,0.372,0.4082,0.372,0.4082
4103602,Cambará - PR,41,1.5,0.4371,0.4685,0.4309,0.7421,0.0062,True,False,0.0,23075,0.47,0.4718,0.5013,0.4371,0.4685,0.4245,0.4566
4103701,Cambé - PR,41,1.5,0.4261,0.4583,0.4266,0.7462,0.0079,True,False,0.0,106991,0.42,0.4568,0.4873,0.4261,0.4583,0.415,0.4479
4103800,Cambira - PR,41,1.5,0.3942,0.4302,0.3893,0.6883,0.0057,True,False,0.0,9456,0.42,0.4265,0.4607,0.3942,0.4302,0.3825,0.4192
4103909,Campina da Lagoa - PR,41,1.5,0.4303,0.4619,0.4234,0.7637,0.0121,True,False,0.0,15689,0.46,0.4415,0.4725,0.4303,0.4619,0.4264,0.4582
4103958,Campina do Simão - PR,41,1.5,0.4659,0.4942,0.4637,0.8293,0.026,True,False,0.0,3937,0.5,0.4659,0.4942,0.4659,0.4942,0.4659,0.4942
4104006,Campina Grande do Sul - PR,41,1.5,0.3647,0.402,0.4072,0.6993,0.0066,True,True,0.0,47717,0.44,0.3647,0.402,0.3647,0.402,0.3647,0.402
4104055,Campo Bonito - PR,41,1.5,0.3865,0.4221,0.4104,0.7428,0.007,True,False,0.0,4024,0.48,0.3865,0.4221,0.3865,0.4221,0.3865,0.4221
4104105,Campo do Tenente - PR,41,1.5,0.3697,0.41,0.4107,0.7078,0.0105,True,True,0.0,7500,0.49,0.3697,0.41,0.3697,0.41,0.3697,0.41
4104204,Campo Largo - PR,41,1.5,0.4078,0.4406,0.4202,0.7498,0.0084,True,False,0.0,136104,0.45,0.4285,0.4602,0.4078,0.4406,0.4005,0.4338
4104253,Campo Magro - PR,41,1.5,0.3737,0.4131,0.3891,0.6947,0.0078,True,False,0.0,30139,0.38,0.3981,0.436,0.3737,0.4131,0.3651,0.405
4104303,Campo Mourão - PR,41,1.5,0.4541,0.4817,0.4471,0.8071,0.0099,True,False,0.0,98760,0.5,0.4809,0.5072,0.4541,0.4817,0.4445,0.4725
4104402,Cândido de Abreu - PR,41,1.5,0.4892,0.5172,0.4959,0.9026,0.009,True,False,0.0,15235,0.57,0.5009,0.5283,0.4892,0.5172,0.4851,0.5134
4104428,Candói - PR,41,1.5,0.4427,0.474,0.4294,0.7913,0.0085,True,False,0.0,14975,0.54,0.4651,0.4951,0.4427,0.474,0.4348,0.4665
4104451,Cantagalo - PR,41,1.5,0.4364,0.467,0.449,0.821,0.0063,True,False,0.0,10902,0.51,0.4364,0.467,0.4364,0.467,0.4364,0.467
4104501,Capanema - PR,41,1.5,0.4111,0.4442,0.4199,0.7324,0.0136,True,False,0.0,20414,0.45,0.4204,0.453,0.4111,0.4442,0.408,0.4413
4104600,Capitão Leônidas Marques - PR,41,1.5,0.3856,0.4211,0.3953,0.7146,0.0124,True,False,0.0,14627,0.46,0.3996,0.4344,0.3856,0.4211,0.3807,0.4166
4104659,Carambeí - PR,41,1.5,0.4237,0.4572,0.4017,0.7283,0.0083,True,False,0.0,23235,0.53,0.4726,0.5034,0.4237,0.4572,0.4053,0.4399
4104709,Carlópolis - PR,41,1.5,0.4292,0.4618,0.428,0.7759,0.0099,True,False,0.0,16817,0.47,0.4476,0.4791,0.4292,0.4618,0.4229,0.4558
4104808,Cascavel - PR,41,1.5,0.4552,0.4813,0.4503,0.814,0.0086,True,False,0.0,345723,0.51,0.483,0.5079,0.4552,0.4813,0.4452,0.4719
4104907,Castro - PR,41,1.5,0.4534,0.4815,0.4528,0.8164,0.0071,True,False,0.0,72916,0.53,0.4681,0.4954,0.4534,0.4815,0.4484,0.4767
4105003,Catanduvas - PR,41,1.5,0.4468,0.478,0.4593,0.8148,0.0107,True,False,0.0,10298,0.53,0.4468,0.478,0.4468,0.478,0.4468,0.478
4105102,Centenário do Sul - PR,41,1.5,0.3803,0.4187,0.4151,0.719,0.01,True,False,0.0,10790,0.41,0.3803,0.4187,0.3803,0.4187,0.3803,0.4187
4105201,Cerro Azul - PR,41,1.5,0.4477,0.4798,0.4667,0.832,0.0061,True,False,0.0,16123,0.48,0.4477,0.4798,0.4477,0.4798,0.4477,0.4798
4105300,Céu Azul - PR,41,1.5,0.3977,0.4335,0.3843,0.6977,0.0107,True,False,0.0,11042,0.47,0.4349,0.4686,0.3977,0.4335,0.3842,0.4207
4105409,Chopinzinho - PR,41,1.5,0.4323,0.4622,0.4515,0.8254,0.0141,True,False,0.0,21083,0.55,0.4323,0.4622,0.4323,0.4622,0.4323,0.4622
4105508,Cianorte - PR,41,1.5,0.4014,0.4348,0.4049,0.7342,0.0117,True,False,0.0,79343,0.41,0.4185,0.4509,0.4014,0.4348,0.3955,0.4292
4105607,Cidade Gaúcha - PR,41,1.5,0.4075,0.4422,0.4238,0.7561,0.0202,True,False,0.0,11414,0.42,0.4075,0.4422,0.4075,0.4422,0.4075,0.4422
4105706,Clevelândia - PR,41,1.5,0.486,0.513,0.46,0.8511,0.0094,True,False,0.0,15004,0.58,0.5125,0.5381,0.486,0.513,0.4765,0.504
4105805,Colombo - PR,41,1.5,0.3822,0.4196,0.4059,0.7217,0.009,True,False,0.0,231972,0.41,0.3953,0.432,0.3822,0.4196,0.3777,0.4154
4105904,Colorado - PR,41,1.5,0.414,0.4494,0.4004,0.7075,0.0145,True,False,0.0,22742,0.43,0.4438,0.4774,0.414,0.4494,0.4034,0.4394
4106001,Congonhinhas - PR,41,1.5,0.4574,0.4885,0.4765,0.8498,0.0131,True,False,0.0,8309,0.5,0.4574,0.4885,0.4574,0.4885,0.4574,0.4885
4106100,Conselheiro Mairinck - PR,41,1.5,0.4078,0.4422,0.4308,0.7849,0.0076,True,False,0.0,3462,0.47,0.4078,0.4422,0.4078,0.4422,0.4078,0.4422
4106209,Contenda - PR,41,1.5,0.4527,0.484,0.485,0.77,0.0044,True,True,0.0,19114,0.47,0.4751,0.5052,0.4527,0.484,0.4447,0.4765
4106308,Corbélia - PR,41,1.5,0.3982,0.4325,0.4043,0.7265,0.008,True,False,0.0,17371,0.48,0.4168,0.45,0.3982,0.4325,0.3918,0.4264
4106407,Cornélio Procópio - PR,41,1.5,0.4219,0.4493,0.4379,0.798,0.0042,True,False,0.0,44865,0.48,0.4268,0.4539,0.4219,0.4493,0.4202,0.4477
4106456,Coronel Domingos Soares - PR,41,1.5,0.4405,0.4734,0.4342,0.7771,0.0067,True,False,0.0,5631,0.54,0.4646,0.496,0.4405,0.4734,0.432,0.4654
4106506,Coronel Vivida - PR,41,1.5,0.4226,0.4534,0.4221,0.7797,0.0136,True,False,0.0,23319,0.47,0.4416,0.4714,0.4226,0.4534,0.4159,0.4471
4106555,Corumbataí do Sul - PR,41,1.5,0.3634,0.4063,0.3902,0.6879,0.0171,True,False,0.0,3757,0.42,0.3634,0.4063,0.3634,0.4063,0.3634,0.4063
4106571,Cruzeiro do Iguaçu - PR,41,1.5,0.3698,0.4078,0.3896,0.7121,0.0146,True,False,0.0,4126,0.51,0.3698,0.4078,0.3698,0.4078,0.3698,0.4078
4106605,Cruzeiro do Oeste - PR,41,1.5,0.4282,0.4586,0.4307,0.7711,0.0071,True,False,0.0,22535,0.43,0.4431,0.4728,0.4282,0.4586,0.423,0.4537
4106704,Cruzeiro do Sul - PR,41,1.5,0.4067,0.4403,0.4154,0.7266,0.0283,True,False,0.0,4492,0.42,0.4067,0.4403,0.4067,0.4403,0.4067,0.4403
4106803,Cruz Machado - PR,41,1.5,0.4719,0.5035,0.459,0.7966,0.0104,True,False,0.0,15904,0.54,0.518,0.547,0.4719,0.5035,0.4545,0.4872
4106852,Cruzmaltina - PR,41,1.5,0.3336,0.376,0.3806,0.6649,0.0081,True,True,0.0,2891,0.38,0.3336,0.376,0.3336,0.376,0.3336,0.376
4106902,Curitiba - PR,41,1.5,0.531,0.5498,0.5171,0.9278,0.0062,True,False,0.0,1765726,0.55,0.5784,0.5957,0.531,0.5498,0.5128,0.5321
4107009,Curiúva - PR,41,1.5,0.3862,0.4243,0.4045,0.7034,0.016,True,False,0.0,13626,0.45,0.3862,0.4243,0.3862,0.4243,0.3862,0.4243
4107108,Diamante do Norte - PR,41,1.5,0.3599,0.3989,0.3969,0.7039,0.0104,True,False,0.0,5139,0.44,0.3599,0.3989,0.3599,0.3989,0.3599,0.3989
4107124,Diamante do Sul - PR,41,1.5,0.415,0.4488,0.4355,0.7755,0.0143,True,False,0.0,3173,0.45,0.415,0.4488,0.415,0.4488,0.415,0.4488
4107157,Diamante D'Oeste - PR,41,1.5,0.4053,0.4382,0.4436,0.8021,0.0144,True,True,0.0,4548,0.5,0.4053,0.4382,0.4053,0.4382,0.4053,0.4382
4107207,Dois Vizinhos - PR,41,1.5,0.3961,0.427,0.4136,0.7282,0.0081,True,False,0.0,44740,0.47,0.3961,0.427,0.3961,0.427,0.3961,0.427
4107256,Douradina - PR,41,1.5,0.383,0.4183,0.4005,0.7237,0.0105,True,False,0.0,9160,0.43,0.383,0.4183,0.383,0.4183,0.383,0.4183
4107306,Doutor Camargo - PR,41,1.5,0.3482,0.3891,0.3719,0.672,0.011,True,False,0.0,6327,0.39,0.3482,0.3891,0.3482,0.3891,0.3482,0.3891
4107405,Enéas Marques - PR,41,1.5,0.5261,0.5493,0.4765,0.8685,0.0224,True,False,0.0,5974,0.6,0.5743,0.5955,0.5261,0.5493,0.5075,0.5315
4107504,Engenheiro Beltrão - PR,41,1.5,0.4475,0.476,0.4483,0.8036,0.0087,True,False,0.0,12420,0.43,0.4606,0.4884,0.4475,0.476,0.443,0.4717
4107520,Esperança Nova - PR,41,1.5,0.3253,0.3701,0.3504,0.6424,0.0106,True,False,0.0,1850,0.39,0.3253,0.3701,0.3253,0.3701,0.3253,0.3701
4107538,Entre Rios do Oeste - PR,41,1.5,0.3989,0.4301,0.3958,0.7304,0.0106,True,False,0.0,4570,0.5,0.4274,0.4571,0.3989,0.4301,0.3888,0.4205
4107546,Espigão Alto do Iguaçu - PR,41,1.5,0.5437,0.5699,0.4839,0.8722,0.0157,True,False,0.0,4794,0.57,0.623,0.6455,0.5437,0.5699,0.5091,0.5371
4107553,Farol - PR,41,1.5,0.4428,0.4751,0.4164,0.7729,0.0142,True,False,0.0,3035,0.49,0.4428,0.4751,0.4428,0.4751,0.4428,0.4751
4107603,Faxinal - PR,41,1.5,0.4385,0.468,0.4465,0.8201,0.009,True,False,0.0,16306,0.48,0.4438,0.473,0.4385,0.468,0.4367,0.4663
4107652,Fazenda Rio Grande - PR,41,1.5,0.3639,0.4027,0.403,0.7158,0.01,True,True,0.0,148737,0.46,0.3639,0.4027,0.3639,0.4027,0.3639,0.4027
4107702,Fênix - PR,41,1.5,0.4128,0.447,0.4276,0.7801,0.0109,True,False,0.0,4464,0.43,0.4128,0.447,0.4128,0.447,0.4128,0.447
4107736,Fernandes Pinheiro - PR,41,1.5,0.4003,0.4356,0.4339,0.7145,0.0093,True,False,0.0,6254,0.54,0.4003,0.4356,0.4003,0.4356,0.4003,0.4356
4107751,Figueira - PR,41,1.5,0.3971,0.4316,0.4113,0.7544,0.0083,True,False,0.0,8061,0.44,0.3971,0.4316,0.3971,0.4316,0.3971,0.4316
4107801,Floraí - PR,41,1.5,0.3252,0.3676,0.3575,0.6453,0.0056,True,False,0.0,4781,0.43,0.3252,0.3676,0.3252,0.3676,0.3252,0.3676
4107850,Flor da Serra do Sul - PR,41,1.5,0.5005,0.5272,0.4636,0.8406,0.0195,True,False,0.0,4349,0.46,0.5352,0.5602,0.5005,0.5272,0.4877,0.5151
4107900,Floresta - PR,41,1.5,0.3616,0.4008,0.3879,0.6971,0.0105,True,False,0.0,10454,0.36,0.3616,0.4008,0.3616,0.4008,0.3616,0.4008
4108007,Florestópolis - PR,41,1.5,0.4028,0.4408,0.4469,0.7358,0.0171,True,True,0.0,11446,0.34,0.4028,0.4408,0.4028,0.4408,0.4028,0.4408
4108106,Flórida - PR,41,1.5,0.3978,0.4357,0.4778,0.7136,0.0145,True,True,0.0,2652,0.39,0.3978,0.4357,0.3978,0.4357,0.3978,0.4357
4108205,Formosa do Oeste - PR,41,1.5,0.3732,0.412,0.3852,0.6957,0.0128,True,False,0.0,7635,0.41,0.3732,0.412,0.3732,0.412,0.3732,0.412
4108304,Foz do Iguaçu - PR,41,1.5,0.4909,0.5152,0.494,0.8819,0.0064,True,False,0.0,282329,0.53,0.5141,0.5373,0.4909,0.5152,0.4827,0.5073
4108320,Francisco Alves - PR,41,1.5,0.3741,0.4128,0.3938,0.6887,0.0131,True,False,0.0,8107,0.41,0.3741,0.4128,0.3741,0.4128,0.3741,0.4128
4108403,Francisco Beltrão - PR,41,1.5,0.4669,0.4922,0.4559,0.7874,0.0084,True,False,0.0,95286,0.47,0.5035,0.5273,0.4669,0.4922,0.4534,0.4794
4108452,Foz do Jordão - PR,41,1.5,0.4275,0.4613,0.4368,0.7962,0.0173,True,False,0.0,4927,0.54,0.4469,0.4796,0.4275,0.4613,0.4207,0.455
4108502,General Carneiro - PR,41,1.5,0.425,0.4578,0.4408,0.7868,0.006,True,False,0.0,11000,0.48,0.4431,0.4749,0.425,0.4578,0.4187,0.4518
4108551,Godoy Moreira - PR,41,1.5,0.4065,0.4417,0.4153,0.773,0.0223,True,False,0.0,2977,0.44,0.4065,0.4417,0.4065,0.4417,0.4065,0.4417
4108601,Goioerê - PR,41,1.5,0.4348,0.4645,0.4501,0.7881,0.0075,True,False,0.0,28360,0.48,0.4348,0.4645,0.4348,0.4645,0.4348,0.4645
4108650,Goioxim - PR,41,1.5,0.4739,0.5045,0.4407,0.8018,0.0129,True,False,0.0,6558,0.49,0.5103,0.5389,0.4739,0.5045,0.4605,0.4919
4108700,Grandes Rios - PR,41,1.5,0.4275,0.4599,0.4351,0.7919,0.0112,True,False,0.0,5608,0.45,0.4275,0.4599,0.4275,0.4599,0.4275,0.4599
4108809,Guaíra - PR,41,1.5,0.4572,0.4852,0.4816,0.8598,0.0121,True,False,0.0,31916,0.57,0.4739,0.5011,0.4572,0.4852,0.4514,0.4797
4108908,Guairaçá - PR,41,1.5,0.348,0.389,0.3703,0.6565,0.0093,True,False,0.0,6586,0.45,0.348,0.389,0.348,0.389,0.348,0.389
4108957,Guamiranga - PR,41,1.5,0.3971,0.4322,0.4198,0.7217,0.0087,True,False,0.0,7820,0.46,0.3971,0.4322,0.3971,0.4322,0.3971,0.4322
4109005,Guapirama - PR,41,1.5,0.454,0.4841,0.4667,0.8529,0.0125,True,False,0.0,4622,0.46,0.454,0.4841,0.454,0.4841,0.454,0.4841
4109104,Guaporema - PR,41,1.5,0.4308,0.4669,0.3774,0.6879,0.0199,True,False,0.0,2182,0.37,0.4916,0.5241,0.4308,0.4669,0.4071,0.4446
4109203,Guaraci - PR,41,1.5,0.3369,0.3791,0.3631,0.6612,0.0167,True,False,0.0,4725,0.37,0.3369,0.3791,0.3369,0.3791,0.3369,0.3791
4109302,Guaraniaçu - PR,41,1.5,0.4527,0.4847,0.456,0.8008,0.0115,True,False,0.0,13686,0.54,0.4739,0.5047,0.4527,0.4847,0.4452,0.4777
4109401,Guarapuava - PR,41,1.5,0.4544,0.4825,0.4538,0.8156,0.0067,True,False,0.0,180711,0.55,0.4737,0.5008,0.4544,0.4825,0.4477,0.4761
4109500,Guaraqueçaba - PR,41,1.5,0.4525,0.4846,0.4677,0.8587,0.0078,True,False,0.0,7378,0.49,0.4525,0.4846,0.4525,0.4846,0.4525,0.4846
4109609,Guaratuba - PR,41,1.5,0.4784,0.5036,0.4964,0.9172,0.007,True,False,0.0,41949,0.56,0.4784,0.5036,0.4784,0.5036,0.4784,0.5036
4109658,Honório Serpa - PR,41,1.5,0.4428,0.4731,0.4287,0.7886,0.0137,True,False,0.0,4919,0.46,0.4571,0.4866,0.4428,0.4731,0.4379,0.4684
4109708,Ibaiti - PR,41,1.5,0.4059,0.4404,0.4291,0.7522,0.0111,True,False,0.0,28702,0.62,0.4059,0.4404,0.4059,0.4404,0.4059,0.4404
4109757,Ibema - PR,41,1.5,0.3756,0.4133,0.3828,0.7013,0.0129,True,False,0.0,6218,0.44,0.3756,0.4133,0.3756,0.4133,0.3756,0.4133
4109807,Ibiporã - PR,41,1.5,0.4274,0.4584,0.4429,0.7969,0.0065,True,False,0.0,51352,0.45,0.4394,0.4698,0.4274,0.4584,0.4233,0.4545
4109906,Icaraíma - PR,41,1.5,0.3625,0.4018,0.3863,0.6906,0.0048,True,False,0.0,8935,0.42,0.3625,0.4018,0.3625,0.4018,0.3625,0.4018
4110003,Iguaraçu - PR,41,1.5,0.3615,0.4002,0.3938,0.7011,0.008,True,False,0.0,5338,0.42,0.3615,0.4002,0.3615,0.4002,0.3615,0.4002
4110052,Iguatu - PR,41,1.5,0.3822,0.4188,0.3965,0.716,0.0192,True,False,0.0,2141,0.46,0.3822,0.4188,0.3822,0.4188,0.3822,0.4188
4110078,Imbaú - PR,41,1.5,0.3921,0.4294,0.4173,0.7333,0.0083,True,False,0.0,14246,0.43,0.3921,0.4294,0.3921,0.4294,0.3921,0.4294
4110102,Imbituva - PR,41,1.5,0.4418,0.4752,0.466,0.787,0.0114,True,False,0.0,29826,0.51,0.4626,0.4948,0.4418,0.4752,0.4345,0.4684
4110201,Inácio Martins - PR,41,1.5,0.4367,0.4705,0.408,0.7405,0.0107,True,False,0.0,9664,0.51,0.4679,0.4998,0.4367,0.4705,0.4255,0.46
4110300,Inajá - PR,41,1.5,0.3948,0.4324,0.434,0.7386,0.014,True,True,0.0,2535,0.43,0.3948,0.4324,0.3948,0.4324,0.3948,0.4324
4110409,Indianópolis - PR,41,1.5,0.3202,0.3665,0.3505,0.6329,0.0133,True,False,0.0,4447,0.35,0.3202,0.3665,0.3202,0.3665,0.3202,0.3665
4110508,Ipiranga - PR,41,1.5,0.427,0.4594,0.4073,0.745,0.0132,True,False,0.0,14131,0.53,0.4494,0.4807,0.427,0.4594,0.4191,0.452
4110607,Iporã - PR,41,1.5,0.3925,0.4286,0.3985,0.7281,0.0112,True,False,0.0,15654,0.45,0.4016,0.4372,0.3925,0.4286,0.3894,0.4256
4110656,Iracema do Oeste - PR,41,1.5,0.3471,0.3895,0.3762,0.6547,0.009,True,False,0.0,2342,0.4,0.3471,0.3895,0.3471,0.3895,0.3471,0.3895
4110706,Irati - PR,41,1.5,0.4226,0.4535,0.4365,0.7752,0.0089,True,False,0.0,59079,0.49,0.4259,0.4566,0.4226,0.4535,0.4215,0.4525
4110805,Iretama - PR,41,1.5,0.3721,0.4091,0.3927,0.7072,0.0079,True,False,0.0,10592,0.58,0.3721,0.4091,0.3721,0.4091,0.3721,0.4091
4110904,Itaguajé - PR,41,1.5,0.4519,0.484,0.4642,0.846,0.0219,True,False,0.0,4478,0.41,0.4963,0.5259,0.4519,0.484,0.4353,0.4683
4110953,Itaipulândia - PR,41,1.5,0.3786,0.4144,0.4116,0.7248,0.0057,True,False,0.0,11468,0.63,0.3786,0.4144,0.3786,0.4144,0.3786,0.4144
4111001,Itambaracá - PR,41,1.5,0.4115,0.4455,0.4319,0.7915,0.0133,True,False,0.0,5857,0.42,0.4115,0.4455,0.4115,0.4455,0.4115,0.4455
4111100,Itambé - PR,41,1.5,0.3291,0.3719,0.3668,0.6659,0.0139,True,False,0.0,6110,0.36,0.3291,0.3719,0.3291,0.3719,0.3291,0.3719
4111209,Itapejara d'Oeste - PR,41,1.5,0.4177,0.4514,0.4467,0.7736,0.0161,True,False,0.0,12295,0.49,0.4177,0.4514,0.4177,0.4514,0.4177,0.4514
4111258,Itaperuçu - PR,41,1.5,0.3542,0.3972,0.4085,0.6548,0.0087,True,True,0.0,31216,0.4,0.3571,0.3999,0.3542,0.3972,0.3532,0.3963
4111308,Itaúna do Sul - PR,41,1.5,0.3649,0.4037,0.3774,0.6763,0.014,True,False,0.0,3572,0.37,0.3649,0.4037,0.3649,0.4037,0.3649,0.4037
4111407,Ivaí - PR,41,1.5,0.4261,0.4567,0.4454,0.8144,0.0063,True,False,0.0,13168,0.5,0.4261,0.4567,0.4261,0.4567,0.4261,0.4567
4111506,Ivaiporã - PR,41,1.5,0.4998,0.5257,0.4543,0.815,0.0112,True,False,0.0,32597,0.48,0.554,0.5774,0.4998,0.5257,0.4786,0.5055
4111555,Ivaté - PR,41,1.5,0.3455,0.3875,0.3797,0.6697,0.0082,True,False,0.0,6832,0.37,0.3455,0.3875,0.3455,0.3875,0.3455,0.3875
4111605,Ivatuba - PR,41,1.5,0.3793,0.4114,0.4041,0.7354,0.0179,True,False,0.0,2686,0.43,0.3793,0.4114,0.3793,0.4114,0.3793,0.4114
4111704,Jaboti - PR,41,1.5,0.4146,0.4479,0.4251,0.774,0.0134,True,False,0.0,5427,0.48,0.4146,0.4479,0.4146,0.4479,0.4146,0.4479
4111803,Jacarezinho - PR,41,1.5,0.4521,0.4813,0.4603,0.8301,0.0088,True,False,0.0,40214,0.53,0.4601,0.4888,0.4521,0.4813,0.4494,0.4787
4111902,Jaguapitã - PR,41,1.5,0.3419,0.3831,0.374,0.6744,0.0077,True,False,0.0,15021,0.4,0.3419,0.3831,0.3419,0.3831,0.3419,0.3831
4112009,Jaguariaíva - PR,41,1.5,0.4246,0.4553,0.4473,0.8084,0.0072,True,False,0.0,34961,0.51,0.4246,0.4553,0.4246,0.4553,0.4246,0.4553
4112108,Jandaia do Sul - PR,41,1.5,0.3848,0.4178,0.4075,0.7248,0.0065,True,False,0.0,21296,0.46,0.3848,0.4178,0.3848,0.4178,0.3848,0.4178
4112207,Janiópolis - PR,41,1.5,0.3494,0.3912,0.381,0.671,0.0144,True,False,0.0,5847,0.5,0.3494,0.3912,0.3494,0.3912,0.3494,0.3912
4112306,Japira - PR,41,1.5,0.4202,0.4547,0.4319,0.7416,0.0086,True,False,0.0,4971,0.47,0.4388,0.4722,0.4202,0.4547,0.4137,0.4487
4112405,Japurá - PR,41,1.5,0.3375,0.38,0.3613,0.6532,0.0116,True,False,0.0,9144,0.35,0.3375,0.38,0.3375,0.38,0.3375,0.38
4112504,Jardim Alegre - PR,41,1.5,0.3934,0.4297,0.4298,0.7539,0.0191,True,True,0.0,11998,0.66,0.3934,0.4297,0.3934,0.4297,0.3934,0.4297
4112603,Jardim Olinda - PR,41,1.5,0.3593,0.4011,0.404,0.6979,0.0141,True,True,0.0,1343,0.44,0.3593,0.4011,0.3593,0.4011,0.3593,0.4011
4112702,Jataizinho - PR,41,1.5,0.3816,0.4198,0.4179,0.731,0.0119,True,False,0.0,11772,0.44,0.3816,0.4198,0.3816,0.4198,0.3816,0.4198
4112751,Jesuítas - PR,41,1.5,0.3782,0.4159,0.3709,0.6642,0.0178,True,False,0.0,10496,0.42,0.3941,0.4309,0.3782,0.4159,0.3727,0.4108
4112801,Joaquim Távora - PR,41,1.5,0.446,0.4787,0.4119,0.7414,0.0085,True,False,0.0,11858,0.43,0.5028,0.5324,0.446,0.4787,0.4241,0.458
4112900,Jundiaí do Sul - PR,41,1.5,0.5108,0.5407,0.4565,0.8218,0.0202,True,False,0.0,3333,0.5,0.5665,0.5932,0.5108,0.5407,0.4889,0.5201
4112959,Juranda - PR,41,1.5,0.3735,0.4093,0.3873,0.706,0.0106,True,False,0.0,7770,0.44,0.3735,0.4093,0.3735,0.4093,0.3735,0.4093
4113007,Jussara - PR,41,1.5,0.3297,0.3717,0.3696,0.6515,0.0076,True,False,0.0,6682,0.46,0.3297,0.3717,0.3297,0.3717,0.3297,0.3717
4113106,Kaloré - PR,41,1.5,0.3912,0.4303,0.365,0.6563,0.0129,True,False,0.0,4529,0.4,0.4424,0.4783,0.3912,0.4303,0.372,0.4123
4113205,Lapa - PR,41,1.5,0.4279,0.459,0.4512,0.778,0.0085,True,False,0.0,44898,0.49,0.4279,0.459,0.4279,0.459,0.4279,0.459
4113254,Laranjal - PR,41,1.5,0.3688,0.4078,0.4001,0.7202,0.0146,True,False,0.0,5601,0.49,0.3688,0.4078,0.3688,0.4078,0.3688,0.4078
4113304,Laranjeiras do Sul - PR,41,1.5,0.4996,0.5239,0.4776,0.8777,0.0101,True,False,0.0,31954,0.54,0.5397,0.5622,0.4996,0.5239,0.4846,0.5096
4113403,Leópolis - PR,41,1.5,0.3822,0.4189,0.4085,0.7255,0.0153,True,False,0.0,3750,0.39,0.3822,0.4189,0.3822,0.4189,0.3822,0.4189
4113429,Lidianópolis - PR,41,1.5,0.3955,0.4309,0.422,0.739,0.0177,True,False,0.0,3934,0.4,0.3955,0.4309,0.3955,0.4309,0.3955,0.4309
4113452,Lindoeste - PR,41,1.5,0.3355,0.3773,0.38,0.6769,0.0205,True,True,0.0,5168,0.5,0.3355,0.3773,0.3355,0.3773,0.3355,0.3773
4113502,Loanda - PR,41,1.5,0.4271,0.4594,0.4317,0.7552,0.0114,True,False,0.0,23061,0.47,0.4496,0.4806,0.4271,0.4594,0.4192,0.4519
4113601,Lobato - PR,41,1.5,0.4115,0.4437,0.4271,0.7732,0.0087,True,False,0.0,4601,0.38,0.4115,0.4437,0.4115,0.4437,0.4115,0.4437
4113700,Londrina - PR,41,1.5,0.5018,0.5234,0.4976,0.8961,0.0077,True,False,0.0,551960,0.51,0.5271,0.5477,0.5018,0.5234,0.4928,0.5148
4113734,Luiziana - PR,41,1.5,0.3958,0.4328,0.3956,0.7108,0.0111,True,False,0.0,6684,0.48,0.3958,0.4328,0.3958,0.4328,0.3958,0.4328
4113759,Lunardelli - PR,41,1.5,0.3771,0.4163,0.3958,0.7093,0.0177,True,False,0.0,4872,0.46,0.3771,0.4163,0.3771,0.4163,0.3771,0.4163
4113809,Lupionópolis - PR,41,1.5,0.3722,0.4121,0.4056,0.7034,0.0099,True,False,0.0,4791,0.48,0.3722,0.4121,0.3722,0.4121,0.3722,0.4121
4113908,Mallet - PR,41,1.5,0.4268,0.4591,0.4671,0.7575,0.0072,True,True,0.0,13413,0.46,0.4268,0.4591,0.4268,0.4591,0.4268,0.4591
4114005,Mamborê - PR,41,1.5,0.4607,0.4898,0.4449,0.7935,0.0062,True,False,0.0,13425,0.49,0.4974,0.5246,0.4607,0.4898,0.4472,0.477
4114104,Mandaguaçu - PR,41,1.5,0.3763,0.4113,0.392,0.7095,0.0055,True,False,0.0,31411,0.41,0.3763,0.4113,0.3763,0.4113,0.3763,0.4113
4114203,Mandaguari - PR,41,1.5,0.3831,0.4195,0.3912,0.6798,0.005,True,False,0.0,36591,0.45,0.4021,0.4375,0.3831,0.4195,0.3764,0.4133
4114302,Mandirituba - PR,41,1.5,0.4315,0.4639,0.4724,0.8032,0.0152,True,True,0.0,27414,0.46,0.4315,0.4639,0.4315,0.4639,0.4315,0.4639
4114351,Manfrinópolis - PR,41,1.5,0.4076,0.4411,0.3977,0.7281,0.014,True,False,0.0,2769,0.47,0.4257,0.4582,0.4076,0.4411,0.4013,0.4352
4114401,Mangueirinha - PR,41,1.5,0.4464,0.4766,0.4554,0.8018,0.0053,True,False,0.0,16581,0.57,0.4606,0.49,0.4464,0.4766,0.4416,0.472
4114500,Manoel Ribas - PR,41,1.5,0.4906,0.5165,0.5137,0.9703,0.0187,True,False,0.0,14230,0.6,0.5083,0.5333,0.4906,0.5165,0.4844,0.5106
4114609,Marechal Cândido Rondon - PR,41,1.5,0.4101,0.4411,0.4229,0.7652,0.0104,True,False,0.0,55584,0.53,0.4237,0.454,0.4101,0.4411,0.4055,0.4367
4114708,Maria Helena - PR,41,1.5,0.4052,0.4405,0.423,0.7523,0.0108,True,False,0.0,5861,0.41,0.4052,0.4405,0.4052,0.4405,0.4052,0.4405
4114807,Marialva - PR,41,1.5,0.3723,0.4074,0.4064,0.7201,0.0065,True,False,0.0,41740,0.44,0.3723,0.4074,0.3723,0.4074,0.3723,0.4074
4114906,Marilândia do Sul - PR,41,1.5,0.4168,0.45,0.4151,0.7658,0.0083,True,False,0.0,8621,0.44,0.4356,0.4677,0.4168,0.45,0.4103,0.4439
4115002,Marilena - PR,41,1.5,0.3308,0.3748,0.3721,0.6718,0.0188,True,False,0.0,7254,0.36,0.3308,0.3748,0.3308,0.3748,0.3308,0.3748
4115101,Mariluz - PR,41,1.5,0.3892,0.4266,0.401,0.7083,0.01,True,False,0.0,9803,0.46,0.3892,0.4266,0.3892,0.4266,0.3892,0.4266
4115200,Maringá - PR,41,1.5,0.4687,0.4924,0.4595,0.82,0.0079,True,False,0.0,407010,0.49,0.5048,0.5269,0.4687,0.4924,0.4555,0.4797
4115309,Mariópolis - PR,41,1.5,0.5007,0.5234,0.4947,0.8785,0.0114,True,False,0.0,6369,0.48,0.5087,0.5311,0.5007,0.5234,0.4979,0.5208
4115358,Maripá - PR,41,1.5,0.3518,0.3891,0.3744,0.6874,0.0045,True,False,0.0,6547,0.42,0.3518,0.3891,0.3518,0.3891,0.3518,0.3891
4115408,Marmeleiro - PR,41,1.5,0.4992,0.5235,0.4652,0.8487,0.0165,True,False,0.0,15873,0.51,0.5425,0.5649,0.4992,0.5235,0.4829,0.5079
4115457,Marquinho - PR,41,1.5,0.4665,0.493,0.4649,0.8602,0.0081,True,False,0.0,4505,0.5,0.4665,0.493,0.4665,0.493,0.4665,0.493
4115507,Marumbi - PR,41,1.5,0.3795,0.4188,0.4066,0.693,0.0172,True,False,0.0,4699,0.46,0.3795,0.4188,0.3795,0.4188,0.3795,0.4188
4115606,Matelândia - PR,41,1.5,0.3529,0.3924,0.3908,0.6816,0.0091,True,False,0.0,18391,0.46,0.3529,0.3924,0.3529,0.3924,0.3529,0.3924
4115705,Matinhos - PR,41,1.5,0.5004,0.5249,0.4858,0.8667,0.0056,True,False,0.0,39159,0.48,0.5357,0.5586,0.5004,0.5249,0.4874,0.5125
4115739,Mato Rico - PR,41,1.5,0.4001,0.4366,0.4117,0.7415,0.0145,True,False,0.0,3254,0.45,0.4001,0.4366,0.4001,0.4366,0.4001,0.4366
4115754,Mauá da Serra - PR,41,1.5,0.392,0.4298,0.4382,0.726,0.0114,True,True,0.0,9383,0.47,0.392,0.4298,0.392,0.4298,0.392,0.4298
4115804,Medianeira - PR,41,1.5,0.4109,0.4411,0.4352,0.7539,0.0086,True,False,0.0,54208,0.49,0.4196,0.4494,0.4109,0.4411,0.408,0.4383
4115853,Mercedes - PR,41,1.5,0.3987,0.4317,0.4004,0.6893,0.0112,True,False,0.0,5922,0.41,0.4068,0.4394,0.3987,0.4317,0.3959,0.4291
4115903,Mirador - PR,41,1.5,0.3624,0.4062,0.3668,0.6545,0.0195,True,False,0.0,2234,0.4,0.3944,0.436,0.3624,0.4062,0.351,0.3955
4116000,Miraselva - PR,41,1.5,0.3542,0.395,0.3999,0.6803,0.0095,True,True,0.0,1967,0.39,0.3542,0.395,0.3542,0.395,0.3542,0.395
4116059,Missal - PR,41,1.5,0.3538,0.3906,0.3769,0.666,0.0099,True,False,0.0,11024,0.45,0.3538,0.3906,0.3538,0.3906,0.3538,0.3906
4116109,Moreira Sales - PR,41,1.5,0.3969,0.4341,0.4269,0.7411,0.0146,True,False,0.0,11117,0.44,0.3969,0.4341,0.3969,0.4341,0.3969,0.4341
4116208,Morretes - PR,41,1.5,0.4519,0.4809,0.4622,0.8426,0.0141,True,False,0.0,18310,0.53,0.4519,0.4809,0.4519,0.4809,0.4519,0.4809
4116307,Munhoz de Melo - PR,41,1.5,0.4358,0.4661,0.4156,0.7698,0.0078,True,False,0.0,3940,0.39,0.4638,0.4926,0.4358,0.4661,0.4258,0.4566
4116406,Nossa Senhora das Graças - PR,41,1.5,0.3312,0.373,0.3566,0.6465,0.0082,True,False,0.0,3671,0.33,0.3312,0.373,0.3312,0.373,0.3312,0.373
4116505,Nova Aliança do Ivaí - PR,41,1.5,0.3841,0.423,0.3912,0.7068,0.0137,True,False,0.0,1323,0.34,0.3841,0.423,0.3841,0.423,0.3841,0.423
4116604,Nova América da Colina - PR,41,1.5,0.3519,0.3951,0.3522,0.6352,0.016,True,False,0.0,3281,0.36,0.3766,0.4181,0.3519,0.3951,0.3432,0.3869
4116703,Nova Aurora - PR,41,1.5,0.3772,0.4138,0.3933,0.7092,0.0139,True,False,0.0,13739,0.55,0.3772,0.4138,0.3772,0.4138,0.3772,0.4138
4116802,Nova Cantu - PR,41,1.5,0.4339,0.4648,0.4279,0.7773,0.0121,True,False,0.0,6788,0.48,0.447,0.4772,0.4339,0.4648,0.4294,0.4605
4116901,Nova Esperança - PR,41,1.5,0.4128,0.4484,0.407,0.7334,0.0119,True,False,0.0,26545,0.46,0.4545,0.4878,0.4128,0.4484,0.3974,0.4339
4116950,Nova Esperança do Sudoeste - PR,41,1.5,0.6406,0.6603,0.4985,0.9429,0.0348,True,False,0.0,5597,0.5,0.7278,0.7465,0.6406,0.6603,0.5967,0.617
4117008,Nova Fátima - PR,41,1.5,0.4298,0.4646,0.4217,0.746,0.0137,True,False,0.0,7225,0.45,0.4565,0.4897,0.4298,0.4646,0.4203,0.4557
4117057,Nova Laranjeiras - PR,41,1.5,0.5389,0.5636,0.5507,1.0091,0.0044,True,False,0.0,12056,0.56,0.5508,0.575,0.5389,0.5636,0.5347,0.5597
4117107,Nova Londrina - PR,41,1.5,0.3963,0.4333,0.4033,0.6873,0.0123,True,False,0.0,12873,0.5,0.4172,0.453,0.3963,0.4333,0.389,0.4264
4117206,Nova Olímpia - PR,41,1.5,0.4046,0.4423,0.3938,0.7046,0.011,True,False,0.0,5817,0.4,0.4307,0.4668,0.4046,0.4423,0.3953,0.4336
4117214,Nova Santa Bárbara - PR,41,1.5,0.3734,0.4108,0.3846,0.6933,0.0169,True,False,0.0,4184,0.49,0.3734,0.4108,0.3734,0.4108,0.3734,0.4108
4117222,Nova Santa Rosa - PR,41,1.5,0.3631,0.4034,0.3536,0.6487,0.0103,True,False,0.0,8284,0.41,0.3938,0.4322,0.3631,0.4034,0.3521,0.3931
4117255,Nova Prata do Iguaçu - PR,41,1.5,0.4853,0.5114,0.4574,0.8136,0.0192,True,False,0.0,12693,0.46,0.5151,0.5397,0.4853,0.5114,0.4746,0.5012
4117271,Nova Tebas - PR,41,1.5,0.4822,0.5099,0.4729,0.8586,0.0186,True,False,0.0,6811,0.5,0.5006,0.5274,0.4822,0.5099,0.4757,0.5038
4117297,Novo Itacolomi - PR,41,1.5,0.3587,0.4001,0.3696,0.6773,0.0253,True,False,0.0,3126,0.38,0.3587,0.4001,0.3587,0.4001,0.3587,0.4001
4117305,Ortigueira - PR,41,1.5,0.4602,0.4905,0.4825,0.8641,0.0087,True,False,0.0,24078,0.49,0.4804,0.5095,0.4602,0.4905,0.4532,0.4838
4117404,Ourizona - PR,41,1.5,0.3924,0.4267,0.4043,0.7358,0.0054,True,False,0.0,3186,0.44,0.3924,0.4267,0.3924,0.4267,0.3924,0.4267
4117453,Ouro Verde do Oeste - PR,41,1.5,0.3526,0.393,0.3882,0.6872,0.0077,True,False,0.0,6774,0.41,0.3526,0.393,0.3526,0.393,0.3526,0.393
4117503,Paiçandu - PR,41,1.5,0.3356,0.3794,0.376,0.6611,0.0122,True,False,0.0,45940,0.36,0.343,0.3863,0.3356,0.3794,0.3331,0.3771
4117602,Palmas - PR,41,1.5,0.4917,0.5218,0.4466,0.7947,0.0107,True,False,0.0,48106,0.54,0.5533,0.5801,0.4917,0.5218,0.4672,0.4987
4117701,Palmeira - PR,41,1.5,0.4143,0.4481,0.4435,0.7263,0.0061,True,False,0.0,33778,0.59,0.4307,0.4636,0.4143,0.4481,0.4086,0.4428
4117800,Palmital - PR,41,1.5,0.4879,0.516,0.4759,0.8686,0.0088,True,False,0.0,13030,0.52,0.5156,0.5422,0.4879,0.516,0.478,0.5066
4117909,Palotina - PR,41,1.5,0.4806,0.5078,0.4255,0.781,0.0148,True,False,0.0,34868,0.47,0.5421,0.5666,0.4806,0.5078,0.4562,0.4845
4118006,Paraíso do Norte - PR,41,1.5,0.3619,0.4028,0.4019,0.6596,0.0105,True,False,0.0,13228,0.48,0.3619,0.4028,0.3619,0.4028,0.3619,0.4028
4118105,Paranacity - PR,41,1.5,0.3805,0.416,0.4076,0.7297,0.0056,True,False,0.0,9495,0.4,0.3805,0.416,0.3805,0.416,0.3805,0.416
4118204,Paranaguá - PR,41,1.5,0.4477,0.4759,0.4665,0.8413,0.0043,True,False,0.0,145398,0.52,0.4588,0.4864,0.4477,0.4759,0.4439,0.4722
4118303,Paranapoema - PR,41,1.5,0.3587,0.3986,0.4045,0.6828,0.0031,True,True,0.0,2390,0.43,0.3587,0.3986,0.3587,0.3986,0.3587,0.3986
4118402,Paranavaí - PR,41,1.5,0.4416,0.4707,0.447,0.8085,0.0077,True,False,0.0,91649,0.48,0.4638,0.4919,0.4416,0.4707,0.4337,0.4633
4118451,Pato Bragado - PR,41,1.5,0.3574,0.3962,0.3843,0.6854,0.0153,True,False,0.0,5731,0.43,0.3574,0.3962,0.3574,0.3962,0.3574,0.3962
4118501,Pato Branco - PR,41,1.5,0.4624,0.4877,0.4704,0.7917,0.0099,True,False,0.0,91594,0.51,0.4848,0.5091,0.4624,0.4877,0.4545,0.4801
4118600,Paula Freitas - PR,41,1.5,0.4266,0.4582,0.426,0.7908,0.0102,True,False,0.0,5666,0.58,0.4266,0.4582,0.4266,0.4582,0.4266,0.4582
4118709,Paulo Frontin - PR,41,1.5,0.4725,0.5032,0.4911,0.8038,0.0181,True,False,0.0,6315,0.51,0.5001,0.5293,0.4725,0.5032,0.4626,0.4939
4118808,Peabiru - PR,41,1.5,0.4454,0.4757,0.4334,0.7892,0.0097,True,False,0.0,13308,0.54,0.4775,0.506,0.4454,0.4757,0.4339,0.4647
4118857,Perobal - PR,41,1.5,0.3839,0.4222,0.4215,0.7105,0.0082,True,False,0.0,7174,0.41,0.3839,0.4222,0.3839,0.4222,0.3839,0.4222
4118907,Pérola - PR,41,1.5,0.3919,0.4301,0.394,0.7021,0.0119,True,False,0.0,11818,0.37,0.4021,0.4397,0.3919,0.4301,0.3885,0.4269
4119004,Pérola d'Oeste - PR,41,1.5,0.4676,0.4916,0.4627,0.871,0.0138,True,False,0.0,6214,0.44,0.4676,0.4916,0.4676,0.4916,0.4676,0.4916
4119103,Piên - PR,41,1.5,0.3861,0.426,0.4255,0.7182,0.0153,True,False,0.0,13654,0.42,0.3861,0.426,0.3861,0.426,0.3861,0.426
4119152,Pinhais - PR,41,1.5,0.4793,0.5049,0.4527,0.8219,0.0092,True,False,0.0,126347,0.48,0.5247,0.5483,0.4793,0.5049,0.4621,0.4885
4119202,Pinhalão - PR,41,1.5,0.3977,0.4336,0.4072,0.7334,0.0175,True,False,0.0,6535,0.49,0.3977,0.4336,0.3977,0.4336,0.3977,0.4336
4119251,Pinhal de São Bento - PR,41,1.5,0.4289,0.4611,0.4293,0.7785,0.0246,True,False,0.0,2760,0.37,0.4289,0.4611,0.4289,0.4611,0.4289,0.4611
4119301,Pinhão - PR,41,1.5,0.4565,0.4885,0.4879,0.8686,0.0111,True,False,0.0,29790,0.53,0.4565,0.4885,0.4565,0.4885,0.4565,0.4885
4119400,Piraí do Sul - PR,41,1.5,0.456,0.4849,0.4758,0.8302,0.0115,True,False,0.0,23611,0.56,0.456,0.4849,0.456,0.4849,0.456,0.4849
4119509,Piraquara - PR,41,1.5,0.3967,0.4326,0.4151,0.7508,0.0085,True,False,0.0,111999,0.41,0.4091,0.4443,0.3967,0.4326,0.3924,0.4286
4119608,Pitanga - PR,41,1.5,0.4729,0.499,0.477,0.8668,0.0081,True,False,0.0,33500,0.52,0.4844,0.5099,0.4729,0.499,0.469,0.4952
4119657,Pitangueiras - PR,41,1.5,0.3934,0.4327,0.3982,0.7183,0.022,True,False,0.0,3017,0.33,0.3934,0.4327,0.3934,0.4327,0.3934,0.4327
4119707,Planaltina do Paraná - PR,41,1.5,0.3642,0.4056,0.3992,0.6909,0.0204,True,False,0.0,4066,0.43,0.3642,0.4056,0.3642,0.4056,0.3642,0.4056
4119806,Planalto - PR,41,1.5,0.4505,0.4783,0.419,0.7671,0.0132,True,False,0.0,14346,0.47,0.4873,0.5134,0.4505,0.4783,0.437,0.4654
4119905,Ponta Grossa - PR,41,1.5,0.4789,0.5045,0.4821,0.8542,0.0074,True,False,0.0,356305,0.54,0.5011,0.5257,0.4789,0.5045,0.471,0.497
4119954,Pontal do Paraná - PR,41,1.5,0.4408,0.4693,0.4655,0.8285,0.0049,True,False,0.0,30413,0.51,0.4572,0.4848,0.4408,0.4693,0.4351,0.4639
4120002,Porecatu - PR,41,1.5,0.4167,0.4484,0.4324,0.7917,0.0101,True,False,0.0,11493,0.44,0.4167,0.4484,0.4167,0.4484,0.4167,0.4484
4120101,Porto Amazonas - PR,41,1.5,0.4086,0.4423,0.4047,0.7458,0.008,True,False,0.0,4091,0.51,0.4401,0.472,0.4086,0.4423,0.3973,0.4316
4120150,Porto Barreiro - PR,41,1.5,0.441,0.4691,0.4517,0.8459,0.0106,True,False,0.0,3107,0.52,0.441,0.4691,0.441,0.4691,0.441,0.4691
4120200,Porto Rico - PR,41,1.5,0.4024,0.4351,0.4069,0.7435,0.0145,True,False,0.0,3183,0.48,0.4024,0.4351,0.4024,0.4351,0.4024,0.4351
4120309,Porto Vitória - PR,41,1.5,0.3947,0.43,0.4423,0.7176,0.0049,True,True,0.0,3533,0.44,0.3947,0.43,0.3947,0.43,0.3947,0.43
4120333,Prado Ferreira - PR,41,1.5,0.4239,0.4599,0.4092,0.6902,0.0067,True,False,0.0,3692,0.49,0.4701,0.5033,0.4239,0.4599,0.4067,0.4437
4120358,Pranchita - PR,41,1.5,0.5413,0.5613,0.4847,0.9031,0.0114,True,False,0.0,5738,0.52,0.6023,0.6203,0.5413,0.5613,0.5165,0.5374
4120408,Presidente Castelo Branco - PR,41,1.5,0.3496,0.3867,0.3674,0.6643,0.0106,True,False,0.0,4335,0.37,0.3496,0.3867,0.3496,0.3867,0.3496,0.3867
4120507,Primeiro de Maio - PR,41,1.5,0.3513,0.3908,0.3671,0.6674,0.0079,True,False,0.0,10062,0.45,0.3513,0.3908,0.3513,0.3908,0.3513,0.3908
4120606,Prudentópolis - PR,41,1.5,0.4425,0.4741,0.4436,0.7827,0.0051,True,False,0.0,49053,0.47,0.4673,0.4975,0.4425,0.4741,0.4337,0.4657
4120655,Quarto Centenário - PR,41,1.5,0.3535,0.3937,0.3832,0.691,0.0058,True,False,0.0,4202,0.61,0.3535,0.3937,0.3535,0.3937,0.3535,0.3937
4120705,Quatiguá - PR,41,1.5,0.4069,0.441,0.3954,0.7268,0.0097,True,False,0.0,8069,0.41,0.4374,0.4698,0.4069,0.441,0.396,0.4307
4120804,Quatro Barras - PR,41,1.5,0.4556,0.4839,0.45,0.8056,0.0116,True,False,0.0,24133,0.47,0.4765,0.5038,0.4556,0.4839,0.4482,0.4769
4120853,Quatro Pontes - PR,41,1.5,0.4196,0.4494,0.3711,0.6834,0.0111,True,False,0.0,4481,0.47,0.485,0.512,0.4196,0.4494,0.3939,0.4249
4120903,Quedas do Iguaçu - PR,41,1.5,0.4373,0.4693,0.4428,0.7942,0.0081,True,False,0.0,30572,0.58,0.4553,0.4864,0.4373,0.4693,0.431,0.4634
4121000,Querência do Norte - PR,41,1.5,0.4024,0.4384,0.4083,0.7384,0.0074,True,False,0.0,10676,0.5,0.4024,0.4384,0.4024,0.4384,0.4024,0.4384
4121109,Quinta do Sol - PR,41,1.5,0.386,0.4242,0.3912,0.7147,0.0117,True,False,0.0,4901,0.44,0.386,0.4242,0.386,0.4242,0.386,0.4242
4121208,Quitandinha - PR,41,1.5,0.4236,0.457,0.4588,0.7594,0.0093,True,True,0.0,18374,0.47,0.4236,0.457,0.4236,0.457,0.4236,0.457
4121257,Ramilândia - PR,41,1.5,0.3327,0.3776,0.3863,0.6715,0.0167,True,True,0.0,4205,0.48,0.3327,0.3776,0.3327,0.3776,0.3327,0.3776
4121307,Rancho Alegre - PR,41,1.5,0.4022,0.4379,0.4224,0.7488,0.0147,True,False,0.0,3511,0.49,0.4022,0.4379,0.4022,0.4379,0.4022,0.4379
4121356,Rancho Alegre D'Oeste - PR,41,1.5,0.3904,0.4289,0.4551,0.7149,0.0129,True,True,0.0,2615,0.44,0.3904,0.4289,0.3904,0.4289,0.3904,0.4289
4121406,Realeza - PR,41,1.5,0.4796,0.5045,0.4481,0.829,0.0148,True,False,0.0,19178,0.43,0.5182,0.5414,0.4796,0.5045,0.4653,0.4908
4121505,Rebouças - PR,41,1.5,0.4921,0.5213,0.4874,0.8435,0.0146,True,False,0.0,14504,0.51,0.5272,0.5545,0.4921,0.5213,0.4792,0.5091
4121604,Renascença - PR,41,1.5,0.4729,0.4996,0.4941,0.8702,0.0088,True,False,0.0,6843,0.58,0.4729,0.4996,0.4729,0.4996,0.4729,0.4996
4121703,Reserva - PR,41,1.5,0.4442,0.478,0.4533,0.7562,0.0181,True,False,0.0,24438,0.5,0.4716,0.5038,0.4442,0.478,0.4344,0.4688
4121752,Reserva do Iguaçu - PR,41,1.5,0.4383,0.47,0.4649,0.8407,0.0135,True,False,0.0,6549,0.57,0.4383,0.47,0.4383,0.47,0.4383,0.47
4121802,Ribeirão Claro - PR,41,1.5,0.3887,0.4247,0.3948,0.7258,0.0109,True,False,0.0,12332,0.52,0.3887,0.4247,0.3887,0.4247,0.3887,0.4247
4121901,Ribeirão do Pinhal - PR,41,1.5,0.4826,0.5128,0.4368,0.7996,0.0142,True,False,0.0,12958,0.5,0.5264,0.5542,0.4826,0.5128,0.4661,0.4973
4122008,Rio Azul - PR,41,1.5,0.5191,0.5455,0.539,0.8493,0.007,True,False,0.0,13926,0.63,0.5532,0.5778,0.5191,0.5455,0.5066,0.5336
4122107,Rio Bom - PR,41,1.5,0.3844,0.4208,0.3869,0.6746,0.0121,True,False,0.0,3159,0.43,0.404,0.4393,0.3844,0.4208,0.3776,0.4144
4122156,Rio Bonito do Iguaçu - PR,41,1.5,0.4626,0.4943,0.4346,0.7578,0.0116,True,False,0.0,13917,0.5,0.5107,0.5398,0.4626,0.4943,0.4444,0.4771
4122172,Rio Branco do Ivaí - PR,41,1.5,0.3679,0.408,0.3926,0.7024,0.007,True,False,0.0,3808,0.49,0.3679,0.408,0.3679,0.408,0.3679,0.408
4122206,Rio Branco do Sul - PR,41,1.5,0.4319,0.4666,0.505,0.7518,0.0081,True,True,0.0,37498,0.47,0.4319,0.4666,0.4319,0.4666,0.4319,0.4666
4122305,Rio Negro - PR,41,1.5,0.4302,0.4605,0.4457,0.8087,0.0111,True,False,0.0,31191,0.48,0.4554,0.4844,0.4302,0.4605,0.4213,0.452
4122404,Rolândia - PR,41,1.5,0.4086,0.4416,0.4281,0.7405,0.0053,True,False,0.0,71259,0.45,0.4227,0.4548,0.4086,0.4416,0.4038,0.437
4122503,Roncador - PR,41,1.5,0.408,0.4416,0.4313,0.7674,0.0048,True,False,0.0,11222,0.53,0.408,0.4416,0.408,0.4416,0.408,0.4416
4122602,Rondon - PR,41,1.5,0.3672,0.4067,0.4123,0.6734,0.0138,True,True,0.0,9091,0.41,0.3672,0.4067,0.3672,0.4067,0.3672,0.4067
4122651,Rosário do Ivaí - PR,41,1.5,0.405,0.4419,0.4019,0.7236,0.0142,True,False,0.0,5408,0.47,0.405,0.4419,0.405,0.4419,0.405,0.4419
4122701,Sabáudia - PR,41,1.5,0.3482,0.3905,0.3729,0.6838,0.0168,True,False,0.0,8822,0.41,0.3679,0.4089,0.3482,0.3905,0.3414,0.3841
4122800,Salgado Filho - PR,41,1.5,0.4387,0.4695,0.3985,0.7314,0.0154,True,False,0.0,4061,0.46,0.4896,0.5178,0.4387,0.4695,0.4194,0.4512
4122909,Salto do Itararé - PR,41,1.5,0.4703,0.5021,0.4065,0.7435,0.0116,True,False,0.0,5193,0.42,0.5368,0.565,0.4703,0.5021,0.4436,0.4769
4123006,Salto do Lontra - PR,41,1.5,0.4863,0.5135,0.4539,0.8307,0.0174,True,False,0.0,15220,0.46,0.5188,0.5444,0.4863,0.5135,0.4745,0.5022
4123105,Santa Amélia - PR,41,1.5,0.3978,0.4324,0.4092,0.7461,0.0133,True,False,0.0,3394,0.41,0.3978,0.4324,0.3978,0.4324,0.3978,0.4324
4123204,Santa Cecília do Pavão - PR,41,1.5,0.3966,0.434,0.4299,0.7335,0.023,True,False,0.0,3338,0.47,0.3966,0.434,0.3966,0.434,0.3966,0.434
4123303,Santa Cruz de Monte Castelo - PR,41,1.5,0.4048,0.4404,0.403,0.7397,0.0157,True,False,0.0,8569,0.38,0.4048,0.4404,0.4048,0.4404,0.4048,0.4404
4123402,Santa Fé - PR,41,1.5,0.3519,0.3923,0.3819,0.6741,0.0066,True,False,0.0,11370,0.41,0.3519,0.3923,0.3519,0.3923,0.3519,0.3923
4123501,Santa Helena - PR,41,1.5,0.4767,0.5047,0.4345,0.791,0.0147,True,False,0.0,25457,0.52,0.5282,0.5538,0.4767,0.5047,0.4568,0.4858
4123600,Santa Inês - PR,41,1.5,0.3401,0.3815,0.3723,0.6346,0.0163,True,False,0.0,1748,0.38,0.3401,0.3815,0.3401,0.3815,0.3401,0.3815
4123709,Santa Isabel do Ivaí - PR,41,1.5,0.3746,0.413,0.3911,0.6808,0.0141,True,False,0.0,8914,0.41,0.3746,0.413,0.3746,0.413,0.3746,0.413
4123808,Santa Izabel do Oeste - PR,41,1.5,0.4652,0.4931,0.4399,0.815,0.0109,True,False,0.0,14055,0.45,0.4984,0.5247,0.4652,0.4931,0.4532,0.4817
4123824,Santa Lúcia - PR,41,1.5,0.3343,0.3778,0.3642,0.651,0.0121,True,False,0.0,3641,0.44,0.3343,0.3778,0.3343,0.3778,0.3343,0.3778
4123857,Santa Maria do Oeste - PR,41,1.5,0.4267,0.461,0.4602,0.7741,0.0078,True,False,0.0,9933,0.48,0.4267,0.461,0.4267,0.461,0.4267,0.461
4123907,Santa Mariana - PR,41,1.5,0.4519,0.4806,0.4831,0.8433,0.0132,True,True,0.0,11046,0.43,0.4519,0.4806,0.4519,0.4806,0.4519,0.4806
4123956,Santa Mônica - PR,41,1.5,0.3837,0.4227,0.3839,0.6792,0.0064,True,False,0.0,3355,0.48,0.417,0.454,0.3837,0.4227,0.3717,0.4115
4124004,Santana do Itararé - PR,41,1.5,0.3904,0.4288,0.4047,0.744,0.0179,True,False,0.0,5482,0.5,0.3904,0.4288,0.3904,0.4288,0.3904,0.4288
4124020,Santa Tereza do Oeste - PR,41,1.5,0.3818,0.4183,0.4,0.7275,0.0076,True,False,0.0,13159,0.44,0.3818,0.4183,0.3818,0.4183,0.3818,0.4183
4124053,Santa Terezinha de Itaipu - PR,41,1.5,0.3745,0.409,0.4021,0.7202,0.0043,True,False,0.0,24241,0.44,0.3745,0.409,0.3745,0.409,0.3745,0.409
4124103,Santo Antônio da Platina - PR,41,1.5,0.4446,0.4758,0.4315,0.7572,0.0101,True,False,0.0,44201,0.54,0.4725,0.5021,0.4446,0.4758,0.4347,0.4664
4124202,Santo Antônio do Caiuá - PR,41,1.5,0.3441,0.3865,0.3708,0.6575,0.02,True,False,0.0,2492,0.35,0.3441,0.3865,0.3441,0.3865,0.3441,0.3865
4124301,Santo Antônio do Paraíso - PR,41,1.5,0.3845,0.4223,0.3948,0.7195,0.0094,True,False,0.0,2123,0.48,0.3845,0.4223,0.3845,0.4223,0.3845,0.4223
4124400,Santo Antônio do Sudoeste - PR,41,1.5,0.4366,0.4669,0.4413,0.7782,0.0123,True,False,0.0,23554,0.52,0.4366,0.4669,0.4366,0.4669,0.4366,0.4669
4124509,Santo Inácio - PR,41,1.5,0.3929,0.4292,0.3808,0.6808,0.0088,True,False,0.0,6162,0.53,0.4137,0.4487,0.3929,0.4292,0.3857,0.4223
4124608,São Carlos do Ivaí - PR,41,1.5,0.368,0.406,0.3961,0.7167,0.0072,True,False,0.0,6547,0.4,0.368,0.406,0.368,0.406,0.368,0.406
4124707,São Jerônimo da Serra - PR,41,1.5,0.4535,0.4851,0.4792,0.86,0.0125,True,False,0.0,10797,0.53,0.4535,0.4851,0.4535,0.4851,0.4535,0.4851
4124806,São João - PR,41,1.5,0.3913,0.4259,0.4131,0.7429,0.0097,True,False,0.0,11858,0.43,0.3913,0.4259,0.3913,0.4259,0.3913,0.4259
4124905,São João do Caiuá - PR,41,1.5,0.4025,0.4406,0.4062,0.7171,0.0099,True,False,0.0,5567,0.44,0.4218,0.4587,0.4025,0.4406,0.3958,0.4344
4125001,São João do Ivaí - PR,41,1.5,0.3862,0.4244,0.4008,0.7168,0.0136,True,False,0.0,10595,0.43,0.3862,0.4244,0.3862,0.4244,0.3862,0.4244
4125100,São João do Triunfo - PR,41,1.5,0.4449,0.4731,0.4554,0.8205,0.0117,True,False,0.0,13709,0.49,0.4449,0.4731,0.4449,0.4731,0.4449,0.4731
4125209,São Jorge d'Oeste - PR,41,1.5,0.4888,0.515,0.4591,0.812,0.0151,True,False,0.0,9342,0.47,0.5116,0.5367,0.4888,0.515,0.4807,0.5073
4125308,São Jorge do Ivaí - PR,41,1.5,0.3739,0.4062,0.4003,0.7013,0.0093,True,False,0.0,5161,0.43,0.3739,0.4062,0.3739,0.4062,0.3739,0.4062
4125357,São Jorge do Patrocínio - PR,41,1.5,0.3846,0.4234,0.4271,0.703,0.0153,True,True,0.0,6493,0.4,0.3846,0.4234,0.3846,0.4234,0.3846,0.4234
4125407,São José da Boa Vista - PR,41,1.5,0.4634,0.4923,0.4565,0.8307,0.0202,True,False,0.0,6018,0.43,0.4634,0.4923,0.4634,0.4923,0.4634,0.4923
4125456,São José das Palmeiras - PR,41,1.5,0.3667,0.405,0.3877,0.7016,0.0068,True,False,0.0,3952,0.45,0.3667,0.405,0.3667,0.405,0.3667,0.405
4125506,São José dos Pinhais - PR,41,1.5,0.4233,0.4539,0.4373,0.7811,0.0072,True,False,0.0,328734,0.45,0.4392,0.4689,0.4233,0.4539,0.4179,0.4487
4125555,São Manoel do Paraná - PR,41,1.5,0.3105,0.3582,0.3581,0.6005,0.0086,True,False,0.0,2139,0.44,0.3105,0.3582,0.3105,0.3582,0.3105,0.3582
4125605,São Mateus do Sul - PR,41,1.5,0.4463,0.4773,0.4463,0.7808,0.0084,True,False,0.0,42331,0.49,0.4705,0.5001,0.4463,0.4773,0.4378,0.4692
4125704,São Miguel do Iguaçu - PR,41,1.5,0.4199,0.4514,0.4259,0.7522,0.0073,True,False,0.0,29089,0.54,0.4355,0.4662,0.4199,0.4514,0.4145,0.4463
4125753,São Pedro do Iguaçu - PR,41,1.5,0.3966,0.4322,0.4176,0.7446,0.0079,True,False,0.0,5733,0.46,0.3966,0.4322,0.3966,0.4322,0.3966,0.4322
4125803,São Pedro do Ivaí - PR,41,1.5,0.4179,0.4503,0.4182,0.7582,0.0084,True,False,0.0,8684,0.4,0.4329,0.4645,0.4179,0.4503,0.4127,0.4454
4125902,São Pedro do Paraná - PR,41,1.5,0.3693,0.4101,0.392,0.7198,0.0209,True,False,0.0,2654,0.4,0.3693,0.4101,0.3693,0.4101,0.3693,0.4101
4126009,São Sebastião da Amoreira - PR,41,1.5,0.4628,0.492,0.452,0.8183,0.0051,True,False,0.0,8050,0.44,0.4906,0.5183,0.4628,0.492,0.4529,0.4826
4126108,São Tomé - PR,41,1.5,0.3661,0.404,0.3991,0.7285,0.0076,True,False,0.0,5230,0.38,0.3661,0.404,0.3661,0.404,0.3661,0.404
4126207,Sapopema - PR,41,1.5,0.4651,0.4974,0.4704,0.7436,0.0074,True,False,0.0,6650,0.58,0.513,0.5425,0.4651,0.4974,0.447,0.4804
4126256,Sarandi - PR,41,1.5,0.3386,0.3812,0.3714,0.6533,0.0075,True,False,0.0,118335,0.35,0.3452,0.3874,0.3386,0.3812,0.3363,0.3791
4126272,Saudade do Iguaçu - PR,41,1.5,0.4713,0.4981,0.452,0.8338,0.0099,True,False,0.0,6110,0.47,0.4941,0.5198,0.4713,0.4981,0.4632,0.4904
4126306,Sengés - PR,41,1.5,0.39,0.4263,0.4116,0.7518,0.0085,True,False,0.0,17252,0.51,0.39,0.4263,0.39,0.4263,0.39,0.4263
4126355,Serranópolis do Iguaçu - PR,41,1.5,0.4196,0.4505,0.4242,0.7452,0.0121,True,False,0.0,5007,0.5,0.4479,0.4773,0.4196,0.4505,0.4095,0.4409
4126405,Sertaneja - PR,41,1.5,0.4623,0.4921,0.4153,0.7613,0.011,True,False,0.0,5616,0.53,0.5113,0.5386,0.4623,0.4921,0.4437,0.4744
4126504,Sertanópolis - PR,41,1.5,0.4175,0.4484,0.4214,0.7688,0.0089,True,False,0.0,15908,0.43,0.4233,0.4539,0.4175,0.4484,0.4155,0.4466
4126603,Siqueira Campos - PR,41,1.5,0.3712,0.41,0.3879,0.6929,0.0143,True,False,0.0,22679,0.49,0.3712,0.41,0.3712,0.41,0.3712,0.41
4126652,Sulina - PR,41,1.5,0.5471,0.566,0.4878,0.9222,0.0132,True,False,0.0,3431,0.47,0.5977,0.615,0.5471,0.566,0.5272,0.5468
4126678,Tamarana - PR,41,1.5,0.4614,0.4935,0.4769,0.858,0.0184,True,False,0.0,10604,0.47,0.4891,0.5195,0.4614,0.4935,0.4515,0.4841
4126702,Tamboara - PR,41,1.5,0.3833,0.4214,0.4072,0.7179,0.0106,True,False,0.0,4875,0.34,0.3833,0.4214,0.3833,0.4214,0.3833,0.4214
4126801,Tapejara - PR,41,1.5,0.3547,0.394,0.3856,0.6877,0.006,True,False,0.0,15869,0.39,0.3547,0.394,0.3547,0.394,0.3547,0.394
4126900,Tapira - PR,41,1.5,0.3781,0.4162,0.4035,0.7237,0.0124,True,False,0.0,5712,0.42,0.3781,0.4162,0.3781,0.4162,0.3781,0.4162
4127007,Teixeira Soares - PR,41,1.5,0.4161,0.4504,0.4192,0.7509,0.0113,True,False,0.0,9517,0.51,0.4161,0.4504,0.4161,0.4504,0.4161,0.4504
4127106,Telêmaco Borba - PR,41,1.5,0.4192,0.4493,0.4487,0.7884,0.0051,True,False,0.0,74657,0.49,0.4268,0.4566,0.4192,0.4493,0.4166,0.4469
4127205,Terra Boa - PR,41,1.5,0.3296,0.3745,0.363,0.6472,0.0157,True,False,0.0,17545,0.4,0.3296,0.3745,0.3296,0.3745,0.3296,0.3745
4127304,Terra Rica - PR,41,1.5,0.3928,0.4285,0.4024,0.7166,0.0187,True,False,0.0,14810,0.39,0.3928,0.4285,0.3928,0.4285,0.3928,0.4285
4127403,Terra Roxa - PR,41,1.5,0.4139,0.448,0.4247,0.7652,0.0125,True,False,0.0,18112,0.42,0.4365,0.4693,0.4139,0.448,0.4059,0.4405
4127502,Tibagi - PR,41,1.5,0.4266,0.4586,0.4427,0.7973,0.0058,True,False,0.0,19925,0.55,0.4266,0.4586,0.4266,0.4586,0.4266,0.4586
4127601,Tijucas do Sul - PR,41,1.5,0.3794,0.418,0.39,0.6961,0.0051,True,False,0.0,17537,0.47,0.4,0.4374,0.3794,0.418,0.3722,0.4112
4127700,Toledo - PR,41,1.5,0.4173,0.4473,0.4191,0.7468,0.0089,True,False,0.0,150020,0.46,0.4438,0.4724,0.4173,0.4473,0.4079,0.4384
4127809,Tomazina - PR,41,1.5,0.4503,0.4817,0.433,0.792,0.0121,True,False,0.0,8421,0.45,0.4719,0.5021,0.4503,0.4817,0.4427,0.4745
4127858,Três Barras do Paraná - PR,41,1.5,0.4758,0.5037,0.4905,0.8285,0.0186,True,False,0.0,11130,0.5,0.4758,0.5037,0.4758,0.5037,0.4758,0.5037
4127882,Tunas do Paraná - PR,41,1.5,0.4078,0.4426,0.4151,0.741,0.0105,True,False,0.0,6215,0.52,0.4078,0.4426,0.4078,0.4426,0.4078,0.4426
4127908,Tuneiras do Oeste - PR,41,1.5,0.3935,0.4324,0.4398,0.7132,0.0155,True,True,0.0,8068,0.38,0.3935,0.4324,0.3935,0.4324,0.3935,0.4324
4127957,Tupãssi - PR,41,1.5,0.3976,0.4306,0.4078,0.7342,0.0177,True,False,0.0,8078,0.47,0.3976,0.4306,0.3976,0.4306,0.3976,0.4306
4127965,Turvo - PR,41,1.5,0.4265,0.4593,0.4273,0.7756,0.0066,True,False,0.0,14224,0.52,0.4396,0.4717,0.4265,0.4593,0.422,0.455
4128005,Ubiratã - PR,41,1.5,0.3845,0.4206,0.4113,0.7315,0.0114,True,False,0.0,24693,0.46,0.3845,0.4206,0.3845,0.4206,0.3845,0.4206
4128104,Umuarama - PR,41,1.5,0.4583,0.4861,0.4485,0.7968,0.0099,True,False,0.0,116781,0.48,0.4921,0.5183,0.4583,0.4861,0.446,0.4744
4128203,União da Vitória - PR,41,1.5,0.4116,0.4437,0.4332,0.76,0.0058,True,False,0.0,54752,0.48,0.4225,0.454,0.4116,0.4437,0.4079,0.4402
4128302,Uniflor - PR,41,1.5,0.3302,0.3752,0.3688,0.6235,0.0162,True,False,0.0,2135,0.37,0.3302,0.3752,0.3302,0.3752,0.3302,0.3752
4128401,Uraí - PR,41,1.5,0.4161,0.4485,0.4319,0.8005,0.0119,True,False,0.0,10385,0.48,0.4161,0.4485,0.4161,0.4485,0.4161,0.4485
4128500,Wenceslau Braz - PR,41,1.5,0.4493,0.4789,0.454,0.8071,0.0072,True,False,0.0,18997,0.52,0.4652,0.494,0.4493,0.4789,0.4438,0.4737
4128534,Ventania - PR,41,1.5,0.3975,0.4328,0.4138,0.7426,0.0048,True,False,0.0,9680,0.42,0.3975,0.4328,0.3975,0.4328,0.3975,0.4328
4128559,Vera Cruz do Oeste - PR,41,1.5,0.3727,0.4111,0.401,0.7115,0.009,True,False,0.0,8214,0.54,0.3727,0.4111,0.3727,0.4111,0.3727,0.4111
4128609,Verê - PR,41,1.5,0.4229,0.4523,0.4232,0.759,0.0119,True,False,0.0,7931,0.47,0.4315,0.4604,0.4229,0.4523,0.42,0.4495
4128625,Alto Paraíso - PR,41,1.5,0.3173,0.3616,0.3508,0.6218,0.0188,True,False,0.0,3011,0.52,0.3173,0.3616,0.3173,0.3616,0.3173,0.3616
4128633,Doutor Ulysses - PR,41,1.5,0.3767,0.416,0.3948,0.7181,0.0045,True,False,0.0,5694,0.49,0.3767,0.416,0.3767,0.416,0.3767,0.416
4128658,Virmond - PR,41,1.5,0.478,0.5056,0.4498,0.8376,0.0163,True,False,0.0,3800,0.53,0.5113,0.5373,0.478,0.5056,0.4658,0.494
4128708,Vitorino - PR,41,1.5,0.4044,0.4367,0.4192,0.7607,0.0102,True,False,0.0,9707,0.48,0.4239,0.4551,0.4044,0.4367,0.3976,0.4303
4128807,Xambrê - PR,41,1.5,0.4188,0.4555,0.4271,0.7478,0.0153,True,False,0.0,5791,0.48,0.4512,0.4859,0.4188,0.4555,0.4071,0.4445
4200051,Abdon Batista - SC,42,1.5,0.5087,0.531,0.4892,0.8955,0.025,True,False,0.0,2579,0.45,0.5087,0.531,0.5087,0.531,0.5087,0.531
4200101,Abelardo Luz - SC,42,1.5,0.4797,0.5068,0.4888,0.863,0.0064,True,False,0.0,17287,0.53,0.4927,0.5192,0.4797,0.5068,0.4752,0.5025
4200200,Agrolândia - SC,42,1.5,0.365,0.4035,0.424,0.6557,0.0112,True,True,0.0,10984,0.36,0.365,0.4035,0.365,0.4035,0.365,0.4035
4200309,Agronômica - SC,42,1.5,0.4263,0.4569,0.4076,0.7205,0.0105,True,False,0.0,6055,0.47,0.4755,0.5036,0.4263,0.4569,0.4078,0.4393
4200408,Água Doce - SC,42,1.5,0.5497,0.5717,0.4983,0.9,0.0191,True,False,0.0,6495,0.54,0.6011,0.621,0.5497,0.5717,0.5295,0.5523
4200507,Águas de Chapecó - SC,42,1.5,0.4112,0.4474,0.3992,0.7262,0.0148,True,False,0.0,6036,0.44,0.4507,0.4845,0.4112,0.4474,0.3968,0.4338
4200556,Águas Frias - SC,42,1.5,0.3809,0.4155,0.374,0.6875,0.0192,True,False,0.0,2836,0.38,0.3809,0.4155,0.3809,0.4155,0.3809,0.4155
4200606,Águas Mornas - SC,42,1.5,0.3626,0.4014,0.369,0.6684,0.0159,True,False,0.0,6736,0.34,0.3735,0.4117,0.3626,0.4014,0.3588,0.3979
4200705,Alfredo Wagner - SC,42,1.5,0.4637,0.4927,0.5048,0.8114,0.0102,True,True,0.0,10452,0.46,0.475,0.5034,0.4637,0.4927,0.4598,0.4891
4200754,Alto Bela Vista - SC,42,1.5,0.4343,0.4622,0.3888,0.719,0.01,True,False,0.0,1857,0.46,0.494,0.5194,0.4343,0.4622,0.4111,0.44
4200804,Anchieta - SC,42,1.5,0.5109,0.5337,0.4611,0.8549,0.0178,True,False,0.0,5944,0.44,0.5499,0.5711,0.5109,0.5337,0.4964,0.5198
4200903,Angelina - SC,42,1.5,0.3806,0.4192,0.4368,0.7008,0.0094,True,True,0.0,5358,0.47,0.3806,0.4192,0.3806,0.4192,0.3806,0.4192
4201000,Anita Garibaldi - SC,42,1.5,0.4204,0.4523,0.4256,0.7832,0.0073,True,False,0.0,8282,0.5,0.4307,0.4621,0.4204,0.4523,0.4168,0.4489
4201109,Anitápolis - SC,42,1.5,0.347,0.3862,0.3753,0.6658,0.0072,True,False,0.0,3586,0.44,0.347,0.3862,0.347,0.3862,0.347,0.3862
4201208,Antônio Carlos - SC,42,1.5,0.3507,0.3901,0.369,0.6675,0.0202,True,False,0.0,11199,0.43,0.3507,0.3901,0.3507,0.3901,0.3507,0.3901
4201257,Apiúna - SC,42,1.5,0.4388,0.4729,0.3937,0.6953,0.0108,True,False,0.0,9811,0.39,0.5092,0.5394,0.4388,0.4729,0.4106,0.4462
4201273,Arabutã - SC,42,1.5,0.3872,0.4207,0.3689,0.6682,0.0071,True,False,0.0,4367,0.45,0.4234,0.4549,0.3872,0.4207,0.3741,0.4083
4201307,Araquari - SC,42,1.5,0.3785,0.415,0.4052,0.7179,0.0063,True,False,0.0,45170,0.4,0.3896,0.4254,0.3785,0.415,0.3747,0.4114
4201406,Araranguá - SC,42,1.5,0.3968,0.4284,0.4148,0.7437,0.0077,True,False,0.0,71472,0.45,0.3968,0.4284,0.3968,0.4284,0.3968,0.4284
4201505,Armazém - SC,42,1.5,0.4407,0.4728,0.3865,0.7033,0.0155,True,False,0.0,8821,0.44,0.4979,0.527,0.4407,0.4728,0.4186,0.4519
4201604,Arroio Trinta - SC,42,1.5,0.3519,0.3856,0.3589,0.6528,0.0134,True,False,0.0,3557,0.45,0.3519,0.3856,0.3519,0.3856,0.3519,0.3856
4201653,Arvoredo - SC,42,1.5,0.4234,0.4513,0.417,0.7687,0.0127,True,False,0.0,2505,0.36,0.4234,0.4513,0.4234,0.4513,0.4234,0.4513
4201703,Ascurra - SC,42,1.5,0.3322,0.3735,0.3745,0.6578,0.0139,True,True,0.0,8296,0.35,0.3322,0.3735,0.3322,0.3735,0.3322,0.3735
4201802,Atalanta - SC,42,1.5,0.4038,0.4345,0.3988,0.7355,0.0215,True,False,0.0,3224,0.44,0.4038,0.4345,0.4038,0.4345,0.4038,0.4345
4201901,Aurora - SC,42,1.5,0.4356,0.4647,0.4397,0.7294,0.013,True,False,0.0,6767,0.4,0.4802,0.5073,0.4356,0.4647,0.4189,0.4489
4201950,Balneário Arroio do Silva - SC,42,1.5,0.3827,0.4186,0.4158,0.7205,0.0057,True,False,0.0,15721,0.53,0.3827,0.4186,0.3827,0.4186,0.3827,0.4186
4202008,Balneário Camboriú - SC,42,1.5,0.53,0.5487,0.5006,0.8862,0.0072,True,False,0.0,138779,0.52,0.5944,0.6115,0.53,0.5487,0.5037,0.523
4202057,Balneário Barra do Sul - SC,42,1.5,0.3915,0.426,0.4189,0.762,0.0122,True,False,0.0,14906,0.41,0.3915,0.426,0.3915,0.426,0.3915,0.426
4202073,Balneário Gaivota - SC,42,1.5,0.4005,0.4322,0.4202,0.7569,0.008,True,False,0.0,15643,0.47,0.4005,0.4322,0.4005,0.4322,0.4005,0.4322
4202081,Bandeirante - SC,42,1.5,0.4308,0.4641,0.4049,0.7305,0.0153,True,False,0.0,3142,0.4,0.471,0.502,0.4308,0.4641,0.4161,0.4502
4202099,Barra Bonita - SC,42,1.5,0.5277,0.5493,0.4583,0.863,0.0219,True,False,0.0,1663,0.4,0.586,0.6057,0.5277,0.5493,0.5043,0.5268
4202107,Barra Velha - SC,42,1.5,0.4645,0.4917,0.5321,0.7875,0.0082,True,True,0.0,45174,0.44,0.4645,0.4917,0.4645,0.4917,0.4645,0.4917
4202131,Bela Vista do Toldo - SC,42,1.5,0.4126,0.4482,0.4505,0.7784,0.0166,True,True,0.0,5855,0.46,0.4126,0.4482,0.4126,0.4482,0.4126,0.4482
4202156,Belmonte - SC,42,1.5,0.3806,0.411,0.4121,0.7627,0.0232,True,True,0.0,2658,0.45,0.3806,0.411,0.3806,0.411,0.3806,0.411
4202206,Benedito Novo - SC,42,1.5,0.3041,0.3512,0.3389,0.6023,0.0137,True,False,0.0,10500,0.36,0.3041,0.3512,0.3041,0.3512,0.3041,0.3512
4202305,Biguaçu - SC,42,1.5,0.4012,0.4327,0.4193,0.7463,0.0054,True,False,0.0,76485,0.39,0.4168,0.4474,0.4012,0.4327,0.3958,0.4276
4202404,Blumenau - SC,42,1.5,0.4371,0.4636,0.4222,0.7583,0.0115,True,False,0.0,358127,0.46,0.4756,0.5005,0.4371,0.4636,0.423,0.4502
4202438,Bocaina do Sul - SC,42,1.5,0.3929,0.4311,0.3984,0.7264,0.018,True,False,0.0,3514,0.41,0.3929,0.4311,0.3929,0.4311,0.3929,0.4311
4202453,Bombinhas - SC,42,1.5,0.402,0.4331,0.4128,0.7242,0.0028,True,False,0.0,24885,0.44,0.4236,0.4535,0.402,0.4331,0.3945,0.4259
4202503,Bom Jardim da Serra - SC,42,1.5,0.4112,0.4448,0.4115,0.7603,0.0133,True,False,0.0,4021,0.57,0.4306,0.463,0.4112,0.4448,0.4045,0.4384
4202537,Bom Jesus - SC,42,1.5,0.3787,0.4148,0.4182,0.7403,0.0162,True,True,0.0,2778,0.55,0.3787,0.4148,0.3787,0.4148,0.3787,0.4148
4202578,Bom Jesus do Oeste - SC,42,1.5,0.4339,0.4627,0.419,0.6893,0.0094,True,False,0.0,2186,0.39,0.4829,0.5094,0.4339,0.4627,0.4154,0.4451
4202602,Bom Retiro - SC,42,1.5,0.4152,0.4477,0.4146,0.7528,0.0121,True,False,0.0,8393,0.46,0.4432,0.4743,0.4152,0.4477,0.4052,0.4383
4202701,Botuverá - SC,42,1.5,0.29,0.3357,0.3238,0.5877,0.0117,True,False,0.0,5360,0.28,0.29,0.3357,0.29,0.3357,0.29,0.3357
4202800,Braço do Norte - SC,42,1.5,0.4516,0.483,0.4488,0.7122,0.0099,True,False,0.0,33725,0.41,0.5124,0.5407,0.4516,0.483,0.4278,0.4605
4202859,Braço do Trombudo - SC,42,1.5,0.3796,0.4164,0.3857,0.6876,0.0189,True,False,0.0,3972,0.36,0.4265,0.4607,0.3796,0.4164,0.3622,0.4
4202875,Brunópolis - SC,42,1.5,0.5198,0.549,0.4514,0.7597,0.0279,True,False,0.0,2484,0.47,0.5834,0.6091,0.5198,0.549,0.4941,0.5246
4202909,Brusque - SC,42,1.5,0.3926,0.4261,0.396,0.6856,0.0134,True,False,0.0,140811,0.4,0.422,0.454,0.3926,0.4261,0.3821,0.4161
4203006,Caçador - SC,42,1.5,0.4123,0.4432,0.4234,0.762,0.0055,True,False,0.0,73640,0.48,0.4221,0.4524,0.4123,0.4432,0.409,0.44
4203105,Caibi - SC,42,1.5,0.544,0.5692,0.4359,0.8081,0.024,True,False,0.0,6290,0.44,0.6287,0.6507,0.544,0.5692,0.5063,0.5329
4203154,Calmon - SC,42,1.5,0.3524,0.3953,0.4046,0.6515,0.0195,True,True,0.0,3443,0.42,0.3524,0.3953,0.3524,0.3953,0.3524,0.3953
4203204,Camboriú - SC,42,1.5,0.3783,0.4142,0.4171,0.684,0.0092,True,True,0.0,102970,0.4,0.3879,0.4233,0.3783,0.4142,0.375,0.4111
4203253,Capão Alto - SC,42,1.5,0.3848,0.421,0.4065,0.7352,0.0085,True,False,0.0,2625,0.51,0.3848,0.421,0.3848,0.421,0.3848,0.421
4203303,Campo Alegre - SC,42,1.5,0.3786,0.4165,0.4027,0.7121,0.0111,True,False,0.0,12446,0.41,0.3786,0.4165,0.3786,0.4165,0.3786,0.4165
4203402,Campo Belo do Sul - SC,42,1.5,0.4189,0.4529,0.4429,0.7636,0.0136,True,False,0.0,7239,0.46,0.4189,0.4529,0.4189,0.4529,0.4189,0.4529
4203501,Campo Erê - SC,42,1.5,0.4869,0.5129,0.4395,0.8068,0.0121,True,False,0.0,9581,0.51,0.5386,0.5623,0.4869,0.5129,0.4669,0.4938
4203600,Campos Novos - SC,42,1.5,0.4261,0.4556,0.4386,0.7761,0.0055,True,False,0.0,36574,0.46,0.4337,0.4627,0.4261,0.4556,0.4236,0.4532
4203709,Canelinha - SC,42,1.5,0.335,0.3772,0.3444,0.6226,0.0059,True,False,0.0,12814,0.44,0.3592,0.3999,0.335,0.3772,0.3265,0.3692
4203808,Canoinhas - SC,42,1.5,0.4316,0.4614,0.4391,0.7823,0.0084,True,False,0.0,54649,0.49,0.4449,0.4741,0.4316,0.4614,0.427,0.457
4203907,Capinzal - SC,42,1.5,0.376,0.4125,0.3968,0.6937,0.0133,True,False,0.0,23152,0.45,0.3907,0.4263,0.376,0.4125,0.371,0.4078
4203956,Capivari de Baixo - SC,42,1.5,0.3409,0.3811,0.3918,0.6859,0.016,True,True,0.0,23903,0.36,0.3409,0.3811,0.3409,0.3811,0.3409,0.3811
4204004,Catanduvas - SC,42,1.5,0.3873,0.4211,0.3916,0.7056,0.0069,True,False,0.0,10562,0.47,0.3982,0.4314,0.3873,0.4211,0.3836,0.4176
4204103,Caxambu do Sul - SC,42,1.5,0.5632,0.5833,0.4885,0.8999,0.0198,True,False,0.0,4611,0.5,0.6245,0.6426,0.5632,0.5833,0.538,0.5589
4204152,Celso Ramos - SC,42,1.5,0.5322,0.5592,0.4749,0.8533,0.0197,True,False,0.0,2805,0.39,0.6034,0.6269,0.5322,0.5592,0.5023,0.5309
4204178,Cerro Negro - SC,42,1.5,0.4,0.4362,0.4042,0.7487,0.0079,True,False,0.0,3316,0.55,0.4,0.4362,0.4,0.4362,0.4,0.4362
4204194,Chapadão do Lageado - SC,42,1.5,0.3549,0.3878,0.3789,0.6777,0.0201,True,False,0.0,2950,0.43,0.3549,0.3878,0.3549,0.3878,0.3549,0.3878
4204202,Chapecó - SC,42,1.5,0.4257,0.4534,0.422,0.7618,0.0073,True,False,0.0,252072,0.48,0.4511,0.4776,0.4257,0.4534,0.4167,0.4448
4204251,Cocal do Sul - SC,42,1.5,0.3388,0.3752,0.3796,0.6382,0.0091,True,True,0.0,17207,0.37,0.3388,0.3752,0.3388,0.3752,0.3388,0.3752
4204301,Concórdia - SC,42,1.5,0.3923,0.4237,0.3929,0.7109,0.0095,True,False,0.0,81027,0.46,0.4185,0.4485,0.3923,0.4237,0.3831,0.4149
4204350,Cordilheira Alta - SC,42,1.5,0.3407,0.3758,0.3575,0.6453,0.0087,True,False,0.0,4780,0.39,0.3407,0.3758,0.3407,0.3758,0.3407,0.3758
4204400,Coronel Freitas - SC,42,1.5,0.4447,0.4724,0.4373,0.7888,0.0109,True,False,0.0,10355,0.4,0.4661,0.4927,0.4447,0.4724,0.4372,0.4652
4204459,Coronel Martins - SC,42,1.5,0.4733,0.4976,0.4708,0.819,0.0193,True,False,0.0,2062,0.44,0.4906,0.5142,0.4733,0.4976,0.4672,0.4918
4204509,Corupá - SC,42,1.5,0.3323,0.37,0.3625,0.6563,0.013,True,False,0.0,15230,0.46,0.3323,0.37,0.3323,0.37,0.3323,0.37
4204558,Correia Pinto - SC,42,1.5,0.3968,0.4311,0.4099,0.7494,0.0062,True,False,0.0,15673,0.49,0.4126,0.446,0.3968,0.4311,0.3913,0.4259
4204608,Criciúma - SC,42,1.5,0.4329,0.4614,0.4354,0.7673,0.0108,True,False,0.0,212163,0.48,0.4621,0.4892,0.4329,0.4614,0.4225,0.4514
4204707,Cunha Porã - SC,42,1.5,0.4358,0.4652,0.3997,0.7365,0.0126,True,False,0.0,10867,0.38,0.4764,0.5038,0.4358,0.4652,0.4209,0.451
4204756,Cunhataí - SC,42,1.5,0.4069,0.446,0.3633,0.6577,0.0294,True,False,0.0,1964,0.46,0.4536,0.4897,0.4069,0.446,0.3896,0.4297
4204806,Curitibanos - SC,42,1.5,0.4464,0.4746,0.4478,0.8211,0.0088,True,False,0.0,39943,0.51,0.4568,0.4844,0.4464,0.4746,0.4429,0.4713
4204905,Descanso - SC,42,1.5,0.4121,0.4418,0.3882,0.7064,0.018,True,False,0.0,8515,0.43,0.4304,0.4592,0.4121,0.4418,0.4057,0.4357
4205001,Dionísio Cerqueira - SC,42,1.5,0.5834,0.6012,0.5213,0.9823,0.0109,True,False,0.0,14979,0.53,0.6444,0.6604,0.5834,0.6012,0.5581,0.5767
4205100,Dona Emma - SC,42,1.5,0.3294,0.3735,0.3414,0.6249,0.0179,True,False,0.0,4205,0.46,0.3294,0.3735,0.3294,0.3735,0.3294,0.3735
4205159,Doutor Pedrinho - SC,42,1.5,0.3233,0.3655,0.3598,0.6163,0.0102,True,False,0.0,3630,0.34,0.3233,0.3655,0.3233,0.3655,0.3233,0.3655
4205175,Entre Rios - SC,42,1.5,0.372,0.4104,0.3984,0.7151,0.0155,True,False,0.0,3399,0.44,0.372,0.4104,0.372,0.4104,0.372,0.4104
4205191,Ermo - SC,42,1.5,0.3844,0.418,0.391,0.7135,0.0085,True,False,0.0,2248,0.4,0.3844,0.418,0.3844,0.418,0.3844,0.418
4205209,Erval Velho - SC,42,1.5,0.342,0.3822,0.3569,0.6495,0.0151,True,False,0.0,4827,0.47,0.342,0.3822,0.342,0.3822,0.342,0.3822
4205308,Faxinal dos Guedes - SC,42,1.5,0.4019,0.4358,0.3806,0.7003,0.0109,True,False,0.0,11192,0.49,0.4392,0.4711,0.4019,0.4358,0.3884,0.423
4205357,Flor do Sertão - SC,42,1.5,0.4793,0.5067,0.3993,0.7402,0.0163,True,False,0.0,1783,0.48,0.5485,0.5728,0.4793,0.5067,0.4513,0.48
4205407,Florianópolis - SC,42,1.5,0.5437,0.5615,0.5368,0.9663,0.0052,True,False,0.0,532524,0.54,0.5949,0.6115,0.5437,0.5615,0.5235,0.5419
4205431,Formosa do Sul - SC,42,1.5,0.5138,0.5391,0.4989,0.8296,0.0192,True,False,0.0,2676,0.42,0.5574,0.5806,0.5138,0.5391,0.4973,0.5233
4205456,Forquilhinha - SC,42,1.5,0.3174,0.3608,0.3655,0.6398,0.0146,True,True,0.0,31353,0.46,0.3174,0.3608,0.3174,0.3608,0.3174,0.3608
4205506,Fraiburgo - SC,42,1.5,0.4035,0.4367,0.4013,0.7144,0.0137,True,False,0.0,33387,0.48,0.4224,0.4545,0.4035,0.4367,0.397,0.4305
4205555,Frei Rogério - SC,42,1.5,0.4218,0.4538,0.4011,0.7398,0.0094,True,False,0.0,2411,0.51,0.4407,0.4716,0.4218,0.4538,0.4152,0.4475
4205605,Galvão - SC,42,1.5,0.51,0.5337,0.4829,0.8732,0.0106,True,False,0.0,3169,0.45,0.5515,0.5733,0.51,0.5337,0.4944,0.5187
4205704,Garopaba - SC,42,1.5,0.4101,0.44,0.4136,0.7381,0.0064,True,False,0.0,29796,0.45,0.4251,0.4542,0.4101,0.44,0.4049,0.435
4205803,Garuva - SC,42,1.5,0.3985,0.4322,0.4257,0.7673,0.0073,True,False,0.0,18490,0.44,0.3985,0.4322,0.3985,0.4322,0.3985,0.4322
4205902,Gaspar - SC,42,1.5,0.3501,0.3864,0.373,0.6495,0.0072,True,False,0.0,72446,0.37,0.363,0.3986,0.3501,0.3864,0.3456,0.3822
4206009,Governador Celso Ramos - SC,42,1.5,0.3645,0.402,0.3782,0.6712,0.0087,True,False,0.0,16912,0.43,0.3645,0.402,0.3645,0.402,0.3645,0.402
4206108,Grão-Pará - SC,42,1.5,0.4419,0.4707,0.4103,0.7548,0.0173,True,False,0.0,6276,0.43,0.4731,0.5004,0.4419,0.4707,0.4307,0.46
4206207,Gravatal - SC,42,1.5,0.3542,0.3937,0.3773,0.6768,0.016,True,False,0.0,12348,0.4,0.3542,0.3937,0.3542,0.3937,0.3542,0.3937
4206306,Guabiruba - SC,42,1.5,0.3507,0.3939,0.3713,0.6254,0.025,True,False,0.0,24532,0.34,0.3935,0.4339,0.3507,0.3939,0.3351,0.3793
4206405,Guaraciaba - SC,42,1.5,0.5034,0.5269,0.4326,0.7984,0.0272,True,False,0.0,10786,0.47,0.5557,0.5771,0.5034,0.5269,0.4831,0.5074
4206504,Guaramirim - SC,42,1.5,0.36,0.3987,0.3791,0.6532,0.0106,True,False,0.0,46602,0.38,0.3825,0.4199,0.36,0.3987,0.3521,0.3913
4206603,Guarujá do Sul - SC,42,1.5,0.4867,0.5119,0.4139,0.766,0.0179,True,False,0.0,4827,0.4,0.5451,0.568,0.4867,0.5119,0.4637,0.4899
4206652,Guatambú - SC,42,1.5,0.379,0.414,0.3887,0.7044,0.0112,True,False,0.0,8425,0.45,0.379,0.414,0.379,0.414,0.379,0.414
4206702,Herval d'Oeste - SC,42,1.5,0.3526,0.3887,0.3863,0.6739,0.01,True,False,0.0,21698,0.42,0.3526,0.3887,0.3526,0.3887,0.3526,0.3887
4206751,Ibiam - SC,42,1.5,0.4707,0.4965,0.3898,0.7184,0.0131,True,False,0.0,2000,0.46,0.5469,0.5698,0.4707,0.4965,0.4391,0.4663
4206801,Ibicaré - SC,42,1.5,0.5037,0.5311,0.4751,0.8115,0.0207,True,False,0.0,3268,0.43,0.5601,0.5848,0.5037,0.5311,0.4816,0.5101
4206900,Ibirama - SC,42,1.5,0.3413,0.38,0.3669,0.648,0.0143,True,False,0.0,19836,0.37,0.3413,0.38,0.3413,0.38,0.3413,0.38
4207007,Içara - SC,42,1.5,0.3651,0.4012,0.3805,0.6799,0.0087,True,False,0.0,58995,0.4,0.3846,0.4196,0.3651,0.4012,0.3584,0.3948
4207106,Ilhota - SC,42,1.5,0.3142,0.3582,0.3501,0.6174,0.01,True,False,0.0,17026,0.38,0.3227,0.3661,0.3142,0.3582,0.3114,0.3555
4207205,Imaruí - SC,42,1.5,0.3829,0.4224,0.4013,0.6971,0.0151,True,False,0.0,11880,0.45,0.4065,0.4446,0.3829,0.4224,0.3746,0.4147
4207304,Imbituba - SC,42,1.5,0.4396,0.4687,0.4537,0.7782,0.0085,True,False,0.0,52226,0.45,0.4593,0.4874,0.4396,0.4687,0.4327,0.4621
4207403,Imbuia - SC,42,1.5,0.3536,0.3913,0.372,0.6588,0.0087,True,False,0.0,5956,0.47,0.3536,0.3913,0.3536,0.3913,0.3536,0.3913
4207502,Indaial - SC,42,1.5,0.3571,0.3954,0.368,0.6455,0.0089,True,False,0.0,71377,0.39,0.3839,0.4206,0.3571,0.3954,0.3477,0.3865
4207577,Iomerê - SC,42,1.5,0.5484,0.5768,0.4096,0.7383,0.0291,True,False,0.0,2876,0.33,0.6553,0.6801,0.5484,0.5768,0.4955,0.5259
4207601,Ipira - SC,42,1.5,0.3664,0.4008,0.3906,0.7129,0.0119,True,False,0.0,4579,0.45,0.3664,0.4008,0.3664,0.4008,0.3664,0.4008
4207650,Iporã do Oeste - SC,42,1.5,0.515,0.5394,0.4228,0.7816,0.0216,True,False,0.0,9263,0.43,0.5861,0.6079,0.515,0.5394,0.4854,0.511
4207684,Ipuaçu - SC,42,1.5,0.5126,0.5388,0.4904,0.9089,0.0061,True,False,0.0,7722,0.61,0.5596,0.5835,0.5126,0.5388,0.4946,0.5217
4207700,Ipumirim - SC,42,1.5,0.4788,0.5068,0.4277,0.7741,0.0225,True,False,0.0,7802,0.42,0.5276,0.5532,0.4788,0.5068,0.4602,0.4891
4207759,Iraceminha - SC,42,1.5,0.412,0.4424,0.4006,0.7379,0.0164,True,False,0.0,3976,0.43,0.4264,0.4561,0.412,0.4424,0.407,0.4377
4207809,Irani - SC,42,1.5,0.3505,0.3899,0.3681,0.6677,0.0095,True,False,0.0,10189,0.42,0.3607,0.3995,0.3505,0.3899,0.347,0.3866
4207858,Irati - SC,42,1.5,0.4384,0.4651,0.3828,0.7068,0.0216,True,False,0.0,2070,0.45,0.5042,0.5283,0.4384,0.4651,0.4123,0.4401
4207908,Irineópolis - SC,42,1.5,0.5066,0.5313,0.5466,0.9127,0.0081,True,True,0.0,10245,0.54,0.5208,0.5449,0.5066,0.5313,0.5017,0.5266
4208005,Itá - SC,42,1.5,0.562,0.583,0.4418,0.8161,0.0221,True,False,0.0,7048,0.45,0.6516,0.6705,0.562,0.583,0.5205,0.5425
4208104,Itaiópolis - SC,42,1.5,0.4215,0.453,0.4483,0.7488,0.0028,True,False,0.0,22031,0.49,0.4321,0.4631,0.4215,0.453,0.4179,0.4496
4208203,Itajaí - SC,42,1.5,0.4696,0.4945,0.4498,0.8092,0.0086,True,False,0.0,262291,0.45,0.5094,0.5327,0.4696,0.4945,0.4548,0.4804
4208302,Itapema - SC,42,1.5,0.4721,0.495,0.4678,0.8476,0.0073,True,False,0.0,75605,0.49,0.4986,0.5204,0.4721,0.495,0.4627,0.4859
4208401,Itapiranga - SC,42,1.5,0.4668,0.493,0.4207,0.7788,0.0181,True,False,0.0,16621,0.45,0.5106,0.535,0.4668,0.493,0.4503,0.4773
4208450,Itapoá - SC,42,1.5,0.4582,0.4843,0.4867,0.8141,0.0017,True,True,0.0,30667,0.47,0.4784,0.5035,0.4582,0.4843,0.4511,0.4775
4208500,Ituporanga - SC,42,1.5,0.3991,0.4315,0.4102,0.7129,0.0091,True,False,0.0,26356,0.43,0.4152,0.4467,0.3991,0.4315,0.3936,0.4263
4208609,Jaborá - SC,42,1.5,0.4744,0.5013,0.4747,0.8373,0.0145,True,False,0.0,4289,0.45,0.4953,0.5212,0.4744,0.5013,0.467,0.4943
4208708,Jacinto Machado - SC,42,1.5,0.3658,0.4047,0.4129,0.7057,0.0136,True,True,0.0,10625,0.43,0.3658,0.4047,0.3658,0.4047,0.3658,0.4047
4208807,Jaguaruna - SC,42,1.5,0.3956,0.4295,0.4013,0.7096,0.0076,True,False,0.0,20365,0.39,0.4081,0.4413,0.3956,0.4295,0.3914,0.4254
4208906,Jaraguá do Sul - SC,42,1.5,0.3966,0.4265,0.4054,0.7074,0.0077,True,False,0.0,181752,0.42,0.4161,0.4451,0.3966,0.4265,0.3897,0.42
4208955,Jardinópolis - SC,42,1.5,0.4525,0.4795,0.4199,0.7702,0.016,True,False,0.0,1777,0.4,0.4974,0.5224,0.4525,0.4795,0.4356,0.4634
4209003,Joaçaba - SC,42,1.5,0.4467,0.4714,0.4256,0.7707,0.0109,True,False,0.0,29835,0.54,0.486,0.5092,0.4467,0.4714,0.4322,0.4575
4209102,Joinville - SC,42,1.5,0.4499,0.4766,0.4523,0.7903,0.0094,True,False,0.0,614054,0.49,0.4759,0.5015,0.4499,0.4766,0.4406,0.4678
4209151,José Boiteux - SC,42,1.5,0.3931,0.4296,0.4228,0.7726,0.0164,True,False,0.0,5983,0.44,0.3931,0.4296,0.3931,0.4296,0.3931,0.4296
4209177,Jupiá - SC,42,1.5,0.5068,0.5321,0.4324,0.7943,0.0218,True,False,0.0,2552,0.55,0.5731,0.5957,0.5068,0.5321,0.4799,0.5063
4209201,Lacerdópolis - SC,42,1.5,0.4804,0.5031,0.4467,0.8153,0.0081,True,False,0.0,2247,0.39,0.5247,0.5458,0.4804,0.5031,0.4637,0.4871
4209300,Lages - SC,42,1.5,0.4592,0.4849,0.4535,0.8238,0.0063,True,False,0.0,164156,0.54,0.4799,0.5047,0.4592,0.4849,0.4519,0.4779
4209409,Laguna - SC,42,1.5,0.4008,0.4326,0.4234,0.7292,0.0095,True,False,0.0,42581,0.44,0.4008,0.4326,0.4008,0.4326,0.4008,0.4326
4209458,Lajeado Grande - SC,42,1.5,0.5127,0.5323,0.4894,0.9303,0.0151,True,False,0.0,1700,0.44,0.5324,0.5513,0.5127,0.5323,0.5058,0.5256
4209508,Laurentino - SC,42,1.5,0.3694,0.4044,0.3742,0.674,0.0099,True,False,0.0,7905,0.36,0.3884,0.4223,0.3694,0.4044,0.3629,0.3982
4209607,Lauro Müller - SC,42,1.5,0.4172,0.4499,0.3925,0.7102,0.0104,True,False,0.0,14380,0.37,0.4784,0.5079,0.4172,0.4499,0.3935,0.4273
4209706,Lebon Régis - SC,42,1.5,0.4252,0.4577,0.4491,0.7773,0.0114,True,False,0.0,11472,0.45,0.4252,0.4577,0.4252,0.4577,0.4252,0.4577
4209805,Leoberto Leal - SC,42,1.5,0.3337,0.375,0.3745,0.6558,0.0111,True,False,0.0,3321,0.49,0.3337,0.375,0.3337,0.375,0.3337,0.375
4209854,Lindóia do Sul - SC,42,1.5,0.3957,0.4302,0.4623,0.6739,0.0098,True,True,0.0,4513,0.43,0.3957,0.4302,0.3957,0.4302,0.3957,0.4302
4209904,Lontras - SC,42,1.5,0.3088,0.3529,0.3399,0.6102,0.0083,True,False,0.0,12864,0.37,0.3088,0.3529,0.3088,0.3529,0.3088,0.3529
4210001,Luiz Alves - SC,42,1.5,0.3672,0.4047,0.3791,0.6601,0.0064,True,False,0.0,11683,0.44,0.3878,0.4241,0.3672,0.4047,0.36,0.3979
4210035,Luzerna - SC,42,1.5,0.4706,0.4957,0.4395,0.7546,0.0113,True,False,0.0,5790,0.43,0.5301,0.5529,0.4706,0.4957,0.4472,0.4733
4210050,Macieira - SC,42,1.5,0.4332,0.4646,0.3971,0.7177,0.0101,True,False,0.0,1777,0.39,0.4789,0.5079,0.4332,0.4646,0.4161,0.4484
4210100,Mafra - SC,42,1.5,0.4083,0.4391,0.4288,0.7773,0.0079,True,False,0.0,54973,0.49,0.4164,0.4468,0.4083,0.4391,0.4055,0.4365
4210209,Major Gercino - SC,42,1.5,0.3705,0.409,0.393,0.7127,0.0102,True,False,0.0,3215,0.52,0.3705,0.409,0.3705,0.409,0.3705,0.409
4210308,Major Vieira - SC,42,1.5,0.4281,0.463,0.4809,0.7374,0.0104,True,True,0.0,7405,0.46,0.4281,0.463,0.4281,0.463,0.4281,0.463
4210407,Maracajá - SC,42,1.5,0.354,0.3942,0.3485,0.6342,0.0091,True,False,0.0,7755,0.5,0.3788,0.4175,0.354,0.3942,0.3453,0.386
4210506,Maravilha - SC,42,1.5,0.366,0.4013,0.3767,0.6644,0.0147,True,False,0.0,28059,0.45,0.366,0.4013,0.366,0.4013,0.366,0.4013
4210555,Marema - SC,42,1.5,0.5354,0.5544,0.4924,0.9287,0.0115,True,False,0.0,2182,0.41,0.594,0.6115,0.5354,0.5544,0.5118,0.5315
4210605,Massaranduba - SC,42,1.5,0.3417,0.3809,0.3965,0.602,0.0083,True,True,0.0,17130,0.34,0.3417,0.3809,0.3417,0.3809,0.3417,0.3809
4210704,Matos Costa - SC,42,1.5,0.3734,0.4108,0.3823,0.6959,0.0162,True,False,0.0,2757,0.45,0.3734,0.4108,0.3734,0.4108,0.3734,0.4108
4210803,Meleiro - SC,42,1.5,0.3511,0.3882,0.3799,0.6727,0.0069,True,False,0.0,6946,0.41,0.3511,0.3882,0.3511,0.3882,0.3511,0.3882
4210852,Mirim Doce - SC,42,1.5,0.3302,0.373,0.3651,0.6379,0.0069,True,False,0.0,2509,0.39,0.3302,0.373,0.3302,0.373,0.3302,0.373
4210902,Modelo - SC,42,1.5,0.4669,0.4929,0.4169,0.7738,0.0153,True,False,0.0,4080,0.43,0.5206,0.5444,0.4669,0.4929,0.4462,0.4731
4211009,Mondaí - SC,42,1.5,0.4477,0.4775,0.4166,0.7302,0.0203,True,False,0.0,10031,0.4,0.4796,0.5078,0.4477,0.4775,0.4361,0.4665
4211058,Monte Carlo - SC,42,1.5,0.4048,0.4417,0.4627,0.6921,0.0071,True,True,0.0,9095,0.45,0.4048,0.4417,0.4048,0.4417,0.4048,0.4417
4211108,Monte Castelo - SC,42,1.5,0.3211,0.3672,0.3507,0.628,0.0111,True,False,0.0,7663,0.44,0.3211,0.3672,0.3211,0.3672,0.3211,0.3672
4211207,Morro da Fumaça - SC,42,1.5,0.3616,0.4001,0.3761,0.6761,0.0092,True,False,0.0,18520,0.36,0.3875,0.4245,0.3616,0.4001,0.3525,0.3916
4211256,Morro Grande - SC,42,1.5,0.3381,0.381,0.3532,0.6344,0.0161,True,False,0.0,3008,0.51,0.3381,0.381,0.3381,0.381,0.3381,0.381
4211306,Navegantes - SC,42,1.5,0.4233,0.4552,0.4304,0.7552,0.0074,True,False,0.0,86196,0.41,0.446,0.4766,0.4233,0.4552,0.4153,0.4476
4211405,Nova Erechim - SC,42,1.5,0.5703,0.5905,0.4473,0.8397,0.0219,True,False,0.0,5151,0.44,0.6599,0.6783,0.5703,0.5905,0.5284,0.5496
4211454,Nova Itaberaba - SC,42,1.5,0.4646,0.4894,0.448,0.8355,0.0118,True,False,0.0,4531,0.55,0.4873,0.5111,0.4646,0.4894,0.4565,0.4817
4211504,Nova Trento - SC,42,1.5,0.3453,0.3818,0.3691,0.6657,0.0093,True,False,0.0,13685,0.35,0.3453,0.3818,0.3453,0.3818,0.3453,0.3818
4211603,Nova Veneza - SC,42,1.5,0.3646,0.4028,0.3787,0.6365,0.0096,True,False,0.0,13564,0.39,0.3982,0.4345,0.3646,0.4028,0.3526,0.3915
4211652,Novo Horizonte - SC,42,1.5,0.4328,0.4619,0.4276,0.782,0.0171,True,False,0.0,2644,0.39,0.4328,0.4619,0.4328,0.4619,0.4328,0.4619
4211702,Orleans - SC,42,1.5,0.4592,0.4919,0.4362,0.7209,0.0185,True,False,0.0,23661,0.45,0.5232,0.5524,0.4592,0.4919,0.4338,0.4679
4211751,Otacílio Costa - SC,42,1.5,0.3623,0.3996,0.3745,0.6836,0.0068,True,False,0.0,17259,0.4,0.3782,0.4147,0.3623,0.3996,0.3568,0.3945
4211801,Ouro - SC,42,1.5,0.4576,0.4845,0.4288,0.7848,0.0131,True,False,0.0,7018,0.45,0.5036,0.5284,0.4576,0.4845,0.4404,0.468
4211850,Ouro Verde - SC,42,1.5,0.3974,0.4332,0.4135,0.7503,0.0189,True,False,0.0,2180,0.53,0.3974,0.4332,0.3974,0.4332,0.3974,0.4332
4211876,Paial - SC,42,1.5,0.3968,0.4309,0.4193,0.7623,0.0112,True,False,0.0,1928,0.44,0.3968,0.4309,0.3968,0.4309,0.3968,0.4309
4211892,Painel - SC,42,1.5,0.43,0.4642,0.4341,0.7526,0.0085,True,False,0.0,2209,0.49,0.4604,0.4928,0.43,0.4642,0.4191,0.4539
4211900,Palhoça - SC,42,1.5,0.4178,0.4463,0.4449,0.7744,0.0056,True,False,0.0,221576,0.4,0.4275,0.4555,0.4178,0.4463,0.4145,0.4431
4212007,Palma Sola - SC,42,1.5,0.4783,0.5064,0.4316,0.7891,0.0201,True,False,0.0,7593,0.5,0.5125,0.5389,0.4783,0.5064,0.4658,0.4946
4212056,Palmeira - SC,42,1.5,0.3616,0.4011,0.3871,0.6998,0.0092,True,False,0.0,2555,0.43,0.3616,0.4011,0.3616,0.4011,0.3616,0.4011
4212106,Palmitos - SC,42,1.5,0.4387,0.4693,0.4507,0.748,0.0113,True,False,0.0,15570,0.46,0.4587,0.4883,0.4387,0.4693,0.4317,0.4627
4212205,Papanduva - SC,42,1.5,0.4014,0.4346,0.4264,0.7576,0.0041,True,False,0.0,19148,0.47,0.4014,0.4346,0.4014,0.4346,0.4014,0.4346
4212239,Paraíso - SC,42,1.5,0.5117,0.5332,0.4555,0.8471,0.0193,True,False,0.0,4225,0.5,0.5545,0.5744,0.5117,0.5332,0.4955,0.5176
4212254,Passo de Torres - SC,42,1.5,0.4428,0.4727,0.446,0.7951,0.0108,True,False,0.0,12867,0.42,0.4586,0.4876,0.4428,0.4727,0.4374,0.4676
4212270,Passos Maia - SC,42,1.5,0.4904,0.5169,0.4681,0.8439,0.0116,True,False,0.0,4013,0.47,0.5313,0.5558,0.4904,0.5169,0.4752,0.5024
4212304,Paulo Lopes - SC,42,1.5,0.3672,0.4057,0.4029,0.6973,0.0088,True,False,0.0,9045,0.4,0.3771,0.415,0.3672,0.4057,0.3638,0.4025
4212403,Pedras Grandes - SC,42,1.5,0.3605,0.3982,0.365,0.6619,0.0107,True,False,0.0,4236,0.33,0.3605,0.3982,0.3605,0.3982,0.3605,0.3982
4212502,Penha - SC,42,1.5,0.3631,0.4003,0.3877,0.6839,0.0086,True,False,0.0,33585,0.42,0.3631,0.4003,0.3631,0.4003,0.3631,0.4003
4212601,Peritiba - SC,42,1.5,0.3857,0.4171,0.3691,0.6761,0.0138,True,False,0.0,2993,0.47,0.4143,0.4443,0.3857,0.4171,0.3756,0.4074
4212650,Pescaria Brava - SC,42,1.5,0.332,0.3754,0.3835,0.6623,0.0145,True,True,0.0,10170,,0.332,0.3754,0.332,0.3754,0.332,0.3754
4212700,Petrolândia - SC,42,1.5,0.7128,0.7366,0.4995,0.9316,0.0361,True,False,0.0,6714,0.47,0.8069,0.8333,0.7128,0.7366,0.6507,0.6737
4212809,Balneário Piçarras - SC,42,1.5,0.4633,0.4885,0.4519,0.8183,0.0069,True,False,0.0,27038,0.44,0.4972,0.521,0.4633,0.4885,0.4509,0.4767
4212908,Pinhalzinho - SC,42,1.5,0.4262,0.4577,0.3817,0.6791,0.0116,True,False,0.0,21860,0.43,0.4964,0.5246,0.4262,0.4577,0.3981,0.431
4213005,Pinheiro Preto - SC,42,1.5,0.2924,0.3357,0.3296,0.6018,0.0179,True,False,0.0,3472,0.45,0.2924,0.3357,0.2924,0.3357,0.2924,0.3357
4213104,Piratuba - SC,42,1.5,0.3431,0.3829,0.3705,0.6774,0.0153,True,False,0.0,5732,0.43,0.3431,0.3829,0.3431,0.3829,0.3431,0.3829
4213153,Planalto Alegre - SC,42,1.5,0.3683,0.4007,0.3988,0.6969,0.0119,True,False,0.0,2946,0.42,0.3683,0.4007,0.3683,0.4007,0.3683,0.4007
4213203,Pomerode - SC,42,1.5,0.3398,0.3807,0.359,0.6256,0.0164,True,False,0.0,34198,0.38,0.3457,0.3862,0.3398,0.3807,0.3378,0.3789
4213302,Ponte Alta - SC,42,1.5,0.3905,0.4272,0.4173,0.7181,0.0118,True,False,0.0,4436,0.45,0.3905,0.4272,0.3905,0.4272,0.3905,0.4272
4213351,Ponte Alta do Norte - SC,42,1.5,0.3272,0.3715,0.3608,0.6518,0.0098,True,False,0.0,3198,0.47,0.3272,0.3715,0.3272,0.3715,0.3272,0.3715
4213401,Ponte Serrada - SC,42,1.5,0.3914,0.4265,0.4125,0.7529,0.0089,True,False,0.0,10606,0.44,0.3914,0.4265,0.3914,0.4265,0.3914,0.4265
4213500,Porto Belo - SC,42,1.5,0.4369,0.4659,0.4435,0.7421,0.0088,True,False,0.0,27563,0.42,0.4565,0.4846,0.4369,0.4659,0.43,0.4594
4213609,Porto União - SC,42,1.5,0.4206,0.4509,0.4243,0.7633,0.0113,True,False,0.0,32708,0.53,0.4357,0.4653,0.4206,0.4509,0.4153,0.446
4213708,Pouso Redondo - SC,42,1.5,0.3763,0.4148,0.3866,0.6739,0.0132,True,False,0.0,17097,0.43,0.3983,0.4355,0.3763,0.4148,0.3687,0.4076
4213807,Praia Grande - SC,42,1.5,0.3416,0.3822,0.3623,0.6593,0.0027,True,False,0.0,8244,0.42,0.3532,0.393,0.3416,0.3822,0.3376,0.3784
4213906,Presidente Castello Branco - SC,42,1.5,0.3781,0.4121,0.3855,0.7123,0.016,True,False,0.0,1681,0.47,0.3781,0.4121,0.3781,0.4121,0.3781,0.4121
4214003,Presidente Getúlio - SC,42,1.5,0.4005,0.438,0.3881,0.6627,0.0156,True,False,0.0,20003,0.41,0.4439,0.4788,0.4005,0.438,0.3845,0.423
4214102,Presidente Nereu - SC,42,1.5,0.3888,0.4221,0.4043,0.7081,0.0189,True,False,0.0,2285,0.5,0.3888,0.4221,0.3888,0.4221,0.3888,0.4221
4214151,Princesa - SC,42,1.5,0.5082,0.5354,0.4114,0.7616,0.0271,True,False,0.0,2952,0.42,0.5876,0.6114,0.5082,0.5354,0.4744,0.5031
4214201,Quilombo - SC,42,1.5,0.4216,0.4511,0.4835,0.7479,0.0053,True,True,0.0,11017,0.39,0.4216,0.4511,0.4216,0.4511,0.4216,0.4511
4214300,Rancho Queimado - SC,42,1.5,0.5149,0.5386,0.5605,0.7984,0.0158,True,True,0.0,3265,0.42,0.5398,0.5623,0.5149,0.5386,0.506,0.5301
4214409,Rio das Antas - SC,42,1.5,0.3766,0.4116,0.3738,0.6865,0.0118,True,False,0.0,6246,0.44,0.3886,0.423,0.3766,0.4116,0.3725,0.4077
4214508,Rio do Campo - SC,42,1.5,0.4993,0.5264,0.4738,0.803,0.0161,True,False,0.0,6431,0.5,0.5549,0.5794,0.4993,0.5264,0.4775,0.5056
4214607,Rio do Oeste - SC,42,1.5,0.4954,0.5212,0.4285,0.7802,0.0149,True,False,0.0,7631,0.47,0.5676,0.5905,0.4954,0.5212,0.4657,0.4927
4214706,Rio dos Cedros - SC,42,1.5,0.3115,0.3584,0.375,0.6398,0.0235,True,True,0.0,10846,0.37,0.3115,0.3584,0.3115,0.3584,0.3115,0.3584
4214805,Rio do Sul - SC,42,1.5,0.4408,0.467,0.452,0.7568,0.0086,True,False,0.0,72213,0.45,0.4671,0.4922,0.4408,0.467,0.4314,0.4581
4214904,Rio Fortuna - SC,42,1.5,0.3527,0.3923,0.4316,0.682,0.0246,True,True,0.0,4733,0.56,0.3527,0.3923,0.3527,0.3923,0.3527,0.3923
4215000,Rio Negrinho - SC,42,1.5,0.3847,0.4234,0.4392,0.6924,0.0138,True,True,0.0,39179,0.44,0.3926,0.4307,0.3847,0.4234,0.382,0.4209
4215059,Rio Rufino - SC,42,1.5,0.4478,0.4799,0.4007,0.739,0.016,True,False,0.0,2397,0.42,0.4903,0.5199,0.4478,0.4799,0.4321,0.465
4215075,Riqueza - SC,42,1.5,0.4167,0.4518,0.4113,0.7291,0.0186,True,False,0.0,4766,0.44,0.4524,0.4854,0.4167,0.4518,0.4038,0.4396
4215109,Rodeio - SC,42,1.5,0.296,0.3396,0.3304,0.5999,0.0082,True,False,0.0,12750,0.42,0.296,0.3396,0.296,0.3396,0.296,0.3396
4215208,Romelândia - SC,42,1.5,0.503,0.5268,0.4695,0.8635,0.0157,True,False,0.0,4802,0.47,0.5451,0.5671,0.503,0.5268,0.4872,0.5116
4215307,Salete - SC,42,1.5,0.3543,0.3958,0.3625,0.6464,0.0161,True,False,0.0,7480,0.43,0.386,0.4255,0.3543,0.3958,0.343,0.3853
4215356,Saltinho - SC,42,1.5,0.4421,0.476,0.4923,0.7937,0.0229,True,True,0.0,3632,0.5,0.4421,0.476,0.4421,0.476,0.4421,0.476
4215406,Salto Veloso - SC,42,1.5,0.4096,0.4426,0.3959,0.697,0.0111,True,False,0.0,4391,0.55,0.442,0.4733,0.4096,0.4426,0.3979,0.4316
4215455,Sangão - SC,42,1.5,0.3134,0.3612,0.3807,0.5625,0.0063,True,True,0.0,12858,0.4,0.3134,0.3612,0.3134,0.3612,0.3134,0.3612
4215505,Santa Cecília - SC,42,1.5,0.4183,0.4517,0.4131,0.7529,0.0081,True,False,0.0,15528,0.52,0.4352,0.4677,0.4183,0.4517,0.4124,0.4462
4215554,Santa Helena - SC,42,1.5,0.403,0.4339,0.3969,0.7242,0.0123,True,False,0.0,2424,0.38,0.403,0.4339,0.403,0.4339,0.403,0.4339
4215604,Santa Rosa de Lima - SC,42,1.5,0.3031,0.3446,0.3329,0.6083,0.0056,True,False,0.0,2069,0.32,0.3031,0.3446,0.3031,0.3446,0.3031,0.3446
4215653,Santa Rosa do Sul - SC,42,1.5,0.3121,0.3555,0.3535,0.6274,0.0084,True,False,0.0,9745,0.39,0.3121,0.3555,0.3121,0.3555,0.3121,0.3555
4215679,Santa Terezinha - SC,42,1.5,0.3758,0.4119,0.4118,0.6883,0.0119,True,False,0.0,8062,0.48,0.3919,0.4271,0.3758,0.4119,0.3702,0.4067
4215687,Santa Terezinha do Progresso - SC,42,1.5,0.4296,0.4589,0.4356,0.7891,0.019,True,False,0.0,2577,0.56,0.4296,0.4589,0.4296,0.4589,0.4296,0.4589
4215695,Santiago do Sul - SC,42,1.5,0.4582,0.49,0.5161,0.7601,0.0166,True,True,0.0,1651,0.46,0.4582,0.49,0.4582,0.49,0.4582,0.49
4215703,Santo Amaro da Imperatriz - SC,42,1.5,0.3863,0.4205,0.4127,0.745,0.0136,True,False,0.0,27031,0.38,0.3863,0.4205,0.3863,0.4205,0.3863,0.4205
4215752,São Bernardino - SC,42,1.5,0.5235,0.5476,0.4608,0.8589,0.0203,True,False,0.0,2683,0.45,0.5703,0.5924,0.5235,0.5476,0.5055,0.5304
4215802,São Bento do Sul - SC,42,1.5,0.3789,0.4146,0.385,0.6949,0.0105,True,False,0.0,83200,0.49,0.3996,0.4342,0.3789,0.4146,0.3717,0.4078
4215901,São Bonifácio - SC,42,1.5,0.3569,0.3998,0.4015,0.6835,0.0183,True,True,0.0,2943,0.47,0.3569,0.3998,0.3569,0.3998,0.3569,0.3998
4216008,São Carlos - SC,42,1.5,0.404,0.439,0.385,0.6795,0.016,True,False,0.0,10257,0.46,0.4484,0.481,0.404,0.439,0.3876,0.4234
4216057,São Cristóvão do Sul - SC,42,1.5,0.4001,0.4376,0.3977,0.7352,0.0129,True,False,0.0,4289,0.44,0.4001,0.4376,0.4001,0.4376,0.4001,0.4376
4216107,São Domingos - SC,42,1.5,0.4331,0.4608,0.4354,0.8054,0.0153,True,False,0.0,9211,0.58,0.4331,0.4608,0.4331,0.4608,0.4331,0.4608
4216206,São Francisco do Sul - SC,42,1.5,0.4319,0.4608,0.4546,0.8087,0.008,True,False,0.0,52403,0.45,0.4449,0.4732,0.4319,0.4608,0.4274,0.4565
4216255,São João do Oeste - SC,42,1.5,0.5286,0.5506,0.4354,0.8071,0.0223,True,False,0.0,6275,0.4,0.6065,0.6263,0.5286,0.5506,0.4951,0.5181
4216305,São João Batista - SC,42,1.5,0.3332,0.3764,0.3893,0.633,0.0193,True,True,0.0,32632,0.33,0.3332,0.3764,0.3332,0.3764,0.3332,0.3764
4216354,São João do Itaperiú - SC,42,1.5,0.3559,0.3939,0.363,0.6572,0.0115,True,False,0.0,4460,0.34,0.3559,0.3939,0.3559,0.3939,0.3559,0.3939
4216404,São João do Sul - SC,42,1.5,0.3472,0.3872,0.3739,0.6823,0.0063,True,False,0.0,8624,0.42,0.3472,0.3872,0.3472,0.3872,0.3472,0.3872
4216503,São Joaquim - SC,42,1.5,0.4067,0.4407,0.4162,0.7483,0.0113,True,False,0.0,25831,0.48,0.4067,0.4407,0.4067,0.4407,0.4067,0.4407
4216602,São José - SC,42,1.5,0.4351,0.4607,0.4583,0.8037,0.0062,True,False,0.0,269490,0.44,0.4455,0.4707,0.4351,0.4607,0.4315,0.4573
4216701,São José do Cedro - SC,42,1.5,0.4704,0.4959,0.4262,0.7928,0.0189,True,False,0.0,14026,0.48,0.5069,0.5308,0.4704,0.4959,0.4569,0.483
4216800,São José do Cerrito - SC,42,1.5,0.3941,0.4302,0.4207,0.7421,0.01,True,False,0.0,8709,0.46,0.3941,0.4302,0.3941,0.4302,0.3941,0.4302
4216909,São Lourenço do Oeste - SC,42,1.5,0.4191,0.4487,0.4159,0.7545,0.01,True,False,0.0,24660,0.46,0.4279,0.4571,0.4191,0.4487,0.4161,0.4458
4217006,São Ludgero - SC,42,1.5,0.3611,0.3991,0.3551,0.6478,0.013,True,False,0.0,13494,0.44,0.3978,0.4337,0.3611,0.3991,0.3479,0.3866
4217105,São Martinho - SC,42,1.5,0.3541,0.39,0.3607,0.6553,0.0138,True,False,0.0,3405,0.38,0.3541,0.39,0.3541,0.39,0.3541,0.39
4217154,São Miguel da Boa Vista - SC,42,1.5,0.4698,0.5006,0.4362,0.811,0.034,True,False,0.0,1776,0.5,0.4698,0.5006,0.4698,0.5006,0.4698,0.5006
4217204,São Miguel do Oeste - SC,42,1.5,0.3928,0.4219,0.394,0.7247,0.0083,True,False,0.0,44002,0.5,0.4076,0.436,0.3928,0.4219,0.3877,0.417
4217253,São Pedro de Alcântara - SC,42,1.5,0.3775,0.4064,0.3958,0.7268,0.01,True,False,0.0,4599,0.41,0.3775,0.4064,0.3775,0.4064,0.3775,0.4064
4217303,Saudades - SC,42,1.5,0.42,0.4518,0.4281,0.7304,0.0154,True,False,0.0,10252,0.33,0.4419,0.4725,0.42,0.4518,0.4123,0.4445
4217402,Schroeder - SC,42,1.5,0.3372,0.3791,0.3534,0.6249,0.0141,True,False,0.0,20060,0.34,0.3625,0.4028,0.3372,0.3791,0.3283,0.3707
4217501,Seara - SC,42,1.5,0.4194,0.4519,0.4063,0.725,0.0141,True,False,0.0,18612,0.51,0.4485,0.4795,0.4194,0.4519,0.409,0.4421
4217550,Serra Alta - SC,42,1.5,0.3007,0.345,0.3215,0.5798,0.0071,True,False,0.0,3303,0.41,0.3007,0.345,0.3007,0.345,0.3007,0.345
4217600,Siderópolis - SC,42,1.5,0.3251,0.3665,0.3554,0.6389,0.0119,True,False,0.0,13663,0.4,0.3251,0.3665,0.3251,0.3665,0.3251,0.3665
4217709,Sombrio - SC,42,1.5,0.4044,0.4399,0.4406,0.7631,0.0172,True,True,0.0,29968,0.4,0.4044,0.4399,0.4044,0.4399,0.4044,0.4399
4217758,Sul Brasil - SC,42,1.5,0.5998,0.6196,0.4731,0.8916,0.0312,True,False,0.0,2831,0.45,0.6844,0.7028,0.5998,0.6196,0.5599,0.5805
4217808,Taió - SC,42,1.5,0.3744,0.41,0.3815,0.6916,0.0171,True,False,0.0,18288,0.43,0.3744,0.41,0.3744,0.41,0.3744,0.41
4217907,Tangará - SC,42,1.5,0.3627,0.3971,0.391,0.6805,0.0234,True,False,0.0,8144,0.46,0.3627,0.3971,0.3627,0.3971,0.3627,0.3971
4217956,Tigrinhos - SC,42,1.5,0.2633,0.3159,0.3023,0.5425,0.0038,True,False,0.0,2330,0.41,0.2633,0.3159,0.2633,0.3159,0.2633,0.3159
4218004,Tijucas - SC,42,1.5,0.3866,0.4191,0.4015,0.7301,0.0075,True,False,0.0,51067,0.41,0.3969,0.4288,0.3866,0.4191,0.3831,0.4157
4218103,Timbé do Sul - SC,42,1.5,0.3565,0.3951,0.364,0.6674,0.0105,True,False,0.0,5363,0.47,0.3804,0.4176,0.3565,0.3951,0.3481,0.3872
4218202,Timbó - SC,42,1.5,0.365,0.3998,0.3771,0.6538,0.0084,True,False,0.0,45994,0.47,0.3827,0.4166,0.365,0.3998,0.3588,0.394
4218251,Timbó Grande - SC,42,1.5,0.4197,0.4569,0.3868,0.701,0.008,True,False,0.0,7343,0.47,0.4652,0.4995,0.4197,0.4569,0.4028,0.441
4218301,Três Barras - SC,42,1.5,0.3751,0.4129,0.4043,0.7217,0.0065,True,False,0.0,19707,0.47,0.3751,0.4129,0.3751,0.4129,0.3751,0.4129
4218350,Treviso - SC,42,1.5,0.2899,0.335,0.3381,0.6026,0.0185,True,True,0.0,3783,0.34,0.2899,0.335,0.2899,0.335,0.2899,0.335
4218400,Treze de Maio - SC,42,1.5,0.3504,0.391,0.3594,0.6506,0.0153,True,False,0.0,7357,0.36,0.3504,0.391,0.3504,0.391,0.3504,0.391
4218509,Treze Tílias - SC,42,1.5,0.4383,0.4642,0.4243,0.7779,0.0104,True,False,0.0,8786,0.62,0.4783,0.5024,0.4383,0.4642,0.4236,0.4501
4218608,Trombudo Central - SC,42,1.5,0.3245,0.3632,0.3557,0.6438,0.0104,True,False,0.0,7223,0.44,0.3245,0.3632,0.3245,0.3632,0.3245,0.3632
4218707,Tubarão - SC,42,1.5,0.4354,0.464,0.4466,0.76,0.0103,True,False,0.0,109328,0.47,0.461,0.4884,0.4354,0.464,0.4263,0.4553
4218756,Tunápolis - SC,42,1.5,0.6025,0.6248,0.4595,0.8561,0.0365,True,False,0.0,4904,0.41,0.694,0.7145,0.6025,0.6248,0.5577,0.5811
4218806,Turvo - SC,42,1.5,0.3933,0.4265,0.3989,0.7244,0.0099,True,False,0.0,13014,0.4,0.4112,0.4435,0.3933,0.4265,0.3871,0.4206
4218855,União do Oeste - SC,42,1.5,0.3838,0.4163,0.3932,0.7233,0.0137,True,False,0.0,2774,0.37,0.3838,0.4163,0.3838,0.4163,0.3838,0.4163
4218905,Urubici - SC,42,1.5,0.4314,0.4599,0.4298,0.7768,0.0068,True,False,0.0,10810,0.52,0.4497,0.4773,0.4314,0.4599,0.425,0.4538
4218954,Urupema - SC,42,1.5,0.4896,0.5174,0.4561,0.8008,0.0216,True,False,0.0,2647,0.42,0.5336,0.5592,0.4896,0.5174,0.473,0.5017
4219002,Urussanga - SC,42,1.5,0.3255,0.3676,0.3619,0.6242,0.0106,True,False,0.0,20919,0.4,0.3255,0.3676,0.3255,0.3676,0.3255,0.3676
4219101,Vargeão - SC,42,1.5,0.4619,0.4916,0.4286,0.7591,0.0123,True,False,0.0,3634,0.45,0.5121,0.5394,0.4619,0.4916,0.4427,0.4735
4219150,Vargem - SC,42,1.5,0.3922,0.428,0.4351,0.7242,0.0151,True,True,0.0,2626,0.5,0.3922,0.428,0.3922,0.428,0.3922,0.428
4219176,Vargem Bonita - SC,42,1.5,0.4034,0.4351,0.4022,0.7349,0.0151,True,False,0.0,4571,0.43,0.4034,0.4351,0.4034,0.4351,0.4034,0.4351
4219200,Vidal Ramos - SC,42,1.5,0.3876,0.4236,0.3941,0.7005,0.0097,True,False,0.0,6151,0.41,0.4005,0.4358,0.3876,0.4236,0.3832,0.4195
4219309,Videira - SC,42,1.5,0.3985,0.4295,0.3877,0.7009,0.0092,True,False,0.0,55245,0.47,0.4334,0.4627,0.3985,0.4295,0.3859,0.4175
4219358,Vitor Meireles - SC,42,1.5,0.32,0.3633,0.3608,0.6383,0.01,True,False,0.0,5367,0.52,0.32,0.3633,0.32,0.3633,0.32,0.3633
4219408,Witmarsum - SC,42,1.5,0.3719,0.4083,0.3754,0.6856,0.0224,True,False,0.0,4234,0.43,0.3719,0.4083,0.3719,0.4083,0.3719,0.4083
4219507,Xanxerê - SC,42,1.5,0.4301,0.458,0.45,0.7558,0.0072,True,False,0.0,51519,0.48,0.4479,0.475,0.4301,0.458,0.4239,0.4521
4219606,Xavantina - SC,42,1.5,0.4646,0.4919,0.4165,0.752,0.0183,True,False,0.0,3653,0.47,0.5243,0.5491,0.4646,0.4919,0.4412,0.4695
4219705,Xaxim - SC,42,1.5,0.3512,0.3887,0.3979,0.6566,0.0128,True,True,0.0,31894,0.43,0.3596,0.3966,0.3512,0.3887,0.3484,0.3861
4219853,Zortéa - SC,42,1.5,0.3287,0.3728,0.3715,0.6486,0.0108,True,False,0.0,3929,0.42,0.3287,0.3728,0.3287,0.3728,0.3287,0.3728
4220000,Balneário Rincão - SC,42,1.5,0.3918,0.4275,0.414,0.7259,0.0125,True,False,0.0,15937,,0.3918,0.4275,0.3918,0.4275,0.3918,0.4275
4300034,Aceguá - RS,43,1.5,0.5367,0.5604,0.5003,0.8686,0.0225,True,False,0.0,4162,0.53,0.5639,0.5863,0.5367,0.5604,0.5268,0.551
4300059,Água Santa - RS,43,1.5,0.6254,0.6447,0.5102,0.9294,0.0233,True,False,0.0,3910,0.68,0.707,0.7242,0.6254,0.6447,0.5866,0.6071
4300109,Agudo - RS,43,1.5,0.4027,0.4356,0.4323,0.7564,0.0081,True,False,0.0,15980,0.52,0.4027,0.4356,0.4027,0.4356,0.4027,0.4356
4300208,Ajuricaba - RS,43,1.5,0.5373,0.5606,0.4611,0.8129,0.018,True,False,0.0,6661,0.47,0.6113,0.6318,0.5373,0.5606,0.5058,0.5303
4300307,Alecrim - RS,43,1.5,0.4293,0.4618,0.4282,0.7761,0.0126,True,False,0.0,6117,0.49,0.4293,0.4618,0.4293,0.4618,0.4293,0.4618
4300406,Alegrete - RS,43,1.5,0.4644,0.4912,0.4656,0.8399,0.0105,True,False,0.0,71919,0.52,0.4794,0.5055,0.4644,0.4912,0.4592,0.4863
4300455,Alegria - RS,43,1.5,0.4897,0.5131,0.4889,0.9274,0.0099,True,False,0.0,3650,0.53,0.5035,0.5263,0.4897,0.5131,0.4849,0.5085
4300471,Almirante Tamandaré do Sul - RS,43,1.5,0.3816,0.4174,0.3799,0.6986,0.0235,True,False,0.0,1968,0.44,0.3816,0.4174,0.3816,0.4174,0.3816,0.4174
4300505,Alpestre - RS,43,1.5,0.4703,0.4975,0.4291,0.7873,0.0118,True,False,0.0,7107,0.49,0.5191,0.5441,0.4703,0.4975,0.4518,0.4798
4300554,Alto Alegre - RS,43,1.5,0.368,0.4036,0.389,0.6959,0.0043,True,False,0.0,1799,0.48,0.368,0.4036,0.368,0.4036,0.368,0.4036
4300570,Alto Feliz - RS,43,1.5,0.2574,0.3115,0.292,0.5297,0.0128,True,False,0.0,3073,0.29,0.2574,0.3115,0.2574,0.3115,0.2574,0.3115
4300604,Alvorada - RS,43,1.5,0.3963,0.4318,0.4449,0.7783,0.0118,True,True,0.0,186811,0.43,0.3963,0.4318,0.3963,0.4318,0.3963,0.4318
4300638,Amaral Ferrador - RS,43,1.5,0.4124,0.4472,0.4411,0.791,0.005,True,False,0.0,5291,0.44,0.4124,0.4472,0.4124,0.4472,0.4124,0.4472
4300646,Ametista do Sul - RS,43,1.5,0.4109,0.4472,0.3901,0.7096,0.0097,True,False,0.0,7641,0.58,0.4492,0.4832,0.4109,0.4472,0.397,0.4341
4300661,André da Rocha - RS,43,1.5,0.3273,0.3665,0.3554,0.6524,0.0051,True,False,0.0,1133,0.5,0.3273,0.3665,0.3273,0.3665,0.3273,0.3665
4300703,Anta Gorda - RS,43,1.5,0.5067,0.5314,0.4258,0.7682,0.017,True,False,0.0,5954,0.34,0.5819,0.6037,0.5067,0.5314,0.4752,0.501
4300802,Antônio Prado - RS,43,1.5,0.3847,0.4153,0.4183,0.7472,0.0139,True,True,0.0,13018,0.41,0.3847,0.4153,0.3847,0.4153,0.3847,0.4153
4300851,Arambaré - RS,43,1.5,0.4523,0.4825,0.4234,0.7643,0.0123,True,False,0.0,4111,0.48,0.4869,0.5153,0.4523,0.4825,0.4397,0.4706
4300877,Araricá - RS,43,1.5,0.3079,0.3556,0.3497,0.6174,0.0129,True,False,0.0,8526,0.35,0.3079,0.3556,0.3079,0.3556,0.3079,0.3556
4300901,Aratiba - RS,43,1.5,0.4016,0.4313,0.4022,0.7366,0.0117,True,False,0.0,6484,0.54,0.4158,0.4448,0.4016,0.4313,0.3967,0.4266
4301008,Arroio do Meio - RS,43,1.5,0.3504,0.389,0.3856,0.7016,0.0242,True,False,0.0,21837,0.36,0.3504,0.389,0.3504,0.389,0.3504,0.389
4301057,Arroio do Sal - RS,43,1.5,0.3973,0.4296,0.4293,0.7666,0.0075,True,False,0.0,11036,0.47,0.3973,0.4296,0.3973,0.4296,0.3973,0.4296
4301073,Arroio do Padre - RS,43,1.5,0.4799,0.5067,0.5177,0.8113,0.0141,True,True,0.0,2597,0.53,0.4799,0.5067,0.4799,0.5067,0.4799,0.5067
4301107,Arroio dos Ratos - RS,43,1.5,0.409,0.4409,0.4485,0.8238,0.0122,True,True,0.0,14007,0.46,0.409,0.4409,0.409,0.4409,0.409,0.4409
4301206,Arroio do Tigre - RS,43,1.5,0.3943,0.4289,0.4463,0.7415,0.0097,True,True,0.0,12057,0.47,0.3943,0.4289,0.3943,0.4289,0.3943,0.4289
4301305,Arroio Grande - RS,43,1.5,0.4302,0.462,0.4428,0.7834,0.01,True,False,0.0,17520,0.5,0.4374,0.4688,0.4302,0.462,0.4278,0.4597
4301404,Arvorezinha - RS,43,1.5,0.3864,0.4218,0.4229,0.7242,0.006,True,True,0.0,10304,0.41,0.3864,0.4218,0.3864,0.4218,0.3864,0.4218
4301503,Augusto Pestana - RS,43,1.5,0.5601,0.5809,0.4983,0.856,0.0174,True,False,0.0,7149,0.49,0.6157,0.6344,0.5601,0.5809,0.5377,0.5594
4301552,Áurea - RS,43,1.5,0.3203,0.3643,0.3605,0.633,0.012,True,False,0.0,3396,0.42,0.3203,0.3643,0.3203,0.3643,0.3203,0.3643
4301602,Bagé - RS,43,1.5,0.475,0.5011,0.4807,0.8685,0.0077,True,False,0.0,117073,0.56,0.482,0.5078,0.475,0.5011,0.4726,0.4989
4301636,Balneário Pinhal - RS,43,1.5,0.4525,0.4816,0.4767,0.8667,0.0066,True,False,0.0,14882,0.5,0.4525,0.4816,0.4525,0.4816,0.4525,0.4816
4301651,Barão - RS,43,1.5,0.3396,0.3796,0.3429,0.6107,0.0169,True,False,0.0,6459,0.4,0.3617,0.4004,0.3396,0.3796,0.3319,0.3723
4301701,Barão de Cotegipe - RS,43,1.5,0.4484,0.4749,0.4307,0.7756,0.0089,True,False,0.0,7054,0.42,0.4953,0.5198,0.4484,0.4749,0.4307,0.458
4301750,Barão do Triunfo - RS,43,1.5,0.4326,0.4652,0.4773,0.8322,0.0105,True,True,0.0,5876,0.53,0.4326,0.4652,0.4326,0.4652,0.4326,0.4652
4301800,Barracão - RS,43,1.5,0.4814,0.5098,0.4286,0.7891,0.0171,True,False,0.0,4831,0.57,0.5274,0.5536,0.4814,0.5098,0.464,0.4933
4301859,Barra do Guarita - RS,43,1.5,0.3241,0.368,0.3462,0.6063,0.0164,True,False,0.0,3154,0.48,0.3241,0.368,0.3241,0.368,0.3241,0.368
4301875,Barra do Quaraí - RS,43,1.5,0.4373,0.4712,0.4367,0.7862,0.017,True,False,0.0,4232,0.48,0.4373,0.4712,0.4373,0.4712,0.4373,0.4712
4301909,Barra do Ribeiro - RS,43,1.5,0.4206,0.4522,0.4304,0.7947,0.0056,True,False,0.0,12191,0.48,0.4206,0.4522,0.4206,0.4522,0.4206,0.4522
4301925,Barra do Rio Azul - RS,43,1.5,0.4604,0.4841,0.4617,0.847,0.0252,True,False,0.0,1696,0.4,0.4604,0.4841,0.4604,0.4841,0.4604,0.4841
4301958,Barra Funda - RS,43,1.5,0.3712,0.4051,0.3864,0.695,0.0092,True,False,0.0,2486,0.39,0.3712,0.4051,0.3712,0.4051,0.3712,0.4051
4302006,Barros Cassal - RS,43,1.5,0.4579,0.4872,0.4852,0.8414,0.0118,True,False,0.0,9244,0.51,0.4579,0.4872,0.4579,0.4872,0.4579,0.4872
4302055,Benjamin Constant do Sul - RS,43,1.5,0.5169,0.5419,0.4908,0.9074,0.0124,True,False,0.0,2081,0.48,0.546,0.5696,0.5169,0.5419,0.5064,0.5319
4302105,Bento Gonçalves - RS,43,1.5,0.4023,0.4305,0.4099,0.7267,0.0091,True,False,0.0,122484,0.44,0.4238,0.4511,0.4023,0.4305,0.3947,0.4233
4302154,Boa Vista das Missões - RS,43,1.5,0.4678,0.4937,0.461,0.8348,0.0158,True,False,0.0,1931,0.44,0.4911,0.5159,0.4678,0.4937,0.4596,0.4859
4302204,Boa Vista do Buricá - RS,43,1.5,0.4103,0.4466,0.3809,0.6882,0.0167,True,False,0.0,6910,0.43,0.4482,0.4823,0.4103,0.4466,0.3964,0.4336
4302220,Boa Vista do Cadeado - RS,43,1.5,0.53,0.5528,0.4658,0.8392,0.0242,True,False,0.0,2226,0.4,0.5789,0.5996,0.53,0.5528,0.5111,0.5347
4302238,Boa Vista do Incra - RS,43,1.5,0.4917,0.5236,0.5017,0.7503,0.0162,True,False,0.0,2271,0.45,0.5598,0.5878,0.4917,0.5236,0.464,0.4975
4302253,Boa Vista do Sul - RS,43,1.5,0.3734,0.4091,0.3335,0.6067,0.0214,True,False,0.0,2772,0.45,0.4487,0.4806,0.3734,0.4091,0.3435,0.3807
4302303,Bom Jesus - RS,43,1.5,0.4917,0.5203,0.5501,0.8755,0.0128,True,True,0.0,11143,0.52,0.4917,0.5203,0.4917,0.5203,0.4917,0.5203
4302352,Bom Princípio - RS,43,1.5,0.3003,0.3438,0.3363,0.5972,0.0135,True,False,0.0,13074,0.37,0.3003,0.3438,0.3003,0.3438,0.3003,0.3438
4302378,Bom Progresso - RS,43,1.5,0.4095,0.4438,0.4048,0.735,0.0322,True,False,0.0,2095,0.52,0.4095,0.4438,0.4095,0.4438,0.4095,0.4438
4302402,Bom Retiro do Sul - RS,43,1.5,0.3275,0.3716,0.3382,0.6084,0.0115,True,False,0.0,12217,0.38,0.3275,0.3716,0.3275,0.3716,0.3275,0.3716
4302451,Boqueirão do Leão - RS,43,1.5,0.4199,0.4514,0.4332,0.7705,0.0098,True,False,0.0,6222,0.47,0.4363,0.467,0.4199,0.4514,0.4142,0.446
4302501,Bossoroca - RS,43,1.5,0.397,0.4317,0.4147,0.7139,0.0112,True,False,0.0,5889,0.49,0.397,0.4317,0.397,0.4317,0.397,0.4317
4302584,Bozano - RS,43,1.5,0.5268,0.5515,0.4852,0.8136,0.0148,True,False,0.0,2151,0.42,0.5905,0.6123,0.5268,0.5515,0.5009,0.5268
4302600,Braga - RS,43,1.5,0.4253,0.4587,0.4537,0.8149,0.0281,True,False,0.0,3257,0.47,0.4253,0.4587,0.4253,0.4587,0.4253,0.4587
4302659,Brochier - RS,43,1.5,0.3743,0.4135,0.373,0.6791,0.0167,True,False,0.0,4927,0.36,0.3883,0.4266,0.3743,0.4135,0.3695,0.409
4302709,Butiá - RS,43,1.5,0.4142,0.4459,0.4482,0.7976,0.0123,True,True,0.0,19059,0.47,0.4142,0.4459,0.4142,0.4459,0.4142,0.4459
4302808,Caçapava do Sul - RS,43,1.5,0.4382,0.4685,0.4597,0.81,0.0096,True,False,0.0,32353,0.48,0.4382,0.4685,0.4382,0.4685,0.4382,0.4685
4302907,Cacequi - RS,43,1.5,0.4252,0.456,0.4536,0.8383,0.0069,True,False,0.0,11075,0.52,0.4252,0.456,0.4252,0.456,0.4252,0.456
4303004,Cachoeira do Sul - RS,43,1.5,0.4687,0.4958,0.4692,0.8426,0.0104,True,False,0.0,79451,0.54,0.4825,0.5089,0.4687,0.4958,0.4639,0.4913
4303103,Cachoeirinha - RS,43,1.5,0.4212,0.4505,0.4386,0.7842,0.0046,True,False,0.0,135864,0.44,0.4264,0.4555,0.4212,0.4505,0.4194,0.4488
4303202,Cacique Doble - RS,43,1.5,0.4881,0.5158,0.5166,0.8792,0.0173,True,True,0.0,4605,0.51,0.4881,0.5158,0.4881,0.5158,0.4881,0.5158
4303301,Caibaté - RS,43,1.5,0.4296,0.4576,0.4407,0.8126,0.0098,True,False,0.0,4681,0.48,0.4565,0.4832,0.4296,0.4576,0.42,0.4485
4303400,Caiçara - RS,43,1.5,0.5342,0.5575,0.4581,0.8568,0.0138,True,False,0.0,4819,0.47,0.6088,0.6292,0.5342,0.5575,0.5025,0.5271
4303509,Camaquã - RS,43,1.5,0.444,0.4745,0.4453,0.8005,0.0079,True,False,0.0,61720,0.48,0.4682,0.4974,0.444,0.4745,0.4355,0.4664
4303558,Camargo - RS,43,1.5,0.4846,0.5108,0.4262,0.7598,0.0172,True,False,0.0,2982,0.39,0.5489,0.5724,0.4846,0.5108,0.4589,0.4862
4303608,Cambará do Sul - RS,43,1.5,0.4066,0.4407,0.4639,0.689,0.0092,True,True,0.0,6321,0.45,0.4066,0.4407,0.4066,0.4407,0.4066,0.4407
4303673,Campestre da Serra - RS,43,1.5,0.4301,0.4658,0.513,0.6921,0.0128,True,True,0.0,3231,0.31,0.4301,0.4658,0.4301,0.4658,0.4301,0.4658
4303707,Campina das Missões - RS,43,1.5,0.4774,0.5034,0.4243,0.7743,0.0218,True,False,0.0,5882,0.41,0.5186,0.5427,0.4774,0.5034,0.4621,0.4888
4303806,Campinas do Sul - RS,43,1.5,0.3809,0.4127,0.4019,0.7324,0.0062,True,False,0.0,5239,0.46,0.3809,0.4127,0.3809,0.4127,0.3809,0.4127
4303905,Campo Bom - RS,43,1.5,0.4102,0.4416,0.428,0.74,0.0091,True,False,0.0,62745,0.43,0.4203,0.4511,0.4102,0.4416,0.4067,0.4383
4304002,Campo Novo - RS,43,1.5,0.4045,0.4365,0.4282,0.7837,0.0046,True,False,0.0,4963,0.48,0.4045,0.4365,0.4045,0.4365,0.4045,0.4365
4304101,Campos Borges - RS,43,1.5,0.5677,0.5933,0.4648,0.84,0.018,True,False,0.0,3607,0.46,0.6549,0.6767,0.5677,0.5933,0.5277,0.555
4304200,Candelária - RS,43,1.5,0.383,0.4199,0.425,0.7118,0.0076,True,True,0.0,28674,0.46,0.383,0.4199,0.383,0.4199,0.383,0.4199
4304309,Cândido Godói - RS,43,1.5,0.5032,0.5279,0.4458,0.8265,0.0148,True,False,0.0,6284,0.45,0.5615,0.5838,0.5032,0.5279,0.4801,0.5057
4304358,Candiota - RS,43,1.5,0.4424,0.4716,0.4842,0.8824,0.0127,True,True,0.0,10609,0.51,0.4424,0.4716,0.4424,0.4716,0.4424,0.4716
4304408,Canela - RS,43,1.5,0.4511,0.478,0.4294,0.7801,0.0074,True,False,0.0,48668,0.48,0.4887,0.5139,0.4511,0.478,0.4373,0.4649
4304507,Canguçu - RS,43,1.5,0.4726,0.5003,0.4889,0.8464,0.0082,True,False,0.0,49582,0.49,0.4944,0.521,0.4726,0.5003,0.4649,0.493
4304606,Canoas - RS,43,1.5,0.4782,0.5015,0.5019,0.892,0.0032,True,True,0.0,344821,0.51,0.4928,0.5155,0.4782,0.5015,0.4731,0.4967
4304614,Canudos do Vale - RS,43,1.5,0.3706,0.4066,0.3901,0.702,0.017,True,False,0.0,1655,0.49,0.3706,0.4066,0.3706,0.4066,0.3706,0.4066
4304622,Capão Bonito do Sul - RS,43,1.5,0.4264,0.4581,0.4327,0.78,0.013,True,False,0.0,1734,0.52,0.4264,0.4581,0.4264,0.4581,0.4264,0.4581
4304630,Capão da Canoa - RS,43,1.5,0.4726,0.4982,0.4692,0.8403,0.0068,True,False,0.0,63377,0.51,0.4903,0.5151,0.4726,0.4982,0.4664,0.4923
4304655,Capão do Cipó - RS,43,1.5,0.4207,0.4528,0.4337,0.785,0.0154,True,False,0.0,3112,0.51,0.4207,0.4528,0.4207,0.4528,0.4207,0.4528
4304663,Capão do Leão - RS,43,1.5,0.3949,0.4322,0.4298,0.738,0.0114,True,False,0.0,26366,0.43,0.3949,0.4322,0.3949,0.4322,0.3949,0.4322
4304671,Capivari do Sul - RS,43,1.5,0.3842,0.42,0.4179,0.7166,0.0097,True,False,0.0,3990,0.68,0.3842,0.42,0.3842,0.42,0.3842,0.42
4304689,Capela de Santana - RS,43,1.5,0.3631,0.4018,0.3928,0.7083,0.0073,True,False,0.0,11119,0.39,0.3631,0.4018,0.3631,0.4018,0.3631,0.4018
4304697,Capitão - RS,43,1.5,0.3216,0.3625,0.3428,0.6233,0.0167,True,False,0.0,2922,0.38,0.3216,0.3625,0.3216,0.3625,0.3216,0.3625
4304705,Carazinho - RS,43,1.5,0.47,0.4959,0.4641,0.8309,0.0075,True,False,0.0,61334,0.51,0.5024,0.5269,0.47,0.4959,0.4582,0.4847
4304713,Caraá - RS,43,1.5,0.3779,0.4159,0.4125,0.7434,0.0118,True,False,0.0,7394,0.39,0.3779,0.4159,0.3779,0.4159,0.3779,0.4159
4304804,Carlos Barbosa - RS,43,1.5,0.3552,0.3873,0.3742,0.6658,0.0139,True,False,0.0,30356,0.51,0.3552,0.3873,0.3552,0.3873,0.3552,0.3873
4304853,Carlos Gomes - RS,43,1.5,0.3824,0.4194,0.4335,0.754,0.0227,True,True,0.0,1369,0.43,0.3824,0.4194,0.3824,0.4194,0.3824,0.4194
4304903,Casca - RS,43,1.5,0.3975,0.4272,0.4003,0.7089,0.0151,True,False,0.0,9446,0.41,0.4161,0.4449,0.3975,0.4272,0.391,0.4211
4304952,Caseiros - RS,43,1.5,0.5403,0.5652,0.5325,0.882,0.0158,True,False,0.0,3001,0.47,0.5785,0.6014,0.5403,0.5652,0.5261,0.5516
4305009,Catuípe - RS,43,1.5,0.4356,0.4652,0.4622,0.7493,0.0096,True,False,0.0,8671,0.56,0.4356,0.4652,0.4356,0.4652,0.4356,0.4652
4305108,Caxias do Sul - RS,43,1.5,0.435,0.4623,0.4468,0.7854,0.0112,True,False,0.0,461566,0.48,0.4575,0.4837,0.435,0.4623,0.4271,0.4548
4305116,Centenário - RS,43,1.5,0.4425,0.4733,0.5162,0.7511,0.0126,True,True,0.0,2700,0.46,0.4425,0.4733,0.4425,0.4733,0.4425,0.4733
4305124,Cerrito - RS,43,1.5,0.4375,0.4698,0.4474,0.7985,0.006,True,False,0.0,5754,0.48,0.4549,0.4862,0.4375,0.4698,0.4314,0.4641
4305132,Cerro Branco - RS,43,1.5,0.3272,0.3709,0.3682,0.6763,0.0143,True,False,0.0,3799,0.41,0.3272,0.3709,0.3272,0.3709,0.3272,0.3709
4305157,Cerro Grande - RS,43,1.5,0.4818,0.5169,0.3908,0.7147,0.0224,True,False,0.0,2375,0.49,0.5605,0.5909,0.4818,0.5169,0.4489,0.486
4305173,Cerro Grande do Sul - RS,43,1.5,0.4202,0.4542,0.4514,0.7961,0.0112,True,False,0.0,9128,0.5,0.4202,0.4542,0.4202,0.4542,0.4202,0.4542
4305207,Cerro Largo - RS,43,1.5,0.4142,0.4451,0.4252,0.763,0.0087,True,False,0.0,13530,0.47,0.4266,0.4569,0.4142,0.4451,0.41,0.4411
4305306,Chapada - RS,43,1.5,0.3915,0.4257,0.3895,0.7034,0.0105,True,False,0.0,9517,0.46,0.4112,0.4443,0.3915,0.4257,0.3847,0.4192
4305355,Charqueadas - RS,43,1.5,0.4293,0.4572,0.4729,0.8621,0.0117,True,True,0.0,31195,0.43,0.4365,0.4642,0.4293,0.4572,0.4268,0.4549
4305371,Charrua - RS,43,1.5,0.5567,0.5788,0.5892,1.146,0.0228,True,True,0.0,2768,0.51,0.5699,0.5914,0.5567,0.5788,0.5522,0.5745
4305405,Chiapetta - RS,43,1.5,0.4771,0.5027,0.4579,0.8267,0.0146,True,False,0.0,3914,0.49,0.5095,0.5336,0.4771,0.5027,0.4653,0.4915
4305439,Chuí - RS,43,1.5,0.4111,0.4469,0.4194,0.7371,0.0077,True,False,0.0,6246,0.48,0.4336,0.468,0.4111,0.4469,0.4033,0.4395
4305447,Chuvisca - RS,43,1.5,0.3914,0.4251,0.4017,0.7269,0.0091,True,False,0.0,4595,0.46,0.3914,0.4251,0.3914,0.4251,0.3914,0.4251
4305454,Cidreira - RS,43,1.5,0.4505,0.4791,0.4837,0.8608,0.0086,True,True,0.0,17020,0.49,0.4505,0.4791,0.4505,0.4791,0.4505,0.4791
4305504,Ciríaco - RS,43,1.5,0.4726,0.5016,0.4668,0.7818,0.0105,True,False,0.0,4146,0.45,0.5153,0.542,0.4726,0.5016,0.4567,0.4865
4305587,Colinas - RS,43,1.5,0.4248,0.4562,0.3784,0.698,0.0112,True,False,0.0,2418,0.47,0.4935,0.5216,0.4248,0.4562,0.3975,0.4302
4305603,Colorado - RS,43,1.5,0.3882,0.4212,0.3904,0.7222,0.0126,True,False,0.0,3250,0.51,0.3882,0.4212,0.3882,0.4212,0.3882,0.4212
4305702,Condor - RS,43,1.5,0.4755,0.502,0.4382,0.7841,0.0073,True,False,0.0,6403,0.49,0.5335,0.5574,0.4755,0.502,0.4528,0.4803
4305801,Constantina - RS,43,1.5,0.5023,0.5285,0.4524,0.8422,0.0168,True,False,0.0,10365,0.45,0.5589,0.5824,0.5023,0.5285,0.4801,0.5072
4305835,Coqueiro Baixo - RS,43,1.5,0.4529,0.4787,0.4127,0.7525,0.0071,True,False,0.0,1291,0.41,0.5071,0.5307,0.4529,0.4787,0.432,0.4587
4305850,Coqueiros do Sul - RS,43,1.5,0.5659,0.5879,0.4819,0.8659,0.0237,True,False,0.0,2211,0.53,0.6408,0.6603,0.5659,0.5879,0.5333,0.5565
4305871,Coronel Barros - RS,43,1.5,0.4199,0.449,0.3994,0.7361,0.0107,True,False,0.0,2808,0.53,0.4521,0.4797,0.4199,0.449,0.4083,0.4379
4305900,Coronel Bicaco - RS,43,1.5,0.4146,0.448,0.4392,0.7683,0.0094,True,False,0.0,6114,0.51,0.4146,0.448,0.4146,0.448,0.4146,0.448
4305934,Coronel Pilar - RS,43,1.5,0.3156,0.3473,0.3466,0.6269,0.0166,True,False,0.0,1602,0.36,0.3156,0.3473,0.3156,0.3473,0.3156,0.3473
4305959,Cotiporã - RS,43,1.5,0.3437,0.3823,0.3701,0.6636,0.0164,True,False,0.0,3833,0.39,0.3437,0.3823,0.3437,0.3823,0.3437,0.3823
4305975,Coxilha - RS,43,1.5,0.4181,0.4527,0.4192,0.7397,0.0184,True,False,0.0,2668,0.49,0.4452,0.4783,0.4181,0.4527,0.4084,0.4437
4306007,Crissiumal - RS,43,1.5,0.4555,0.4848,0.4422,0.7749,0.0141,True,False,0.0,12821,0.41,0.4834,0.5113,0.4555,0.4848,0.4455,0.4753
4306056,Cristal - RS,43,1.5,0.4171,0.4521,0.413,0.7626,0.0143,True,False,0.0,7285,0.45,0.4171,0.4521,0.4171,0.4521,0.4171,0.4521
4306072,Cristal do Sul - RS,43,1.5,0.3421,0.3833,0.3707,0.6694,0.0103,True,False,0.0,2680,0.45,0.3421,0.3833,0.3421,0.3833,0.3421,0.3833
4306106,Cruz Alta - RS,43,1.5,0.4866,0.5103,0.4718,0.8623,0.0063,True,False,0.0,58558,0.53,0.5221,0.5443,0.4866,0.5103,0.4736,0.4979
4306130,Cruzaltense - RS,43,1.5,0.4562,0.4861,0.3859,0.7132,0.0131,True,False,0.0,1634,0.45,0.5349,0.5611,0.4562,0.4861,0.4236,0.4551
4306205,Cruzeiro do Sul - RS,43,1.5,0.3295,0.3718,0.3644,0.6129,0.0071,True,False,0.0,11477,0.41,0.3394,0.3811,0.3295,0.3718,0.3261,0.3687
4306304,David Canabarro - RS,43,1.5,0.4002,0.4358,0.434,0.7147,0.013,True,False,0.0,4317,0.44,0.4002,0.4358,0.4002,0.4358,0.4002,0.4358
4306320,Derrubadas - RS,43,1.5,0.5168,0.5422,0.4599,0.8487,0.0206,True,False,0.0,2753,0.55,0.5661,0.5892,0.5168,0.5422,0.4978,0.524
4306353,Dezesseis de Novembro - RS,43,1.5,0.4579,0.485,0.482,0.9071,0.013,True,False,0.0,2507,0.48,0.4579,0.485,0.4579,0.485,0.4579,0.485
4306379,Dilermando de Aguiar - RS,43,1.5,0.4039,0.4325,0.4407,0.8047,0.0101,True,True,0.0,2807,0.58,0.4039,0.4325,0.4039,0.4325,0.4039,0.4325
4306403,Dois Irmãos - RS,43,1.5,0.3885,0.4218,0.3971,0.7273,0.0168,True,False,0.0,30595,0.38,0.4204,0.452,0.3885,0.4218,0.3771,0.4109
4306429,Dois Irmãos das Missões - RS,43,1.5,0.4179,0.4497,0.4463,0.8081,0.0009,True,False,0.0,2091,0.5,0.4179,0.4497,0.4179,0.4497,0.4179,0.4497
4306452,Dois Lajeados - RS,43,1.5,0.4396,0.4671,0.4454,0.7861,0.0179,True,False,0.0,3086,0.34,0.4396,0.4671,0.4396,0.4671,0.4396,0.4671
4306502,Dom Feliciano - RS,43,1.5,0.4528,0.4824,0.4839,0.8595,0.0115,True,True,0.0,13005,0.48,0.4528,0.4824,0.4528,0.4824,0.4528,0.4824
4306551,Dom Pedro de Alcântara - RS,43,1.5,0.2994,0.346,0.3331,0.6037,0.0064,True,False,0.0,2548,0.43,0.2994,0.346,0.2994,0.346,0.2994,0.346
4306601,Dom Pedrito - RS,43,1.5,0.4379,0.4671,0.4506,0.8185,0.0124,True,False,0.0,36543,0.54,0.4379,0.4671,0.4379,0.4671,0.4379,0.4671
4306700,Dona Francisca - RS,43,1.5,0.3916,0.429,0.421,0.7272,0.0258,True,False,0.0,3078,0.46,0.3916,0.429,0.3916,0.429,0.3916,0.429
4306734,Doutor Maurício Cardoso - RS,43,1.5,0.4804,0.5099,0.4349,0.7636,0.0229,True,False,0.0,4439,0.47,0.544,0.5703,0.4804,0.5099,0.4551,0.4858
4306759,Doutor Ricardo - RS,43,1.5,0.3607,0.396,0.3815,0.6857,0.0099,True,False,0.0,1887,0.38,0.3607,0.396,0.3607,0.396,0.3607,0.396
4306767,Eldorado do Sul - RS,43,1.5,0.4758,0.5028,0.4821,0.8453,0.005,True,False,0.0,39422,0.46,0.4945,0.5206,0.4758,0.5028,0.4692,0.4966
4306809,Encantado - RS,43,1.5,0.3594,0.3948,0.3687,0.6738,0.0131,True,False,0.0,22793,0.42,0.3594,0.3948,0.3594,0.3948,0.3594,0.3948
4306908,Encruzilhada do Sul - RS,43,1.5,0.4173,0.4513,0.4347,0.7778,0.0109,True,False,0.0,23699,0.52,0.4173,0.4513,0.4173,0.4513,0.4173,0.4513
4306924,Engenho Velho - RS,43,1.5,0.5335,0.5569,0.4889,0.9259,0.0103,True,False,0.0,1297,0.55,0.5842,0.6054,0.5335,0.5569,0.5137,0.5381
4306932,Entre-Ijuís - RS,43,1.5,0.3901,0.4242,0.4236,0.7409,0.0157,True,False,0.0,9137,0.47,0.3901,0.4242,0.3901,0.4242,0.3901,0.4242
4306957,Entre Rios do Sul - RS,43,1.5,0.3716,0.4104,0.3976,0.721,0.0127,True,False,0.0,2673,0.45,0.3716,0.4104,0.3716,0.4104,0.3716,0.4104
4306973,Erebango - RS,43,1.5,0.4746,0.5032,0.481,0.8524,0.0132,True,False,0.0,3040,0.47,0.4992,0.5265,0.4746,0.5032,0.4659,0.4949
4307005,Erechim - RS,43,1.5,0.4355,0.4631,0.4242,0.7602,0.0105,True,False,0.0,104970,0.48,0.4705,0.4966,0.4355,0.4631,0.4227,0.451
4307054,Ernestina - RS,43,1.5,0.4161,0.4505,0.3984,0.7172,0.0139,True,False,0.0,3031,0.43,0.4447,0.4776,0.4161,0.4505,0.4058,0.4409
4307104,Herval - RS,43,1.5,0.3981,0.4371,0.4154,0.7241,0.0163,True,False,0.0,6173,0.68,0.3981,0.4371,0.3981,0.4371,0.3981,0.4371
4307203,Erval Grande - RS,43,1.5,0.3665,0.4053,0.3958,0.6865,0.0151,True,False,0.0,4926,0.5,0.3665,0.4053,0.3665,0.4053,0.3665,0.4053
4307302,Erval Seco - RS,43,1.5,0.4881,0.5174,0.4937,0.8683,0.0164,True,False,0.0,6767,0.52,0.5172,0.5449,0.4881,0.5174,0.4776,0.5075
4307401,Esmeralda - RS,43,1.5,0.4849,0.513,0.4849,0.837,0.0093,True,False,0.0,3195,0.45,0.5159,0.5424,0.4849,0.513,0.4736,0.5023
4307450,Esperança do Sul - RS,43,1.5,0.3977,0.4361,0.3988,0.7023,0.0161,True,False,0.0,3226,0.43,0.4336,0.4698,0.3977,0.4361,0.3847,0.4239
4307500,Espumoso - RS,43,1.5,0.4625,0.4895,0.4461,0.8111,0.0089,True,False,0.0,15014,0.49,0.496,0.5214,0.4625,0.4895,0.4504,0.4779
4307559,Estação - RS,43,1.5,0.355,0.3912,0.3823,0.6856,0.0041,True,False,0.0,5580,0.46,0.355,0.3912,0.355,0.3912,0.355,0.3912
4307609,Estância Velha - RS,43,1.5,0.3907,0.4226,0.4131,0.7226,0.0098,True,False,0.0,47817,0.42,0.3907,0.4226,0.3907,0.4226,0.3907,0.4226
4307708,Esteio - RS,43,1.5,0.4464,0.4726,0.4758,0.8448,0.0058,True,True,0.0,75933,0.48,0.4495,0.4755,0.4464,0.4726,0.4454,0.4716
4307807,Estrela - RS,43,1.5,0.3655,0.3992,0.4106,0.7062,0.0108,True,True,0.0,32073,0.42,0.3655,0.3992,0.3655,0.3992,0.3655,0.3992
4307815,Estrela Velha - RS,43,1.5,0.4031,0.4351,0.4368,0.8129,0.0127,True,True,0.0,3063,0.49,0.4031,0.4351,0.4031,0.4351,0.4031,0.4351
4307831,Eugênio de Castro - RS,43,1.5,0.5439,0.5672,0.5071,0.8826,0.019,True,False,0.0,2610,0.5,0.5883,0.6095,0.5439,0.5672,0.527,0.551
4307864,Fagundes Varela - RS,43,1.5,0.3299,0.3698,0.343,0.618,0.0136,True,False,0.0,2564,0.35,0.3299,0.3698,0.3299,0.3698,0.3299,0.3698
4307906,Farroupilha - RS,43,1.5,0.366,0.3994,0.3994,0.6934,0.0087,True,True,0.0,70162,0.43,0.3759,0.4087,0.366,0.3994,0.3626,0.3962
4308003,Faxinal do Soturno - RS,43,1.5,0.437,0.4656,0.4212,0.7794,0.0106,True,False,0.0,6702,0.47,0.4656,0.4928,0.437,0.4656,0.4267,0.4559
4308052,Faxinalzinho - RS,43,1.5,0.4965,0.5196,0.4897,0.9003,0.0112,True,False,0.0,2515,0.43,0.5247,0.5466,0.4965,0.5196,0.4864,0.5099
4308078,Fazenda Vilanova - RS,43,1.5,0.3303,0.3747,0.3545,0.621,0.0181,True,False,0.0,4271,0.44,0.3303,0.3747,0.3303,0.3747,0.3303,0.3747
4308102,Feliz - RS,43,1.5,0.3794,0.4116,0.3647,0.666,0.0099,True,False,0.0,13725,0.37,0.4196,0.4499,0.3794,0.4116,0.3647,0.3977
4308201,Flores da Cunha - RS,43,1.5,0.3924,0.4216,0.4115,0.7184,0.007,True,False,0.0,30848,0.44,0.412,0.4403,0.3924,0.4216,0.3856,0.4151
4308250,Floriano Peixoto - RS,43,1.5,0.3757,0.4145,0.431,0.6807,0.0144,True,True,0.0,1665,0.44,0.3757,0.4145,0.3757,0.4145,0.3757,0.4145
4308300,Fontoura Xavier - RS,43,1.5,0.438,0.4713,0.4225,0.7627,0.0119,True,False,0.0,9547,0.53,0.4737,0.5049,0.438,0.4713,0.425,0.4591
4308409,Formigueiro - RS,43,1.5,0.4086,0.4434,0.435,0.775,0.0124,True,False,0.0,6302,0.51,0.4086,0.4434,0.4086,0.4434,0.4086,0.4434
4308433,Forquetinha - RS,43,1.5,0.3461,0.3873,0.3679,0.6353,0.0135,True,False,0.0,2389,0.38,0.3461,0.3873,0.3461,0.3873,0.3461,0.3873
4308458,Fortaleza dos Valos - RS,43,1.5,0.4906,0.5152,0.4448,0.7986,0.0103,True,False,0.0,4455,0.62,0.5437,0.566,0.4906,0.5152,0.47,0.4955
4308508,Frederico Westphalen - RS,43,1.5,0.4672,0.4946,0.4397,0.7929,0.013,True,False,0.0,32365,0.47,0.5121,0.5374,0.4672,0.4946,0.4503,0.4785
4308607,Garibaldi - RS,43,1.5,0.3609,0.3921,0.386,0.6953,0.0106,True,False,0.0,34266,0.51,0.3609,0.3921,0.3609,0.3921,0.3609,0.3921
4308656,Garruchos - RS,43,1.5,0.4289,0.464,0.434,0.7759,0.0269,True,False,0.0,2682,0.52,0.4289,0.464,0.4289,0.464,0.4289,0.464
4308706,Gaurama - RS,43,1.5,0.4821,0.5068,0.4228,0.7742,0.0125,True,False,0.0,5596,0.43,0.5424,0.5647,0.4821,0.5068,0.4583,0.4839
4308805,General Câmara - RS,43,1.5,0.4576,0.4863,0.4726,0.8403,0.0095,True,False,0.0,7607,0.49,0.4839,0.5112,0.4576,0.4863,0.4483,0.4774
4308854,Gentil - RS,43,1.5,0.5535,0.5722,0.514,0.9482,0.0143,True,False,0.0,1745,0.43,0.6022,0.6193,0.5535,0.5722,0.5346,0.5538
4308904,Getúlio Vargas - RS,43,1.5,0.4401,0.4686,0.4032,0.7308,0.0066,True,False,0.0,16428,0.45,0.4997,0.5255,0.4401,0.4686,0.417,0.4465
4309001,Giruá - RS,43,1.5,0.3867,0.4216,0.4018,0.7062,0.007,True,False,0.0,15915,0.53,0.3953,0.4298,0.3867,0.4216,0.3837,0.4188
4309050,Glorinha - RS,43,1.5,0.426,0.4598,0.4332,0.7891,0.0125,True,False,0.0,7633,0.41,0.4491,0.4816,0.426,0.4598,0.4179,0.4521
4309100,Gramado - RS,43,1.5,0.4626,0.4882,0.4181,0.7725,0.0131,True,False,0.0,40027,0.48,0.5145,0.538,0.4626,0.4882,0.4427,0.4691
4309126,Gramado dos Loureiros - RS,43,1.5,0.3906,0.4303,0.4581,0.7053,0.0132,True,True,0.0,2014,0.5,0.3906,0.4303,0.3906,0.4303,0.3906,0.4303
4309159,Gramado Xavier - RS,43,1.5,0.3919,0.4312,0.4373,0.7171,0.0153,True,True,0.0,3303,0.54,0.3919,0.4312,0.3919,0.4312,0.3919,0.4312
4309209,Gravataí - RS,43,1.5,0.4243,0.4561,0.4573,0.7998,0.0117,True,True,0.0,264225,0.44,0.4375,0.4686,0.4243,0.4561,0.4198,0.4519
4309258,Guabiju - RS,43,1.5,0.4101,0.4467,0.39,0.6626,0.028,True,False,0.0,1417,0.55,0.4452,0.4797,0.4101,0.4467,0.3974,0.4347
4309308,Guaíba - RS,43,1.5,0.455,0.4831,0.4762,0.8308,0.0066,True,False,0.0,92667,0.47,0.4704,0.4977,0.455,0.4831,0.4496,0.478
4309407,Guaporé - RS,43,1.5,0.3698,0.4072,0.4035,0.6821,0.0219,True,False,0.0,25112,0.42,0.3698,0.4072,0.3698,0.4072,0.3698,0.4072
4309506,Guarani das Missões - RS,43,1.5,0.4305,0.4603,0.4232,0.7841,0.0099,True,False,0.0,7309,0.42,0.4501,0.4789,0.4305,0.4603,0.4237,0.4538
4309555,Harmonia - RS,43,1.5,0.3014,0.3442,0.3209,0.5644,0.0092,True,False,0.0,5377,0.36,0.3014,0.3442,0.3014,0.3442,0.3014,0.3442
4309571,Herveiras - RS,43,1.5,0.3899,0.4242,0.4071,0.7533,0.0078,True,False,0.0,2548,0.41,0.3899,0.4242,0.3899,0.4242,0.3899,0.4242
4309605,Horizontina - RS,43,1.5,0.3975,0.4295,0.414,0.73,0.0134,True,False,0.0,18771,0.49,0.4139,0.445,0.3975,0.4295,0.3919,0.4241
4309654,Hulha Negra - RS,43,1.5,0.49,0.5205,0.4882,0.8277,0.0179,True,False,0.0,5961,0.54,0.5352,0.5631,0.49,0.5205,0.4729,0.5044
4309704,Humaitá - RS,43,1.5,0.4284,0.4601,0.4415,0.7854,0.0177,True,False,0.0,4679,0.42,0.4284,0.4601,0.4284,0.4601,0.4284,0.4601
4309753,Ibarama - RS,43,1.5,0.4807,0.5061,0.5209,0.8905,0.0178,True,True,0.0,3727,0.43,0.4807,0.5061,0.4807,0.5061,0.4807,0.5061
4309803,Ibiaçá - RS,43,1.5,0.5183,0.544,0.4707,0.778,0.021,True,False,0.0,4406,0.43,0.5861,0.6087,0.5183,0.544,0.4904,0.5174
4309902,Ibiraiaras - RS,43,1.5,0.473,0.4958,0.4612,0.8623,0.0072,True,False,0.0,6776,0.44,0.5211,0.5422,0.473,0.4958,0.4547,0.4782
4309951,Ibirapuitã - RS,43,1.5,0.4445,0.4759,0.4166,0.7462,0.0124,True,False,0.0,3723,0.52,0.4844,0.5137,0.4445,0.4759,0.4298,0.462
4310009,Ibirubá - RS,43,1.5,0.5268,0.5504,0.4307,0.7786,0.0173,True,False,0.0,21485,0.49,0.6134,0.6342,0.5268,0.5504,0.4884,0.5132
4310108,Igrejinha - RS,43,1.5,0.3966,0.43,0.4155,0.7237,0.0068,True,False,0.0,32684,0.44,0.4163,0.4486,0.3966,0.43,0.3898,0.4235
4310207,Ijuí - RS,43,1.5,0.4785,0.5035,0.4684,0.8402,0.0113,True,False,0.0,83862,0.57,0.5097,0.5333,0.4785,0.5035,0.4672,0.4927
4310306,Ilópolis - RS,43,1.5,0.4694,0.5002,0.4028,0.7277,0.0134,True,False,0.0,4124,0.48,0.5474,0.5744,0.4694,0.5002,0.4369,0.4694
4310330,Imbé - RS,43,1.5,0.436,0.463,0.4671,0.8216,0.0069,True,True,0.0,26803,0.68,0.436,0.463,0.436,0.463,0.436,0.463
4310363,Imigrante - RS,43,1.5,0.3594,0.3917,0.3588,0.6574,0.0126,True,False,0.0,3069,0.35,0.3776,0.4091,0.3594,0.3917,0.353,0.3857
4310405,Independência - RS,43,1.5,0.4196,0.4506,0.4121,0.7629,0.0119,True,False,0.0,6428,0.48,0.43,0.4605,0.4196,0.4506,0.416,0.4473
4310413,Inhacorá - RS,43,1.5,0.3661,0.4056,0.4015,0.7153,0.013,True,False,0.0,2013,0.43,0.3661,0.4056,0.3661,0.4056,0.3661,0.4056
4310439,Ipê - RS,43,1.5,0.3228,0.3662,0.3358,0.6034,0.0065,True,False,0.0,5388,0.45,0.3426,0.3848,0.3228,0.3662,0.3159,0.3598
4310462,Ipiranga do Sul - RS,43,1.5,0.5218,0.5423,0.4534,0.8444,0.0154,True,False,0.0,1717,0.48,0.5893,0.6078,0.5218,0.5423,0.494,0.5153
4310504,Iraí - RS,43,1.5,0.4931,0.5191,0.4697,0.8714,0.0137,True,False,0.0,7346,0.54,0.5178,0.5425,0.4931,0.5191,0.4843,0.5107
4310538,Itaara - RS,43,1.5,0.5306,0.5516,0.4865,0.9085,0.0106,True,False,0.0,5542,0.61,0.5771,0.5963,0.5306,0.5516,0.5128,0.5345
4310553,Itacurubi - RS,43,1.5,0.3891,0.4272,0.4246,0.7507,0.0176,True,False,0.0,2991,0.61,0.3891,0.4272,0.3891,0.4272,0.3891,0.4272
4310579,Itapuca - RS,43,1.5,0.4305,0.4611,0.4212,0.7851,0.0218,True,False,0.0,1935,0.4,0.4305,0.4611,0.4305,0.4611,0.4305,0.4611
4310603,Itaqui - RS,43,1.5,0.4565,0.4843,0.472,0.8327,0.0066,True,False,0.0,35500,0.51,0.4635,0.4909,0.4565,0.4843,0.4542,0.4821
4310652,Itati - RS,43,1.5,0.3243,0.3669,0.347,0.6339,0.0069,True,False,0.0,2622,0.47,0.3243,0.3669,0.3243,0.3669,0.3243,0.3669
4310702,Itatiba do Sul - RS,43,1.5,0.4016,0.4378,0.4366,0.7251,0.0251,True,False,0.0,3174,0.49,0.4016,0.4378,0.4016,0.4378,0.4016,0.4378
4310751,Ivorá - RS,43,1.5,0.4537,0.4831,0.4187,0.78,0.0114,True,False,0.0,1915,0.44,0.4995,0.5267,0.4537,0.4831,0.4365,0.4667
4310801,Ivoti - RS,43,1.5,0.3963,0.4273,0.4127,0.7171,0.0132,True,False,0.0,22839,0.44,0.4036,0.4342,0.3963,0.4273,0.3939,0.425
4310850,Jaboticaba - RS,43,1.5,0.453,0.4836,0.4853,0.785,0.0186,True,True,0.0,3772,0.53,0.453,0.4836,0.453,0.4836,0.453,0.4836
4310876,Jacuizinho - RS,43,1.5,0.4194,0.4528,0.4577,0.8422,0.0139,True,True,0.0,2041,0.72,0.4194,0.4528,0.4194,0.4528,0.4194,0.4528
4310900,Jacutinga - RS,43,1.5,0.4015,0.4328,0.3954,0.7167,0.007,True,False,0.0,3312,0.39,0.4266,0.4567,0.4015,0.4328,0.3926,0.4244
4311007,Jaguarão - RS,43,1.5,0.481,0.5083,0.4649,0.8423,0.0076,True,False,0.0,26411,0.49,0.5155,0.5411,0.481,0.5083,0.4684,0.4964
4311106,Jaguari - RS,43,1.5,0.4641,0.4923,0.4456,0.7869,0.0157,True,False,0.0,10464,0.51,0.4992,0.5257,0.4641,0.4923,0.4513,0.4802
4311122,Jaquirana - RS,43,1.5,0.37,0.4083,0.4077,0.7573,0.0151,True,False,0.0,3687,0.43,0.37,0.4083,0.37,0.4083,0.37,0.4083
4311130,Jari - RS,43,1.5,0.4753,0.505,0.5266,0.8147,0.0187,True,True,0.0,3347,0.56,0.4753,0.505,0.4753,0.505,0.4753,0.505
4311155,Jóia - RS,43,1.5,0.5944,0.6173,0.5118,0.9188,0.0247,True,False,0.0,7168,0.53,0.6723,0.6921,0.5944,0.6173,0.5592,0.5836
4311205,Júlio de Castilhos - RS,43,1.5,0.5416,0.5649,0.5032,0.885,0.0091,True,False,0.0,18071,0.59,0.5993,0.62,0.5416,0.5649,0.5185,0.5428
4311239,Lagoa Bonita do Sul - RS,43,1.5,0.4088,0.4423,0.4537,0.7719,0.009,True,True,0.0,2248,0.43,0.4088,0.4423,0.4088,0.4423,0.4088,0.4423
4311254,Lagoão - RS,43,1.5,0.4125,0.4485,0.4099,0.7198,0.0084,True,False,0.0,5341,0.43,0.4474,0.4813,0.4125,0.4485,0.3998,0.4366
4311270,Lagoa dos Três Cantos - RS,43,1.5,0.4425,0.473,0.363,0.6673,0.018,True,False,0.0,1729,0.43,0.5209,0.5478,0.4425,0.473,0.4103,0.4423
4311304,Lagoa Vermelha - RS,43,1.5,0.4706,0.4986,0.4644,0.8143,0.0105,True,False,0.0,27411,0.5,0.5036,0.53,0.4706,0.4986,0.4586,0.4872
4311403,Lajeado - RS,43,1.5,0.4433,0.4693,0.4454,0.7707,0.0083,True,False,0.0,92869,0.46,0.4726,0.4973,0.4433,0.4693,0.4328,0.4592
4311429,Lajeado do Bugre - RS,43,1.5,0.4039,0.4423,0.4154,0.7497,0.0156,True,False,0.0,2603,0.49,0.4039,0.4423,0.4039,0.4423,0.4039,0.4423
4311502,Lavras do Sul - RS,43,1.5,0.473,0.501,0.478,0.8509,0.0135,True,False,0.0,7070,0.5,0.473,0.501,0.473,0.501,0.473,0.501
4311601,Liberato Salzano - RS,43,1.5,0.5139,0.5378,0.4978,0.8652,0.0074,True,False,0.0,4780,0.43,0.5634,0.5851,0.5139,0.5378,0.4948,0.5196
4311627,Lindolfo Collor - RS,43,1.5,0.2859,0.335,0.3326,0.5757,0.0077,True,False,0.0,6237,0.37,0.2859,0.335,0.2859,0.335,0.2859,0.335
4311643,Linha Nova - RS,43,1.5,0.3814,0.4213,0.3797,0.6888,0.0225,True,False,0.0,1681,0.36,0.4303,0.4672,0.3814,0.4213,0.3632,0.4042
4311700,Machadinho - RS,43,1.5,0.4179,0.4506,0.4278,0.7361,0.0179,True,False,0.0,5736,0.5,0.4179,0.4506,0.4179,0.4506,0.4179,0.4506
4311718,Maçambará - RS,43,1.5,0.4364,0.473,0.3876,0.6803,0.0129,True,False,0.0,4424,0.5,0.5036,0.5361,0.4364,0.473,0.4097,0.4479
4311734,Mampituba - RS,43,1.5,0.3071,0.3516,0.3509,0.6077,0.0089,True,False,0.0,3119,0.46,0.3071,0.3516,0.3071,0.3516,0.3071,0.3516
4311759,Manoel Viana - RS,43,1.5,0.4572,0.4879,0.433,0.7842,0.0105,True,False,0.0,6780,0.52,0.4959,0.5245,0.4572,0.4879,0.443,0.4744
4311775,Maquiné - RS,43,1.5,0.4249,0.4604,0.41,0.7482,0.0157,True,False,0.0,7409,0.43,0.4562,0.4899,0.4249,0.4604,0.4136,0.4498
4311791,Maratá - RS,43,1.5,0.3085,0.3527,0.3375,0.6025,0.0153,True,False,0.0,2458,0.34,0.3085,0.3527,0.3085,0.3527,0.3085,0.3527
4311809,Marau - RS,43,1.5,0.4124,0.4432,0.4005,0.7181,0.0097,True,False,0.0,45001,0.44,0.4487,0.4777,0.4124,0.4432,0.3992,0.4306
4311908,Marcelino Ramos - RS,43,1.5,0.454,0.4817,0.4397,0.8122,0.011,True,False,0.0,4305,0.47,0.4871,0.5132,0.454,0.4817,0.442,0.4703
4311981,Mariana Pimentel - RS,43,1.5,0.3913,0.4283,0.3984,0.7365,0.0084,True,False,0.0,3916,0.46,0.3913,0.4283,0.3913,0.4283,0.3913,0.4283
4312005,Mariano Moro - RS,43,1.5,0.4423,0.4709,0.4341,0.7515,0.0105,True,False,0.0,1852,0.47,0.4709,0.4981,0.4423,0.4709,0.4321,0.4611
4312054,Marques de Souza - RS,43,1.5,0.3973,0.433,0.3806,0.6714,0.014,True,False,0.0,3970,0.42,0.4462,0.4792,0.3973,0.433,0.379,0.4158
4312104,Mata - RS,43,1.5,0.4357,0.468,0.441,0.805,0.0172,True,False,0.0,4670,0.46,0.4357,0.468,0.4357,0.468,0.4357,0.468
4312138,Mato Castelhano - RS,43,1.5,0.3679,0.4078,0.3882,0.6955,0.0151,True,False,0.0,2453,0.56,0.3679,0.4078,0.3679,0.4078,0.3679,0.4078
4312153,Mato Leitão - RS,43,1.5,0.3288,0.3716,0.3655,0.6624,0.016,True,False,0.0,4841,0.36,0.3288,0.3716,0.3288,0.3716,0.3288,0.3716
4312179,Mato Queimado - RS,43,1.5,0.3941,0.4321,0.4391,0.7418,0.0236,True,True,0.0,1786,0.43,0.3941,0.4321,0.3941,0.4321,0.3941,0.4321
4312203,Maximiliano de Almeida - RS,43,1.5,0.4243,0.4565,0.4412,0.7694,0.0151,True,False,0.0,4187,0.44,0.4243,0.4565,0.4243,0.4565,0.4243,0.4565
4312252,Minas do Leão - RS,43,1.5,0.3939,0.4328,0.4498,0.7529,0.02,True,True,0.0,7504,0.62,0.3939,0.4328,0.3939,0.4328,0.3939,0.4328
4312302,Miraguaí - RS,43,1.5,0.5127,0.5414,0.5384,0.7566,0.0253,True,False,0.0,4426,0.66,0.5447,0.5716,0.5127,0.5414,0.501,0.5303
4312351,Montauri - RS,43,1.5,0.4033,0.4288,0.3953,0.7238,0.0039,True,False,0.0,1491,0.35,0.4321,0.4565,0.4033,0.4288,0.3931,0.419
4312377,Monte Alegre dos Campos - RS,43,1.5,0.4203,0.4555,0.4619,0.7346,0.014,True,True,0.0,3176,0.55,0.4203,0.4555,0.4203,0.4555,0.4203,0.4555
4312385,Monte Belo do Sul - RS,43,1.5,0.3603,0.3923,0.4124,0.6796,0.016,True,True,0.0,2551,0.33,0.3603,0.3923,0.3603,0.3923,0.3603,0.3923
4312401,Montenegro - RS,43,1.5,0.4506,0.4789,0.4588,0.8022,0.0074,True,False,0.0,63908,0.5,0.4744,0.5015,0.4506,0.4789,0.4422,0.4709
4312427,Mormaço - RS,43,1.5,0.4512,0.481,0.4854,0.7853,0.0078,True,True,0.0,2752,0.57,0.4512,0.481,0.4512,0.481,0.4512,0.481
4312443,Morrinhos do Sul - RS,43,1.5,0.3933,0.4267,0.4329,0.7393,0.0075,True,True,0.0,3069,0.47,0.3933,0.4267,0.3933,0.4267,0.3933,0.4267
4312450,Morro Redondo - RS,43,1.5,0.3795,0.417,0.4133,0.714,0.0138,True,False,0.0,6036,0.51,0.3795,0.417,0.3795,0.417,0.3795,0.417
4312476,Morro Reuter - RS,43,1.5,0.2819,0.3301,0.3221,0.5712,0.0144,True,False,0.0,6024,0.32,0.2819,0.3301,0.2819,0.3301,0.2819,0.3301
4312500,Mostardas - RS,43,1.5,0.4175,0.4547,0.4263,0.7065,0.0118,True,False,0.0,12083,0.55,0.4422,0.4779,0.4175,0.4547,0.4087,0.4465
4312609,Muçum - RS,43,1.5,0.354,0.3869,0.3804,0.6978,0.0082,True,False,0.0,4568,0.39,0.354,0.3869,0.354,0.3869,0.354,0.3869
4312617,Muitos Capões - RS,43,1.5,0.4183,0.4515,0.4117,0.7613,0.0117,True,False,0.0,2870,0.5,0.4479,0.4795,0.4183,0.4515,0.4077,0.4415
4312625,Muliterno - RS,43,1.5,0.5387,0.5594,0.5288,0.9699,0.0207,True,False,0.0,1711,0.51,0.5387,0.5594,0.5387,0.5594,0.5387,0.5594
4312658,Não-Me-Toque - RS,43,1.5,0.3582,0.3909,0.3713,0.6704,0.0037,True,False,0.0,17770,0.5,0.37,0.4021,0.3582,0.3909,0.3542,0.3871
4312674,Nicolau Vergueiro - RS,43,1.5,0.5311,0.5519,0.4623,0.8582,0.0193,True,False,0.0,1918,0.52,0.5832,0.6022,0.5311,0.5519,0.5106,0.5322
4312708,Nonoai - RS,43,1.5,0.4834,0.5094,0.4932,0.8925,0.0084,True,False,0.0,13695,0.5,0.4969,0.5223,0.4834,0.5094,0.4787,0.505
4312757,Nova Alvorada - RS,43,1.5,0.4517,0.4777,0.3961,0.7336,0.0152,True,False,0.0,3164,0.46,0.5116,0.5352,0.4517,0.4777,0.4283,0.4552
4312807,Nova Araçá - RS,43,1.5,0.3585,0.3932,0.3753,0.6704,0.0138,True,False,0.0,4947,0.45,0.3585,0.3932,0.3585,0.3932,0.3585,0.3932
4312906,Nova Bassano - RS,43,1.5,0.3461,0.3864,0.3632,0.6625,0.0195,True,False,0.0,9611,0.37,0.3691,0.4081,0.3461,0.3864,0.338,0.3788
4312955,Nova Boa Vista - RS,43,1.5,0.37,0.4042,0.3625,0.6614,0.0209,True,False,0.0,2043,0.4,0.37,0.4042,0.37,0.4042,0.37,0.4042
4313003,Nova Bréscia - RS,43,1.5,0.4279,0.4555,0.4344,0.7976,0.0195,True,False,0.0,3042,0.58,0.4279,0.4555,0.4279,0.4555,0.4279,0.4555
4313011,Nova Candelária - RS,43,1.5,0.4509,0.4758,0.4373,0.7535,0.0146,True,False,0.0,3058,0.41,0.4752,0.499,0.4509,0.4758,0.4423,0.4676
4313037,Nova Esperança do Sul - RS,43,1.5,0.3395,0.3806,0.3516,0.638,0.0193,True,False,0.0,4865,0.45,0.3395,0.3806,0.3395,0.3806,0.3395,0.3806
4313060,Nova Hartz - RS,43,1.5,0.2926,0.3415,0.3358,0.6031,0.0117,True,False,0.0,20029,0.34,0.2926,0.3415,0.2926,0.3415,0.2926,0.3415
4313086,Nova Pádua - RS,43,1.5,0.3312,0.3652,0.3628,0.6308,0.0039,True,False,0.0,2340,0.32,0.3312,0.3652,0.3312,0.3652,0.3312,0.3652
4313102,Nova Palma - RS,43,1.5,0.4135,0.4451,0.4155,0.7586,0.0087,True,False,0.0,5581,0.53,0.4337,0.4643,0.4135,0.4451,0.4064,0.4384
4313201,Nova Petrópolis - RS,43,1.5,0.3614,0.3959,0.3756,0.6764,0.0112,True,False,0.0,23119,0.44,0.3614,0.3959,0.3614,0.3959,0.3614,0.3959
4313300,Nova Prata - RS,43,1.5,0.3839,0.4183,0.3927,0.6959,0.0108,True,False,0.0,25558,0.43,0.4081,0.4412,0.3839,0.4183,0.3753,0.4102
4313334,Nova Ramada - RS,43,1.5,0.5945,0.6118,0.5113,0.9439,0.0168,True,False,0.0,2160,0.5,0.6747,0.6907,0.5945,0.6118,0.5577,0.5758
4313359,Nova Roma do Sul - RS,43,1.5,0.4237,0.4546,0.3886,0.7136,0.0136,True,False,0.0,3447,0.44,0.4741,0.5025,0.4237,0.4546,0.4047,0.4365
4313375,Nova Santa Rita - RS,43,1.5,0.4107,0.4441,0.4533,0.7744,0.01,True,True,0.0,28993,0.43,0.4107,0.4441,0.4107,0.4441,0.4107,0.4441
4313391,Novo Cabrais - RS,43,1.5,0.3665,0.4026,0.396,0.7148,0.0152,True,False,0.0,3560,0.42,0.3665,0.4026,0.3665,0.4026,0.3665,0.4026
4313409,Novo Hamburgo - RS,43,1.5,0.4858,0.5109,0.4675,0.8339,0.0114,True,False,0.0,226463,0.53,0.5223,0.5458,0.4858,0.5109,0.4724,0.4981
4313425,Novo Machado - RS,43,1.5,0.424,0.457,0.4773,0.7479,0.017,True,True,0.0,3191,0.41,0.424,0.457,0.424,0.457,0.424,0.457
4313441,Novo Tiradentes - RS,43,1.5,0.5095,0.5376,0.459,0.8372,0.0151,True,False,0.0,2144,0.4,0.5549,0.5805,0.5095,0.5376,0.4923,0.5213
4313466,Novo Xingu - RS,43,1.5,0.4185,0.4493,0.4159,0.758,0.0172,True,False,0.0,1647,0.41,0.4185,0.4493,0.4185,0.4493,0.4185,0.4493
4313490,Novo Barreiro - RS,43,1.5,0.3975,0.436,0.4414,0.7069,0.0233,True,True,0.0,4272,0.62,0.3975,0.436,0.3975,0.436,0.3975,0.436
4313508,Osório - RS,43,1.5,0.4605,0.4878,0.4506,0.816,0.0129,True,False,0.0,45909,0.53,0.4935,0.5192,0.4605,0.4878,0.4485,0.4764
4313607,Paim Filho - RS,43,1.5,0.3965,0.4327,0.4128,0.7483,0.0191,True,False,0.0,3629,0.47,0.3965,0.4327,0.3965,0.4327,0.3965,0.4327
4313656,Palmares do Sul - RS,43,1.5,0.4343,0.4662,0.4524,0.8053,0.0052,True,False,0.0,12824,0.53,0.4485,0.4796,0.4343,0.4662,0.4294,0.4615
4313706,Palmeira das Missões - RS,43,1.5,0.4642,0.4916,0.4752,0.8303,0.0067,True,False,0.0,32956,0.52,0.481,0.5076,0.4642,0.4916,0.4583,0.486
4313805,Palmitinho - RS,43,1.5,0.4267,0.4597,0.4491,0.7612,0.0093,True,False,0.0,7811,0.42,0.4372,0.4696,0.4267,0.4597,0.4232,0.4564
4313904,Panambi - RS,43,1.5,0.372,0.4053,0.3914,0.6905,0.007,True,False,0.0,43387,0.44,0.3815,0.4143,0.372,0.4053,0.3688,0.4022
4313953,Pantano Grande - RS,43,1.5,0.4439,0.4736,0.447,0.8163,0.0114,True,False,0.0,10188,0.47,0.4439,0.4736,0.4439,0.4736,0.4439,0.4736
4314001,Paraí - RS,43,1.5,0.3542,0.3901,0.361,0.6621,0.0146,True,False,0.0,7173,0.47,0.3542,0.3901,0.3542,0.3901,0.3542,0.3901
4314027,Paraíso do Sul - RS,43,1.5,0.4747,0.5075,0.5873,0.7202,0.0131,True,True,0.0,6453,0.37,0.4747,0.5075,0.4747,0.5075,0.4747,0.5075
4314035,Pareci Novo - RS,43,1.5,0.3664,0.4037,0.4044,0.6651,0.0101,True,True,0.0,4303,0.4,0.3664,0.4037,0.3664,0.4037,0.3664,0.4037
4314050,Parobé - RS,43,1.5,0.3377,0.3801,0.3735,0.6666,0.0118,True,False,0.0,51839,0.37,0.3377,0.3801,0.3377,0.3801,0.3377,0.3801
4314068,Passa Sete - RS,43,1.5,0.4389,0.4696,0.4745,0.8227,0.0197,True,True,0.0,3950,0.45,0.4389,0.4696,0.4389,0.4696,0.4389,0.4696
4314076,Passo do Sobrado - RS,43,1.5,0.4161,0.4506,0.4318,0.7533,0.0173,True,False,0.0,5993,0.47,0.4161,0.4506,0.4161,0.4506,0.4161,0.4506
4314100,Passo Fundo - RS,43,1.5,0.4901,0.5134,0.4837,0.8661,0.0083,True,False,0.0,205245,0.52,0.5248,0.5468,0.4901,0.5134,0.4773,0.5012
4314134,Paulo Bento - RS,43,1.5,0.481,0.503,0.4372,0.8162,0.0111,True,False,0.0,2144,0.39,0.5233,0.5437,0.481,0.503,0.4652,0.4877
4314159,Paverama - RS,43,1.5,0.3217,0.3659,0.3601,0.6404,0.0076,True,False,0.0,7924,0.34,0.3217,0.3659,0.3217,0.3659,0.3217,0.3659
4314175,Pedras Altas - RS,43,1.5,0.4111,0.4448,0.3805,0.6961,0.0139,True,False,0.0,2060,0.52,0.4593,0.4903,0.4111,0.4448,0.3931,0.4277
4314209,Pedro Osório - RS,43,1.5,0.4504,0.4807,0.4658,0.8424,0.0121,True,False,0.0,7448,0.48,0.4504,0.4807,0.4504,0.4807,0.4504,0.4807
4314308,Pejuçara - RS,43,1.5,0.3778,0.4118,0.4009,0.6929,0.0161,True,False,0.0,3738,0.44,0.3778,0.4118,0.3778,0.4118,0.3778,0.4118
4314407,Pelotas - RS,43,1.5,0.5116,0.5337,0.5075,0.9163,0.0074,True,False,0.0,323441,0.54,0.5351,0.5562,0.5116,0.5337,0.5032,0.5256
4314423,Picada Café - RS,43,1.5,0.2945,0.3411,0.317,0.5687,0.0186,True,False,0.0,5348,0.32,0.2945,0.3411,0.2945,0.3411,0.2945,0.3411
4314456,Pinhal - RS,43,1.5,0.3797,0.4181,0.4268,0.6727,0.0049,True,True,0.0,2958,0.45,0.3797,0.4181,0.3797,0.4181,0.3797,0.4181
4314464,Pinhal da Serra - RS,43,1.5,0.3783,0.4186,0.4146,0.688,0.0141,True,False,0.0,2241,0.52,0.3783,0.4186,0.3783,0.4186,0.3783,0.4186
4314472,Pinhal Grande - RS,43,1.5,0.5104,0.5329,0.5141,0.9604,0.015,True,False,0.0,3802,0.51,0.5104,0.5329,0.5104,0.5329,0.5104,0.5329
4314498,Pinheirinho do Vale - RS,43,1.5,0.4912,0.5193,0.4389,0.812,0.0187,True,False,0.0,4541,0.57,0.5405,0.5661,0.4912,0.5193,0.4723,0.5014
4314506,Pinheiro Machado - RS,43,1.5,0.4769,0.5064,0.4623,0.7883,0.0144,True,False,0.0,11181,0.48,0.5123,0.5399,0.4769,0.5064,0.4639,0.4941
4314548,Pinto Bandeira - RS,43,1.5,0.3559,0.3869,0.3786,0.6984,0.012,True,False,0.0,2689,,0.3559,0.3869,0.3559,0.3869,0.3559,0.3869
4314555,Pirapó - RS,43,1.5,0.4339,0.465,0.4672,0.8104,0.0175,True,True,0.0,2243,0.46,0.4339,0.465,0.4339,0.465,0.4339,0.465
4314605,Piratini - RS,43,1.5,0.4499,0.4827,0.4653,0.7698,0.0231,True,False,0.0,17494,0.51,0.4798,0.5109,0.4499,0.4827,0.4391,0.4726
4314704,Planalto - RS,43,1.5,0.4827,0.5116,0.4821,0.8273,0.0148,True,False,0.0,10394,0.44,0.5176,0.5447,0.4827,0.5116,0.4699,0.4995
4314753,Poço das Antas - RS,43,1.5,0.3427,0.3805,0.3547,0.6509,0.0117,True,False,0.0,2170,0.38,0.3427,0.3805,0.3427,0.3805,0.3427,0.3805
4314779,Pontão - RS,43,1.5,0.4428,0.4719,0.4566,0.7396,0.0089,True,False,0.0,3296,0.53,0.4836,0.5107,0.4428,0.4719,0.4277,0.4576
4314787,Ponte Preta - RS,43,1.5,0.4861,0.5112,0.4405,0.8103,0.0237,True,False,0.0,1574,0.39,0.5212,0.5447,0.4861,0.5112,0.4732,0.4989
4314803,Portão - RS,43,1.5,0.3691,0.4062,0.4062,0.7183,0.0108,True,True,0.0,33862,0.42,0.3691,0.4062,0.3691,0.4062,0.3691,0.4062
4314902,Porto Alegre - RS,43,1.5,0.5835,0.5994,0.5759,1.0625,0.0056,True,False,0.0,1321863,0.6,0.6343,0.649,0.5835,0.5994,0.5632,0.5796
4315008,Porto Lucena - RS,43,1.5,0.4186,0.4522,0.4083,0.7354,0.0127,True,False,0.0,4343,0.44,0.4568,0.4883,0.4186,0.4522,0.4046,0.439
4315057,Porto Mauá - RS,43,1.5,0.3686,0.4071,0.4065,0.6785,0.0088,True,False,0.0,2135,0.41,0.3686,0.4071,0.3686,0.4071,0.3686,0.4071
4315073,Porto Vera Cruz - RS,43,1.5,0.4779,0.5088,0.5056,0.8531,0.0321,True,False,0.0,1559,0.42,0.4779,0.5088,0.4779,0.5088,0.4779,0.5088
4315107,Porto Xavier - RS,43,1.5,0.4244,0.4543,0.4458,0.8254,0.0071,True,False,0.0,9911,0.47,0.4244,0.4543,0.4244,0.4543,0.4244,0.4543
4315131,Pouso Novo - RS,43,1.5,0.4731,0.5059,0.4156,0.7624,0.0197,True,False,0.0,1735,0.53,0.552,0.5804,0.4731,0.5059,0.4402,0.4748
4315149,Presidente Lucena - RS,43,1.5,0.2677,0.3217,0.3111,0.5637,0.0177,True,False,0.0,3070,0.32,0.2677,0.3217,0.2677,0.3217,0.2677,0.3217
4315156,Progresso - RS,43,1.5,0.3617,0.4001,0.3909,0.7078,0.0139,True,False,0.0,5339,0.4,0.3617,0.4001,0.3617,0.4001,0.3617,0.4001
4315172,Protásio Alves - RS,43,1.5,0.4201,0.4485,0.403,0.737,0.0051,True,False,0.0,2026,0.52,0.4556,0.4824,0.4201,0.4485,0.4072,0.4362
4315206,Putinga - RS,43,1.5,0.4066,0.4393,0.4319,0.7608,0.0105,True,False,0.0,3738,0.42,0.4066,0.4393,0.4066,0.4393,0.4066,0.4393
4315305,Quaraí - RS,43,1.5,0.4571,0.4867,0.4426,0.7788,0.01,True,False,0.0,23313,0.5,0.4896,0.5175,0.4571,0.4867,0.4453,0.4756
4315313,Quatro Irmãos - RS,43,1.5,0.4517,0.4779,0.4282,0.7888,0.0193,True,False,0.0,1552,0.47,0.4773,0.5023,0.4517,0.4779,0.4426,0.4692
4315321,Quevedos - RS,43,1.5,0.5015,0.5325,0.456,0.8039,0.0294,True,False,0.0,2501,0.55,0.5617,0.5893,0.5015,0.5325,0.4775,0.51
4315354,Quinze de Novembro - RS,43,1.5,0.5818,0.6018,0.4792,0.8563,0.0221,True,False,0.0,3903,0.47,0.6596,0.6776,0.5818,0.6018,0.5471,0.5681
4315404,Redentora - RS,43,1.5,0.4403,0.4748,0.4814,0.8142,0.0116,True,True,0.0,9711,0.64,0.4403,0.4748,0.4403,0.4748,0.4403,0.4748
4315453,Relvado - RS,43,1.5,0.2754,0.3241,0.3048,0.5542,0.0055,True,False,0.0,1784,0.44,0.2754,0.3241,0.2754,0.3241,0.2754,0.3241
4315503,Restinga Sêca - RS,43,1.5,0.3801,0.416,0.3949,0.7122,0.0148,True,False,0.0,14847,0.52,0.3801,0.416,0.3801,0.416,0.3801,0.416
4315552,Rio dos Índios - RS,43,1.5,0.4901,0.5162,0.4668,0.8582,0.0113,True,False,0.0,2835,0.49,0.5438,0.5675,0.4901,0.5162,0.4692,0.4963
4315602,Rio Grande - RS,43,1.5,0.4707,0.4972,0.4885,0.8716,0.0058,True,False,0.0,190641,0.51,0.4815,0.5074,0.4707,0.4972,0.467,0.4936
4315701,Rio Pardo - RS,43,1.5,0.4455,0.4746,0.4624,0.8273,0.0096,True,False,0.0,34382,0.48,0.4495,0.4784,0.4455,0.4746,0.4441,0.4733
4315750,Riozinho - RS,43,1.5,0.3111,0.3588,0.3312,0.6032,0.013,True,False,0.0,4409,0.38,0.3111,0.3588,0.3111,0.3588,0.3111,0.3588
4315800,Roca Sales - RS,43,1.5,0.3457,0.3844,0.3677,0.6702,0.0103,True,False,0.0,10351,0.43,0.3457,0.3844,0.3457,0.3844,0.3457,0.3844
4315909,Rodeio Bonito - RS,43,1.5,0.4402,0.4693,0.4302,0.7969,0.0073,True,False,0.0,6648,0.46,0.4728,0.5003,0.4402,0.4693,0.4284,0.4581
4315958,Rolador - RS,43,1.5,0.3502,0.3914,0.3871,0.6627,0.021,True,False,0.0,2291,0.44,0.3502,0.3914,0.3502,0.3914,0.3502,0.3914
4316006,Rolante - RS,43,1.5,0.3467,0.3905,0.3447,0.6093,0.013,True,False,0.0,21213,0.35,0.3827,0.4242,0.3467,0.3905,0.3337,0.3784
4316105,Ronda Alta - RS,43,1.5,0.549,0.5689,0.5098,0.9395,0.0128,True,False,0.0,9713,0.54,0.595,0.6132,0.549,0.5689,0.5312,0.5517
4316204,Rondinha - RS,43,1.5,0.5554,0.5741,0.5058,0.9457,0.0187,True,False,0.0,4977,0.47,0.6043,0.6214,0.5554,0.5741,0.5362,0.5556
4316303,Roque Gonzales - RS,43,1.5,0.4419,0.4697,0.4552,0.8336,0.0066,True,False,0.0,6574,0.5,0.4556,0.4827,0.4419,0.4697,0.4372,0.4652
4316402,Rosário do Sul - RS,43,1.5,0.4891,0.5152,0.4668,0.8397,0.014,True,False,0.0,36364,0.51,0.5252,0.5496,0.4891,0.5152,0.4758,0.5026
4316428,Sagrada Família - RS,43,1.5,0.3784,0.4188,0.4251,0.733,0.0287,True,True,0.0,2479,0.54,0.3784,0.4188,0.3784,0.4188,0.3784,0.4188
4316436,Saldanha Marinho - RS,43,1.5,0.4228,0.4543,0.456,0.8083,0.0179,True,True,0.0,2570,0.43,0.4228,0.4543,0.4228,0.4543,0.4228,0.4543
4316451,Salto do Jacuí - RS,43,1.5,0.4262,0.4566,0.4422,0.7898,0.0171,True,False,0.0,10145,0.48,0.4262,0.4566,0.4262,0.4566,0.4262,0.4566
4316477,Salvador das Missões - RS,43,1.5,0.3548,0.395,0.3705,0.6708,0.0228,True,False,0.0,2871,0.36,0.3548,0.395,0.3548,0.395,0.3548,0.395
4316501,Salvador do Sul - RS,43,1.5,0.3189,0.3635,0.3447,0.6059,0.0155,True,False,0.0,6860,0.38,0.3335,0.3771,0.3189,0.3635,0.3139,0.3588
4316600,Sananduva - RS,43,1.5,0.4184,0.4482,0.4489,0.7367,0.0076,True,True,0.0,16391,0.44,0.4184,0.4482,0.4184,0.4482,0.4184,0.4482
4316709,Santa Bárbara do Sul - RS,43,1.5,0.4616,0.4904,0.4321,0.7694,0.0083,True,False,0.0,8122,0.49,0.5067,0.5332,0.4616,0.4904,0.4447,0.4743
4316733,Santa Cecília do Sul - RS,43,1.5,0.517,0.5416,0.4614,0.846,0.0199,True,False,0.0,1675,0.48,0.5652,0.5877,0.517,0.5416,0.4984,0.5239
4316758,Santa Clara do Sul - RS,43,1.5,0.3212,0.3662,0.3581,0.6397,0.0219,True,False,0.0,6830,0.36,0.3212,0.3662,0.3212,0.3662,0.3212,0.3662
4316808,Santa Cruz do Sul - RS,43,1.5,0.4536,0.4796,0.4775,0.8163,0.0081,True,False,0.0,132186,0.49,0.4684,0.4936,0.4536,0.4796,0.4486,0.4747
4316907,Santa Maria - RS,43,1.5,0.5107,0.5315,0.5089,0.9263,0.0055,True,False,0.0,268615,0.55,0.5367,0.5565,0.5107,0.5315,0.5014,0.5226
4316956,Santa Maria do Herval - RS,43,1.5,0.2928,0.344,0.3017,0.5414,0.01,True,False,0.0,6334,0.3,0.3231,0.3721,0.2928,0.344,0.2821,0.334
4316972,Santa Margarida do Sul - RS,43,1.5,0.4929,0.5189,0.4463,0.8129,0.0182,True,False,0.0,2591,0.54,0.5379,0.5618,0.4929,0.5189,0.4758,0.5026
4317004,Santana da Boa Vista - RS,43,1.5,0.4602,0.4919,0.4668,0.778,0.0127,True,False,0.0,7014,0.52,0.4873,0.5175,0.4602,0.4919,0.4505,0.4828
4317103,Sant'Ana do Livramento - RS,43,1.5,0.4823,0.5077,0.4887,0.8647,0.0082,True,False,0.0,83913,0.54,0.497,0.5218,0.4823,0.5077,0.4772,0.5029
4317202,Santa Rosa - RS,43,1.5,0.4166,0.4465,0.4222,0.7574,0.0092,True,False,0.0,76429,0.47,0.4404,0.4692,0.4166,0.4465,0.4082,0.4386
4317251,Santa Tereza - RS,43,1.5,0.3405,0.3744,0.3265,0.5907,0.0092,True,False,0.0,1501,0.37,0.3883,0.42,0.3405,0.3744,0.3228,0.3577
4317301,Santa Vitória do Palmar - RS,43,1.5,0.4859,0.5136,0.4852,0.8144,0.008,True,False,0.0,30797,0.54,0.5178,0.5438,0.4859,0.5136,0.4744,0.5026
4317400,Santiago - RS,43,1.5,0.4737,0.4975,0.4677,0.8493,0.0081,True,False,0.0,48682,0.51,0.4975,0.5203,0.4737,0.4975,0.4653,0.4895
4317509,Santo Ângelo - RS,43,1.5,0.4759,0.5006,0.4788,0.8754,0.0065,True,False,0.0,76425,0.54,0.493,0.5169,0.4759,0.5006,0.4699,0.4949
4317558,Santo Antônio do Palma - RS,43,1.5,0.4427,0.4723,0.4614,0.7693,0.021,True,False,0.0,2089,0.49,0.4427,0.4723,0.4427,0.4723,0.4427,0.4723
4317608,Santo Antônio da Patrulha - RS,43,1.5,0.4059,0.4416,0.4109,0.7229,0.0129,True,False,0.0,42646,0.44,0.4253,0.4599,0.4059,0.4416,0.3991,0.4353
4317707,Santo Antônio das Missões - RS,43,1.5,0.4598,0.4896,0.4463,0.8181,0.0176,True,False,0.0,10230,0.45,0.4721,0.5013,0.4598,0.4896,0.4555,0.4856
4317756,Santo Antônio do Planalto - RS,43,1.5,0.3636,0.4002,0.3743,0.6778,0.0081,True,False,0.0,2089,0.44,0.3636,0.4002,0.3636,0.4002,0.3636,0.4002
4317806,Santo Augusto - RS,43,1.5,0.47,0.4976,0.4281,0.7859,0.0178,True,False,0.0,13894,0.57,0.5097,0.5353,0.47,0.4976,0.4553,0.4836
4317905,Santo Cristo - RS,43,1.5,0.4871,0.5147,0.4731,0.7785,0.018,True,False,0.0,15272,0.44,0.5293,0.5548,0.4871,0.5147,0.4714,0.4997
4317954,Santo Expedito do Sul - RS,43,1.5,0.4344,0.4635,0.4348,0.7818,0.0173,True,False,0.0,2349,0.43,0.4344,0.4635,0.4344,0.4635,0.4344,0.4635
4318002,São Borja - RS,43,1.5,0.4796,0.5073,0.4593,0.8053,0.0107,True,False,0.0,59038,0.55,0.5124,0.5384,0.4796,0.5073,0.4677,0.4959
4318051,São Domingos do Sul - RS,43,1.5,0.4771,0.5033,0.4069,0.7477,0.022,True,False,0.0,2749,0.44,0.5353,0.559,0.4771,0.5033,0.4544,0.4815
4318101,São Francisco de Assis - RS,43,1.5,0.4421,0.4727,0.4316,0.7853,0.0146,True,False,0.0,17529,0.54,0.4589,0.4885,0.4421,0.4727,0.4363,0.4672
4318200,São Francisco de Paula - RS,43,1.5,0.4371,0.4674,0.4463,0.7934,0.0116,True,False,0.0,21003,0.46,0.4492,0.4789,0.4371,0.4674,0.4329,0.4635
4318309,São Gabriel - RS,43,1.5,0.4813,0.5081,0.4875,0.847,0.0145,True,False,0.0,58098,0.54,0.4958,0.5219,0.4813,0.5081,0.4762,0.5033
4318408,São Jerônimo - RS,43,1.5,0.5141,0.5385,0.4982,0.8759,0.0097,True,False,0.0,20926,0.55,0.5562,0.5786,0.5141,0.5385,0.4983,0.5234
4318424,São João da Urtiga - RS,43,1.5,0.476,0.5034,0.4145,0.7588,0.0184,True,False,0.0,4460,0.4,0.5324,0.5573,0.476,0.5034,0.454,0.4824
4318432,São João do Polêsine - RS,43,1.5,0.4292,0.4598,0.408,0.7551,0.0155,True,False,0.0,2617,0.53,0.4516,0.481,0.4292,0.4598,0.4214,0.4523
4318440,São Jorge - RS,43,1.5,0.3849,0.4253,0.432,0.6353,0.0148,True,True,0.0,2900,0.39,0.4108,0.4496,0.3849,0.4253,0.3757,0.4168
4318457,São José das Missões - RS,43,1.5,0.4381,0.4712,0.4762,0.8042,0.0164,True,True,0.0,2364,0.43,0.4381,0.4712,0.4381,0.4712,0.4381,0.4712
4318465,São José do Herval - RS,43,1.5,0.4371,0.4666,0.4677,0.7994,0.0133,True,True,0.0,1901,0.58,0.4371,0.4666,0.4371,0.4666,0.4371,0.4666
4318481,São José do Hortêncio - RS,43,1.5,0.2697,0.319,0.309,0.552,0.0125,True,False,0.0,4443,0.28,0.2697,0.319,0.2697,0.319,0.2697,0.319
4318499,São José do Inhacorá - RS,43,1.5,0.3308,0.3752,0.3548,0.6147,0.0188,True,False,0.0,2406,0.36,0.3308,0.3752,0.3308,0.3752,0.3308,0.3752
4318507,São José do Norte - RS,43,1.5,0.4058,0.4426,0.4431,0.7574,0.0144,True,True,0.0,25249,0.43,0.4058,0.4426,0.4058,0.4426,0.4058,0.4426
4318606,São José do Ouro - RS,43,1.5,0.4682,0.4952,0.427,0.7845,0.0174,True,False,0.0,6831,0.55,0.5013,0.5267,0.4682,0.4952,0.4561,0.4837
4318614,São José do Sul - RS,43,1.5,0.3609,0.3997,0.3956,0.6674,0.0103,True,False,0.0,2350,0.39,0.3609,0.3997,0.3609,0.3997,0.3609,0.3997
4318622,São José dos Ausentes - RS,43,1.5,0.4367,0.4686,0.4813,0.8477,0.0091,True,True,0.0,4151,0.48,0.4367,0.4686,0.4367,0.4686,0.4367,0.4686
4318705,São Leopoldo - RS,43,1.5,0.4707,0.4961,0.483,0.8531,0.0054,True,False,0.0,216195,0.53,0.491,0.5154,0.4707,0.4961,0.4636,0.4893
4318804,São Lourenço do Sul - RS,43,1.5,0.4645,0.4931,0.4678,0.8239,0.0082,True,False,0.0,41862,0.46,0.4868,0.5142,0.4645,0.4931,0.4567,0.4857
4318903,São Luiz Gonzaga - RS,43,1.5,0.4994,0.5235,0.4656,0.8591,0.0088,True,False,0.0,34470,0.5,0.5417,0.5639,0.4994,0.5235,0.4835,0.5083
4319000,São Marcos - RS,43,1.5,0.4738,0.5011,0.5979,0.7412,0.0154,True,True,0.0,21073,0.41,0.4738,0.5011,0.4738,0.5011,0.4738,0.5011
4319109,São Martinho - RS,43,1.5,0.3756,0.4124,0.3932,0.6882,0.0097,True,False,0.0,5481,0.47,0.3756,0.4124,0.3756,0.4124,0.3756,0.4124
4319125,São Martinho da Serra - RS,43,1.5,0.4636,0.4929,0.4469,0.8115,0.0145,True,False,0.0,2859,0.49,0.4862,0.5143,0.4636,0.4929,0.4556,0.4853
4319158,São Miguel das Missões - RS,43,1.5,0.4291,0.4622,0.4442,0.7939,0.0094,True,False,0.0,7037,0.54,0.4411,0.4735,0.4291,0.4622,0.425,0.4584
4319208,São Nicolau - RS,43,1.5,0.4508,0.481,0.4668,0.8448,0.0154,True,False,0.0,5105,0.5,0.4508,0.481,0.4508,0.481,0.4508,0.481
4319307,São Paulo das Missões - RS,43,1.5,0.4289,0.4604,0.4464,0.7818,0.0126,True,False,0.0,5828,0.42,0.4514,0.4817,0.4289,0.4604,0.421,0.453
4319356,São Pedro da Serra - RS,43,1.5,0.2922,0.3376,0.3223,0.5654,0.0107,True,False,0.0,3547,0.42,0.2922,0.3376,0.2922,0.3376,0.2922,0.3376
4319364,São Pedro das Missões - RS,43,1.5,0.3403,0.3871,0.3714,0.6522,0.0287,True,False,0.0,1758,0.48,0.3403,0.3871,0.3403,0.3871,0.3403,0.3871
4319372,São Pedro do Butiá - RS,43,1.5,0.3747,0.4111,0.3756,0.6875,0.0206,True,False,0.0,3070,0.46,0.3747,0.4111,0.3747,0.4111,0.3747,0.4111
4319406,São Pedro do Sul - RS,43,1.5,0.4801,0.5075,0.4484,0.8167,0.0073,True,False,0.0,15509,0.48,0.5279,0.5529,0.4801,0.5075,0.4619,0.4902
4319505,São Sebastião do Caí - RS,43,1.5,0.4169,0.4484,0.4481,0.7746,0.0076,True,False,0.0,24335,0.44,0.4169,0.4484,0.4169,0.4484,0.4169,0.4484
4319604,São Sepé - RS,43,1.5,0.4455,0.4745,0.4473,0.8233,0.0077,True,False,0.0,21137,0.51,0.4537,0.4823,0.4455,0.4745,0.4427,0.4719
4319703,São Valentim - RS,43,1.5,0.4248,0.4562,0.4445,0.7806,0.0231,True,False,0.0,3201,0.53,0.4248,0.4562,0.4248,0.4562,0.4248,0.4562
4319711,São Valentim do Sul - RS,43,1.5,0.3715,0.4104,0.3641,0.6673,0.017,True,False,0.0,2206,0.45,0.3958,0.4332,0.3715,0.4104,0.363,0.4024
4319737,São Valério do Sul - RS,43,1.5,0.5105,0.5374,0.5352,0.9931,0.0054,True,False,0.0,2543,0.57,0.5105,0.5374,0.5105,0.5374,0.5105,0.5374
4319752,São Vendelino - RS,43,1.5,0.2886,0.326,0.308,0.5566,0.0068,True,False,0.0,2250,0.29,0.2886,0.326,0.2886,0.326,0.2886,0.326
4319802,São Vicente do Sul - RS,43,1.5,0.4497,0.4769,0.4516,0.8362,0.0159,True,False,0.0,8029,0.52,0.4497,0.4769,0.4497,0.4769,0.4497,0.4769
4319901,Sapiranga - RS,43,1.5,0.3844,0.422,0.3974,0.702,0.0099,True,False,0.0,75332,0.41,0.4081,0.4443,0.3844,0.422,0.3761,0.4142
4320008,Sapucaia do Sul - RS,43,1.5,0.3877,0.4232,0.4247,0.7564,0.0124,True,True,0.0,131899,0.44,0.3966,0.4316,0.3877,0.4232,0.3847,0.4203
4320107,Sarandi - RS,43,1.5,0.4383,0.4673,0.459,0.7817,0.0113,True,False,0.0,22686,0.52,0.4488,0.4773,0.4383,0.4673,0.4347,0.4639
4320206,Seberi - RS,43,1.5,0.4185,0.45,0.4498,0.7882,0.0077,True,False,0.0,11915,0.52,0.4185,0.45,0.4185,0.45,0.4185,0.45
4320230,Sede Nova - RS,43,1.5,0.5191,0.5443,0.4865,0.8672,0.0341,True,False,0.0,2683,0.56,0.5191,0.5443,0.5191,0.5443,0.5191,0.5443
4320263,Segredo - RS,43,1.5,0.5159,0.541,0.4713,0.8691,0.0179,True,False,0.0,6002,0.48,0.5672,0.5899,0.5159,0.541,0.496,0.522
4320305,Selbach - RS,43,1.5,0.4431,0.47,0.4112,0.7405,0.0137,True,False,0.0,5082,0.47,0.481,0.5063,0.4431,0.47,0.4291,0.4567
4320321,Senador Salgado Filho - RS,43,1.5,0.4513,0.4814,0.4771,0.7996,0.0178,True,False,0.0,2656,0.42,0.4513,0.4814,0.4513,0.4814,0.4513,0.4814
4320354,Sentinela do Sul - RS,43,1.5,0.4028,0.4395,0.4122,0.7376,0.0111,True,False,0.0,5236,0.47,0.4225,0.458,0.4028,0.4395,0.3959,0.433
4320404,Serafina Corrêa - RS,43,1.5,0.3641,0.4013,0.3706,0.6651,0.0137,True,False,0.0,16917,0.36,0.3704,0.4073,0.3641,0.4013,0.3619,0.3993
4320453,Sério - RS,43,1.5,0.3564,0.3931,0.3766,0.6944,0.0073,True,False,0.0,1941,0.37,0.3564,0.3931,0.3564,0.3931,0.3564,0.3931
4320503,Sertão - RS,43,1.5,0.5234,0.5492,0.6288,0.8704,0.0188,True,True,0.0,5520,0.46,0.5234,0.5492,0.5234,0.5492,0.5234,0.5492
4320552,Sertão Santana - RS,43,1.5,0.4185,0.4516,0.4579,0.764,0.0123,True,True,0.0,5780,0.6,0.4185,0.4516,0.4185,0.4516,0.4185,0.4516
4320578,Sete de Setembro - RS,43,1.5,0.4569,0.4872,0.4741,0.8332,0.0189,True,False,0.0,1802,0.47,0.4569,0.4872,0.4569,0.4872,0.4569,0.4872
4320602,Severiano de Almeida - RS,43,1.5,0.516,0.542,0.4259,0.7928,0.0288,True,False,0.0,3402,0.43,0.5852,0.6084,0.516,0.542,0.4874,0.5147
4320651,Silveira Martins - RS,43,1.5,0.4317,0.4597,0.4287,0.797,0.0143,True,False,0.0,2018,0.5,0.4317,0.4597,0.4317,0.4597,0.4317,0.4597
4320677,Sinimbu - RS,43,1.5,0.3836,0.4206,0.4514,0.7483,0.0177,True,True,0.0,8553,0.48,0.3836,0.4206,0.3836,0.4206,0.3836,0.4206
4320701,Sobradinho - RS,43,1.5,0.4454,0.4751,0.4376,0.7983,0.0128,True,False,0.0,14051,0.5,0.468,0.4965,0.4454,0.4751,0.4375,0.4675
4320800,Soledade - RS,43,1.5,0.4419,0.4727,0.4265,0.773,0.0073,True,False,0.0,29771,0.52,0.4789,0.5078,0.4419,0.4727,0.4284,0.4599
4320859,Tabaí - RS,43,1.5,0.3134,0.3596,0.3445,0.6206,0.0167,True,False,0.0,4457,0.41,0.3134,0.3596,0.3134,0.3596,0.3134,0.3596
4320909,Tapejara - RS,43,1.5,0.3586,0.3961,0.3837,0.6673,0.0073,True,False,0.0,24488,0.44,0.3586,0.3961,0.3586,0.3961,0.3586,0.3961
4321006,Tapera - RS,43,1.5,0.401,0.4343,0.4122,0.7373,0.0133,True,False,0.0,10556,0.45,0.4148,0.4474,0.401,0.4343,0.3962,0.4298
4321105,Tapes - RS,43,1.5,0.4383,0.4674,0.463,0.8221,0.0053,True,False,0.0,14675,0.51,0.4383,0.4674,0.4383,0.4674,0.4383,0.4674
4321204,Taquara - RS,43,1.5,0.4143,0.4462,0.429,0.7665,0.0079,True,False,0.0,52677,0.5,0.4284,0.4596,0.4143,0.4462,0.4094,0.4416
4321303,Taquari - RS,43,1.5,0.3762,0.412,0.4067,0.7082,0.0078,True,False,0.0,24930,0.5,0.3762,0.412,0.3762,0.412,0.3762,0.412
4321329,Taquaruçu do Sul - RS,43,1.5,0.5142,0.5374,0.437,0.8104,0.012,True,False,0.0,3105,0.53,0.5854,0.606,0.5142,0.5374,0.4845,0.5089
4321352,Tavares - RS,43,1.5,0.3482,0.3895,0.3685,0.6677,0.0109,True,False,0.0,5191,0.42,0.3482,0.3895,0.3482,0.3895,0.3482,0.3895
4321402,Tenente Portela - RS,43,1.5,0.4782,0.5046,0.4525,0.814,0.0082,True,False,0.0,14440,0.55,0.5201,0.5445,0.4782,0.5046,0.4625,0.4896
4321436,Terra de Areia - RS,43,1.5,0.3612,0.3992,0.3909,0.7032,0.0057,True,False,0.0,10312,0.43,0.3612,0.3992,0.3612,0.3992,0.3612,0.3992
4321451,Teutônia - RS,43,1.5,0.34,0.3777,0.3617,0.6475,0.007,True,False,0.0,32557,0.35,0.34,0.3777,0.34,0.3777,0.34,0.3777
4321469,Tio Hugo - RS,43,1.5,0.3332,0.3752,0.3668,0.661,0.0134,True,False,0.0,3258,0.4,0.3332,0.3752,0.3332,0.3752,0.3332,0.3752
4321477,Tiradentes do Sul - RS,43,1.5,0.588,0.6094,0.4822,0.8909,0.0272,True,False,0.0,5127,0.48,0.6613,0.6801,0.588,0.6094,0.5557,0.5783
4321493,Toropi - RS,43,1.5,0.4471,0.481,0.4819,0.7453,0.0154,True,True,0.0,2553,0.44,0.4471,0.481,0.4471,0.481,0.4471,0.481
4321501,Torres - RS,43,1.5,0.4486,0.4758,0.4435,0.7981,0.0093,True,False,0.0,41488,0.47,0.4698,0.4959,0.4486,0.4758,0.4411,0.4687
4321600,Tramandaí - RS,43,1.5,0.4898,0.5152,0.4689,0.8437,0.0084,True,False,0.0,54091,0.5,0.5236,0.5474,0.4898,0.5152,0.4775,0.5034
4321626,Travesseiro - RS,43,1.5,0.3551,0.3976,0.3933,0.6416,0.0131,True,False,0.0,2152,0.35,0.3551,0.3976,0.3551,0.3976,0.3551,0.3976
4321634,Três Arroios - RS,43,1.5,0.391,0.4214,0.3937,0.7232,0.0211,True,False,0.0,2590,0.62,0.391,0.4214,0.391,0.4214,0.391,0.4214
4321667,Três Cachoeiras - RS,43,1.5,0.3563,0.394,0.392,0.6904,0.0074,True,False,0.0,10921,0.4,0.3563,0.394,0.3563,0.394,0.3563,0.394
4321709,Três Coroas - RS,43,1.5,0.3676,0.4079,0.4082,0.644,0.0096,True,True,0.0,24187,0.4,0.3792,0.4188,0.3676,0.4079,0.3636,0.4042
4321808,Três de Maio - RS,43,1.5,0.4243,0.4528,0.4372,0.7918,0.0057,True,False,0.0,24810,0.5,0.4397,0.4674,0.4243,0.4528,0.419,0.4477
4321832,Três Forquilhas - RS,43,1.5,0.3202,0.3641,0.3487,0.6139,0.0092,True,False,0.0,2761,0.41,0.3202,0.3641,0.3202,0.3641,0.3202,0.3641
4321857,Três Palmeiras - RS,43,1.5,0.4608,0.4928,0.5276,0.7741,0.0146,True,True,0.0,4716,0.61,0.4608,0.4928,0.4608,0.4928,0.4608,0.4928
4321907,Três Passos - RS,43,1.5,0.4432,0.4732,0.4329,0.7722,0.0173,True,False,0.0,25010,0.45,0.4746,0.503,0.4432,0.4732,0.4319,0.4625
4321956,Trindade do Sul - RS,43,1.5,0.436,0.4639,0.4272,0.7889,0.0079,True,False,0.0,7544,0.49,0.4538,0.4809,0.436,0.4639,0.4298,0.458
4322004,Triunfo - RS,43,1.5,0.4053,0.4383,0.4557,0.7864,0.0135,True,True,0.0,27299,0.44,0.4053,0.4383,0.4053,0.4383,0.4053,0.4383
4322103,Tucunduva - RS,43,1.5,0.386,0.4185,0.4227,0.7246,0.0043,True,True,0.0,5526,0.48,0.386,0.4185,0.386,0.4185,0.386,0.4185
4322152,Tunas - RS,43,1.5,0.4359,0.4694,0.4268,0.787,0.0142,True,False,0.0,3677,0.47,0.4598,0.4918,0.4359,0.4694,0.4275,0.4614
4322186,Tupanci do Sul - RS,43,1.5,0.4228,0.4572,0.452,0.7561,0.0089,True,False,0.0,1373,0.5,0.4228,0.4572,0.4228,0.4572,0.4228,0.4572
4322202,Tupanciretã - RS,43,1.5,0.5372,0.562,0.4716,0.8479,0.0114,True,False,0.0,19933,0.57,0.6092,0.6307,0.5372,0.562,0.5069,0.5331
4322251,Tupandi - RS,43,1.5,0.3228,0.3632,0.3428,0.6168,0.0061,True,False,0.0,5026,0.31,0.3228,0.3632,0.3228,0.3632,0.3228,0.3632
4322301,Tuparendi - RS,43,1.5,0.4055,0.4366,0.4103,0.7361,0.0137,True,False,0.0,8343,0.46,0.4055,0.4366,0.4055,0.4366,0.4055,0.4366
4322327,Turuçu - RS,43,1.5,0.4462,0.4791,0.4049,0.7488,0.0107,True,False,0.0,3412,0.48,0.4974,0.5275,0.4462,0.4791,0.4267,0.4607
4322343,Ubiretama - RS,43,1.5,0.493,0.519,0.5241,0.844,0.0161,True,True,0.0,1975,0.36,0.493,0.519,0.493,0.519,0.493,0.519
4322350,União da Serra - RS,43,1.5,0.4775,0.5002,0.4743,0.8798,0.0183,True,False,0.0,1169,0.37,0.4775,0.5002,0.4775,0.5002,0.4775,0.5002
4322376,Unistalda - RS,43,1.5,0.3784,0.4186,0.4024,0.6838,0.0298,True,False,0.0,1996,0.47,0.3784,0.4186,0.3784,0.4186,0.3784,0.4186
4322400,Uruguaiana - RS,43,1.5,0.4748,0.5017,0.4776,0.8591,0.0054,True,False,0.0,116451,0.57,0.4914,0.5175,0.4748,0.5017,0.469,0.4962
4322509,Vacaria - RS,43,1.5,0.448,0.4769,0.4355,0.7854,0.0066,True,False,0.0,63788,0.51,0.4772,0.5046,0.448,0.4769,0.4376,0.4669
4322525,Vale Verde - RS,43,1.5,0.3757,0.413,0.4102,0.6805,0.0122,True,False,0.0,3150,0.45,0.3757,0.413,0.3757,0.413,0.3757,0.413
4322533,Vale do Sol - RS,43,1.5,0.3958,0.4299,0.4195,0.7667,0.0125,True,False,0.0,9871,0.45,0.3958,0.4299,0.3958,0.4299,0.3958,0.4299
4322541,Vale Real - RS,43,1.5,0.2677,0.3179,0.3068,0.5522,0.0135,True,False,0.0,6055,0.29,0.2677,0.3179,0.2677,0.3179,0.2677,0.3179
4322558,Vanini - RS,43,1.5,0.319,0.3586,0.3331,0.6061,0.0193,True,False,0.0,2005,0.35,0.319,0.3586,0.319,0.3586,0.319,0.3586
4322608,Venâncio Aires - RS,43,1.5,0.3792,0.415,0.3879,0.6973,0.0093,True,False,0.0,68075,0.45,0.3936,0.4285,0.3792,0.415,0.3742,0.4103
4322707,Vera Cruz - RS,43,1.5,0.3669,0.4065,0.4112,0.7032,0.0141,True,True,0.0,26621,0.47,0.3669,0.4065,0.3669,0.4065,0.3669,0.4065
4322806,Veranópolis - RS,43,1.5,0.4286,0.4585,0.4418,0.7641,0.0168,True,False,0.0,23967,0.47,0.4286,0.4585,0.4286,0.4585,0.4286,0.4585
4322855,Vespasiano Corrêa - RS,43,1.5,0.4931,0.5135,0.4276,0.7745,0.0156,True,False,0.0,1807,0.35,0.5639,0.5824,0.4931,0.5135,0.464,0.4852
4322905,Viadutos - RS,43,1.5,0.427,0.4581,0.4323,0.7468,0.0075,True,False,0.0,4765,0.42,0.4548,0.4844,0.427,0.4581,0.4171,0.4487
4323002,Viamão - RS,43,1.5,0.4466,0.4762,0.4763,0.8219,0.0065,True,True,0.0,223427,0.47,0.4493,0.4788,0.4466,0.4762,0.4457,0.4754
4323101,Vicente Dutra - RS,43,1.5,0.4597,0.4891,0.4551,0.8492,0.0143,True,False,0.0,4662,0.5,0.4762,0.5047,0.4597,0.4891,0.454,0.4836
4323200,Victor Graeff - RS,43,1.5,0.4273,0.4557,0.4006,0.6971,0.0124,True,False,0.0,2779,0.46,0.4669,0.4934,0.4273,0.4557,0.4128,0.4419
4323309,Vila Flores - RS,43,1.5,0.3495,0.389,0.3671,0.6554,0.011,True,False,0.0,3638,0.32,0.3495,0.389,0.3495,0.389,0.3495,0.389
4323358,Vila Lângaro - RS,43,1.5,0.364,0.4044,0.4281,0.652,0.0176,True,True,0.0,2079,0.47,0.364,0.4044,0.364,0.4044,0.364,0.4044
4323408,Vila Maria - RS,43,1.5,0.454,0.4797,0.4169,0.7701,0.0133,True,False,0.0,4412,0.4,0.5006,0.5243,0.454,0.4797,0.4364,0.4628
4323457,Vila Nova do Sul - RS,43,1.5,0.4388,0.4715,0.4565,0.7839,0.0176,True,False,0.0,3844,0.44,0.4625,0.4938,0.4388,0.4715,0.4304,0.4636
4323507,Vista Alegre - RS,43,1.5,0.4417,0.4693,0.4535,0.8474,0.0223,True,False,0.0,2660,0.57,0.4417,0.4693,0.4417,0.4693,0.4417,0.4693
4323606,Vista Alegre do Prata - RS,43,1.5,0.4489,0.4772,0.4188,0.729,0.0133,True,False,0.0,1583,0.44,0.4886,0.515,0.4489,0.4772,0.4343,0.4632
4323705,Vista Gaúcha - RS,43,1.5,0.4551,0.4831,0.4223,0.7674,0.0186,True,False,0.0,2780,0.6,0.4992,0.5251,0.4551,0.4831,0.4387,0.4674
4323754,Vitória das Missões - RS,43,1.5,0.3835,0.4221,0.4077,0.7325,0.0224,True,False,0.0,3260,0.48,0.3835,0.4221,0.3835,0.4221,0.3835,0.4221
4323770,Westfália - RS,43,1.5,0.356,0.3864,0.3844,0.702,0.0126,True,False,0.0,3098,0.33,0.356,0.3864,0.356,0.3864,0.356,0.3864
4323804,Xangri-lá - RS,43,1.5,0.4813,0.5057,0.4812,0.8835,0.012,True,False,0.0,16463,0.43,0.5053,0.5287,0.4813,0.5057,0.4727,0.4976
5000203,Água Clara - MS,50,1.5,0.4078,0.4427,0.3974,0.725,0.0135,True,False,0.0,16697,0.5,0.4215,0.4556,0.4078,0.4427,0.4031,0.4383
5000252,Alcinópolis - MS,50,1.5,0.4667,0.4956,0.4524,0.7843,0.0132,True,False,0.0,4515,0.54,0.5054,0.5322,0.4667,0.4956,0.4524,0.482
5000609,Amambai - MS,50,1.5,0.4822,0.5079,0.5055,0.929,0.0053,True,False,0.0,39021,0.56,0.4822,0.5079,0.4822,0.5079,0.4822,0.5079
5000708,Anastácio - MS,50,1.5,0.4643,0.4958,0.4502,0.7683,0.013,True,False,0.0,24066,0.47,0.505,0.5342,0.4643,0.4958,0.4492,0.4816
5000807,Anaurilândia - MS,50,1.5,0.3727,0.4112,0.4027,0.7195,0.0125,True,False,0.0,7564,0.51,0.3727,0.4112,0.3727,0.4112,0.3727,0.4112
5000856,Angélica - MS,50,1.5,0.4064,0.4411,0.44,0.7658,0.0093,True,False,0.0,10685,0.42,0.4064,0.4411,0.4064,0.4411,0.4064,0.4411
5000906,Antônio João - MS,50,1.5,0.5279,0.5544,0.5437,0.8717,0.0124,True,False,0.0,9294,0.54,0.5706,0.5948,0.5279,0.5544,0.5117,0.5391
5001003,Aparecida do Taboado - MS,50,1.5,0.4414,0.4726,0.4622,0.8301,0.0091,True,False,0.0,27594,0.46,0.4414,0.4726,0.4414,0.4726,0.4414,0.4726
5001102,Aquidauana - MS,50,1.5,0.488,0.5154,0.4885,0.8625,0.0151,True,False,0.0,46480,0.56,0.4953,0.5223,0.488,0.5154,0.4856,0.513
5001243,Aral Moreira - MS,50,1.5,0.4688,0.499,0.4761,0.8619,0.0078,True,False,0.0,10620,0.53,0.4688,0.499,0.4688,0.499,0.4688,0.499
5001508,Bandeirantes - MS,50,1.5,0.4496,0.4778,0.4318,0.8017,0.0118,True,False,0.0,7895,0.51,0.466,0.4934,0.4496,0.4778,0.4439,0.4724
5001904,Bataguassu - MS,50,1.5,0.4394,0.4716,0.441,0.7941,0.0106,True,False,0.0,22847,0.47,0.4656,0.4963,0.4394,0.4716,0.4301,0.4628
5002001,Batayporã - MS,50,1.5,0.3825,0.4192,0.3916,0.709,0.0095,True,False,0.0,10687,0.56,0.3825,0.4192,0.3825,0.4192,0.3825,0.4192
5002100,Bela Vista - MS,50,1.5,0.4293,0.4627,0.456,0.7639,0.0098,True,False,0.0,21429,0.61,0.4293,0.4627,0.4293,0.4627,0.4293,0.4627
5002159,Bodoquena - MS,50,1.5,0.4412,0.4713,0.4635,0.8243,0.0074,True,False,0.0,8526,0.5,0.4412,0.4713,0.4412,0.4713,0.4412,0.4713
5002209,Bonito - MS,50,1.5,0.5114,0.5376,0.4426,0.7998,0.0128,True,False,0.0,23396,0.54,0.579,0.602,0.5114,0.5376,0.4838,0.5112
5002308,Brasilândia - MS,50,1.5,0.3637,0.401,0.3936,0.6941,0.0065,True,False,0.0,11500,0.52,0.3637,0.401,0.3637,0.401,0.3637,0.401
5002407,Caarapó - MS,50,1.5,0.4383,0.4717,0.5015,0.8777,0.0216,True,True,0.0,30494,0.5,0.4383,0.4717,0.4383,0.4717,0.4383,0.4717
5002605,Camapuã - MS,50,1.5,0.4399,0.4716,0.4201,0.7428,0.0118,True,False,0.0,13505,0.49,0.4713,0.5013,0.4399,0.4716,0.4285,0.4609
5002704,Campo Grande - MS,50,1.5,0.5344,0.5551,0.5257,0.9332,0.0069,True,False,0.0,890945,0.56,0.567,0.5864,0.5344,0.5551,0.5224,0.5436
5002803,Caracol - MS,50,1.5,0.416,0.4488,0.4215,0.7733,0.0238,True,False,0.0,5021,0.43,0.416,0.4488,0.416,0.4488,0.416,0.4488
5002902,Cassilândia - MS,50,1.5,0.4691,0.499,0.4568,0.7957,0.01,True,False,0.0,20741,0.54,0.501,0.5292,0.4691,0.499,0.4575,0.4881
5002951,Chapadão do Sul - MS,50,1.5,0.4268,0.4554,0.42,0.7729,0.008,True,False,0.0,30725,0.47,0.4448,0.4726,0.4268,0.4554,0.4205,0.4495
5003108,Corguinho - MS,50,1.5,0.4268,0.46,0.4445,0.7786,0.0057,True,False,0.0,4781,0.53,0.4268,0.46,0.4268,0.46,0.4268,0.46
5003157,Coronel Sapucaia - MS,50,1.5,0.4867,0.5213,0.5339,0.8978,0.0064,True,True,0.0,14210,0.55,0.4867,0.5213,0.4867,0.5213,0.4867,0.5213
5003207,Corumbá - MS,50,1.5,0.5109,0.5347,0.5153,0.9457,0.0086,True,False,0.0,95272,0.55,0.5213,0.5446,0.5109,0.5347,0.5073,0.5313
5003256,Costa Rica - MS,50,1.5,0.4313,0.4634,0.4443,0.7849,0.0095,True,False,0.0,25931,0.47,0.4426,0.4741,0.4313,0.4634,0.4274,0.4598
5003306,Coxim - MS,50,1.5,0.4287,0.4601,0.4356,0.8,0.0083,True,False,0.0,31955,0.51,0.4382,0.4691,0.4287,0.4601,0.4254,0.457
5003454,Deodápolis - MS,50,1.5,0.3866,0.424,0.3986,0.7096,0.0131,True,False,0.0,13642,0.45,0.3866,0.424,0.3866,0.424,0.3866,0.424
5003488,Dois Irmãos do Buriti - MS,50,1.5,0.513,0.5417,0.4435,0.8109,0.0124,True,False,0.0,10636,0.58,0.5821,0.6071,0.513,0.5417,0.4846,0.5148
5003504,Douradina - MS,50,1.5,0.4196,0.4535,0.4483,0.7784,0.0149,True,False,0.0,5574,0.61,0.4196,0.4535,0.4196,0.4535,0.4196,0.4535
5003702,Dourados - MS,50,1.5,0.4899,0.5139,0.4743,0.8707,0.0088,True,False,0.0,241055,0.52,0.5159,0.5388,0.4899,0.5139,0.4805,0.505
5003751,Eldorado - MS,50,1.5,0.3924,0.4289,0.4068,0.7381,0.017,True,False,0.0,11330,0.49,0.3924,0.4289,0.3924,0.4289,0.3924,0.4289
5003801,Fátima do Sul - MS,50,1.5,0.4423,0.4737,0.438,0.7723,0.0157,True,False,0.0,20567,0.52,0.4636,0.4938,0.4423,0.4737,0.4348,0.4666
5003900,Figueirão - MS,50,1.5,0.4536,0.4821,0.4241,0.7636,0.0149,True,False,0.0,3527,0.44,0.4887,0.5155,0.4536,0.4821,0.4408,0.4699
5004007,Glória de Dourados - MS,50,1.5,0.4283,0.4592,0.4429,0.8201,0.0072,True,False,0.0,10424,0.46,0.4283,0.4592,0.4283,0.4592,0.4283,0.4592
5004106,Guia Lopes da Laguna - MS,50,1.5,0.4167,0.4506,0.4393,0.7527,0.0128,True,False,0.0,9931,0.57,0.4167,0.4506,0.4167,0.4506,0.4167,0.4506
5004304,Iguatemi - MS,50,1.5,0.4298,0.4638,0.4191,0.7754,0.0157,True,False,0.0,13761,0.51,0.4298,0.4638,0.4298,0.4638,0.4298,0.4638
5004403,Inocência - MS,50,1.5,0.407,0.4423,0.3885,0.7046,0.0118,True,False,0.0,8326,0.48,0.4386,0.4721,0.407,0.4423,0.3956,0.4316
5004502,Itaporã - MS,50,1.5,0.4682,0.4985,0.4873,0.8495,0.0089,True,False,0.0,24127,0.54,0.4877,0.5169,0.4682,0.4985,0.4614,0.4921
5004601,Itaquiraí - MS,50,1.5,0.4515,0.4841,0.4632,0.7904,0.0206,True,False,0.0,19329,0.5,0.485,0.5158,0.4515,0.4841,0.4393,0.4726
5004700,Ivinhema - MS,50,1.5,0.4253,0.4579,0.4425,0.7976,0.0107,True,False,0.0,27722,0.48,0.4426,0.4742,0.4253,0.4579,0.4193,0.4522
5004809,Japorã - MS,50,1.5,0.456,0.491,0.4849,0.8816,0.0035,True,False,0.0,8145,0.66,0.456,0.491,0.456,0.491,0.456,0.491
5004908,Jaraguari - MS,50,1.5,0.4203,0.453,0.4252,0.7625,0.0105,True,False,0.0,7114,0.48,0.4203,0.453,0.4203,0.453,0.4203,0.453
5005004,Jardim - MS,50,1.5,0.5052,0.53,0.5065,0.9058,0.0121,True,False,0.0,23785,0.55,0.5175,0.5417,0.5052,0.53,0.501,0.526
5005103,Jateí - MS,50,1.5,0.3911,0.426,0.4048,0.7148,0.0221,True,False,0.0,3585,0.6,0.3911,0.426,0.3911,0.426,0.3911,0.426
5005152,Juti - MS,50,1.5,0.3987,0.4352,0.4209,0.7671,0.0123,True,False,0.0,6709,0.51,0.3987,0.4352,0.3987,0.4352,0.3987,0.4352
5005202,Ladário - MS,50,1.5,0.4613,0.4882,0.4879,0.8702,0.0155,True,False,0.0,21500,0.52,0.4613,0.4882,0.4613,0.4882,0.4613,0.4882
5005251,Laguna Carapã - MS,50,1.5,0.4463,0.4753,0.4572,0.8413,0.0114,True,False,0.0,6799,0.53,0.4463,0.4753,0.4463,0.4753,0.4463,0.4753
5005400,Maracaju - MS,50,1.5,0.4633,0.4902,0.4616,0.8204,0.0035,True,False,0.0,44824,0.54,0.497,0.5223,0.4633,0.4902,0.451,0.4785
5005608,Miranda - MS,50,1.5,0.5396,0.5663,0.5477,0.8678,0.0081,True,False,0.0,25318,0.54,0.5797,0.6042,0.5396,0.5663,0.5245,0.552
5005681,Mundo Novo - MS,50,1.5,0.4244,0.4562,0.4212,0.7705,0.0114,True,False,0.0,18791,0.5,0.44,0.471,0.4244,0.4562,0.4191,0.4512
5005707,Naviraí - MS,50,1.5,0.4632,0.4906,0.458,0.8374,0.0094,True,False,0.0,49872,0.47,0.4833,0.5096,0.4632,0.4906,0.4562,0.4839
5005806,Nioaque - MS,50,1.5,0.4271,0.4603,0.4193,0.76,0.0051,True,False,0.0,13222,0.58,0.4593,0.4907,0.4271,0.4603,0.4155,0.4494
5006002,Nova Alvorada do Sul - MS,50,1.5,0.442,0.4767,0.4488,0.7249,0.0142,True,False,0.0,21798,0.58,0.484,0.5162,0.442,0.4767,0.4265,0.4621
5006200,Nova Andradina - MS,50,1.5,0.458,0.486,0.4613,0.8128,0.0081,True,False,0.0,48192,0.48,0.4767,0.5038,0.458,0.486,0.4514,0.4798
5006259,Novo Horizonte do Sul - MS,50,1.5,0.3931,0.4289,0.4315,0.6973,0.0078,True,True,0.0,4715,0.4,0.3931,0.4289,0.3931,0.4289,0.3931,0.4289
5006275,Paraíso das Águas - MS,50,1.5,0.378,0.4167,0.392,0.6871,0.0131,True,False,0.0,5477,,0.378,0.4167,0.378,0.4167,0.378,0.4167
5006309,Paranaíba - MS,50,1.5,0.4319,0.4627,0.421,0.7703,0.0102,True,False,0.0,40481,0.49,0.4482,0.4782,0.4319,0.4627,0.4262,0.4573
5006358,Paranhos - MS,50,1.5,0.5593,0.5906,0.5598,1.034,0.0049,True,False,0.0,12753,0.64,0.581,0.6108,0.5593,0.5906,0.5515,0.5833
5006408,Pedro Gomes - MS,50,1.5,0.4379,0.4712,0.4279,0.7875,0.0181,True,False,0.0,6882,0.48,0.4518,0.4843,0.4379,0.4712,0.4331,0.4667
5006606,Ponta Porã - MS,50,1.5,0.5147,0.5381,0.5058,0.9233,0.0131,True,False,0.0,91450,0.6,0.5266,0.5495,0.5147,0.5381,0.5106,0.5342
5006903,Porto Murtinho - MS,50,1.5,0.4383,0.4709,0.4671,0.8025,0.0123,True,False,0.0,12765,0.61,0.4383,0.4709,0.4383,0.4709,0.4383,0.4709
5007109,Ribas do Rio Pardo - MS,50,1.5,0.4089,0.4417,0.4193,0.7638,0.0099,True,False,0.0,22977,0.47,0.4089,0.4417,0.4089,0.4417,0.4089,0.4417
5007208,Rio Brilhante - MS,50,1.5,0.4518,0.48,0.4432,0.8058,0.0085,True,False,0.0,37165,0.53,0.4731,0.5002,0.4518,0.48,0.4443,0.4729
5007307,Rio Negro - MS,50,1.5,0.3691,0.4065,0.3977,0.7248,0.0119,True,False,0.0,4817,0.54,0.3691,0.4065,0.3691,0.4065,0.3691,0.4065
5007406,Rio Verde de Mato Grosso - MS,50,1.5,0.4762,0.5051,0.4507,0.8136,0.0097,True,False,0.0,19688,0.46,0.5163,0.5431,0.4762,0.5051,0.4613,0.491
5007505,Rochedo - MS,50,1.5,0.4312,0.4639,0.4757,0.7836,0.0151,True,True,0.0,5163,0.48,0.4444,0.4763,0.4312,0.4639,0.4267,0.4596
5007554,Santa Rita do Pardo - MS,50,1.5,0.4047,0.4415,0.3948,0.7177,0.0118,True,False,0.0,6994,0.44,0.4286,0.4639,0.4047,0.4415,0.3963,0.4336
5007695,São Gabriel do Oeste - MS,50,1.5,0.4794,0.5042,0.4586,0.8409,0.0089,True,False,0.0,29481,0.54,0.5033,0.527,0.4794,0.5042,0.4709,0.4961
5007703,Sete Quedas - MS,50,1.5,0.4527,0.4818,0.4726,0.8425,0.0126,True,False,0.0,10917,0.54,0.4527,0.4818,0.4527,0.4818,0.4527,0.4818
5007802,Selvíria - MS,50,1.5,0.3626,0.4028,0.3836,0.6904,0.0133,True,False,0.0,8032,0.44,0.3626,0.4028,0.3626,0.4028,0.3626,0.4028
5007901,Sidrolândia - MS,50,1.5,0.4318,0.4646,0.4648,0.7884,0.0164,True,True,0.0,47044,0.57,0.4318,0.4646,0.4318,0.4646,0.4318,0.4646
5007935,Sonora - MS,50,1.5,0.3959,0.4287,0.4276,0.7609,0.0025,True,False,0.0,14438,0.5,0.3959,0.4287,0.3959,0.4287,0.3959,0.4287
5007950,Tacuru - MS,50,1.5,0.4808,0.5167,0.5205,0.9675,0.0112,True,True,0.0,10790,0.6,0.4808,0.5167,0.4808,0.5167,0.4808,0.5167
5007976,Taquarussu - MS,50,1.5,0.3387,0.381,0.3587,0.6468,0.0063,True,False,0.0,3618,0.42,0.3387,0.381,0.3387,0.381,0.3387,0.381
5008008,Terenos - MS,50,1.5,0.4505,0.4812,0.4635,0.7913,0.007,True,False,0.0,17552,0.5,0.467,0.4969,0.4505,0.4812,0.4447,0.4758
5008305,Três Lagoas - MS,50,1.5,0.4527,0.4809,0.4634,0.8234,0.0066,True,False,0.0,131171,0.51,0.472,0.4993,0.4527,0.4809,0.4459,0.4745
5008404,Vicentina - MS,50,1.5,0.3865,0.4236,0.3956,0.7173,0.008,True,False,0.0,6305,0.46,0.3865,0.4236,0.3865,0.4236,0.3865,0.4236
5100102,Acorizal - MT,51,1.5,0.4033,0.44,0.4241,0.7498,0.0198,True,False,0.0,4988,0.5,0.4033,0.44,0.4033,0.44,0.4033,0.44
5100201,Água Boa - MT,51,1.5,0.4719,0.4964,0.4539,0.8284,0.0086,True,False,0.0,28616,0.49,0.5127,0.5355,0.4719,0.4964,0.4568,0.4819
5100250,Alta Floresta - MT,51,1.5,0.4638,0.4921,0.4767,0.7958,0.0105,True,False,0.0,58429,0.48,0.4844,0.5117,0.4638,0.4921,0.4565,0.4852
5100300,Alto Araguaia - MT,51,1.5,0.4515,0.4779,0.4648,0.8333,0.0058,True,False,0.0,17037,0.47,0.4678,0.4934,0.4515,0.4779,0.4458,0.4725
5100359,Alto Boa Vista - MT,51,1.5,0.5137,0.5398,0.5644,0.9662,0.012,True,True,0.0,5702,0.57,0.5283,0.5537,0.5137,0.5398,0.5086,0.535
5100409,Alto Garças - MT,51,1.5,0.435,0.4653,0.4317,0.7736,0.0094,True,False,0.0,12979,0.46,0.4452,0.475,0.435,0.4653,0.4315,0.4619
5100508,Alto Paraguai - MT,51,1.5,0.3935,0.4311,0.44,0.7738,0.0159,True,True,0.0,8008,0.47,0.3935,0.4311,0.3935,0.4311,0.3935,0.4311
5100607,Alto Taquari - MT,51,1.5,0.4868,0.5133,0.4545,0.8306,0.0111,True,False,0.0,10835,0.46,0.5236,0.5484,0.4868,0.5133,0.4732,0.5004
5100805,Apiacás - MT,51,1.5,0.4839,0.511,0.4886,0.8868,0.0117,True,False,0.0,8548,0.46,0.497,0.5234,0.4839,0.511,0.4794,0.5067
5101001,Araguaiana - MT,51,1.5,0.4514,0.4854,0.4216,0.7377,0.0151,True,False,0.0,3795,0.43,0.4978,0.529,0.4514,0.4854,0.434,0.469
5101209,Araguainha - MT,51,1.5,0.3854,0.421,0.3958,0.7282,0.0087,True,False,0.0,1009,0.4,0.3854,0.421,0.3854,0.421,0.3854,0.421
5101258,Araputanga - MT,51,1.5,0.4404,0.4724,0.49,0.7614,0.0052,True,True,0.0,14671,0.5,0.4485,0.4799,0.4404,0.4724,0.4377,0.4698
5101308,Arenápolis - MT,51,1.5,0.4363,0.4678,0.4287,0.7775,0.008,True,False,0.0,10533,0.46,0.4633,0.4934,0.4363,0.4678,0.4266,0.4587
5101407,Aripuanã - MT,51,1.5,0.4641,0.4934,0.4421,0.8192,0.016,True,False,0.0,24431,0.56,0.525,0.5514,0.4641,0.4934,0.4401,0.4707
5101605,Barão de Melgaço - MT,51,1.5,0.4319,0.4655,0.4773,0.8598,0.0142,True,True,0.0,7237,0.5,0.4319,0.4655,0.4319,0.4655,0.4319,0.4655
5101704,Barra do Bugres - MT,51,1.5,0.475,0.5031,0.4806,0.8629,0.0116,True,False,0.0,29198,0.51,0.4829,0.5106,0.475,0.5031,0.4723,0.5005
5101803,Barra do Garças - MT,51,1.5,0.4898,0.5134,0.502,0.9082,0.0057,True,False,0.0,68972,0.55,0.5014,0.5244,0.4898,0.5134,0.4858,0.5096
5101852,Bom Jesus do Araguaia - MT,51,1.5,0.4368,0.4674,0.452,0.7929,0.0115,True,False,0.0,7221,0.48,0.4478,0.4779,0.4368,0.4674,0.433,0.4638
5101902,Brasnorte - MT,51,1.5,0.4592,0.4874,0.467,0.8534,0.0115,True,False,0.0,16952,0.53,0.4772,0.5044,0.4592,0.4874,0.453,0.4815
5102504,Cáceres - MT,51,1.5,0.5008,0.5247,0.5212,0.9235,0.0071,True,False,0.0,89163,0.53,0.5039,0.5277,0.5008,0.5247,0.4997,0.5237
5102603,Campinápolis - MT,51,1.5,0.6223,0.6507,0.6709,1.2794,0.0043,True,True,0.0,15302,0.69,0.6223,0.6507,0.6223,0.6507,0.6223,0.6507
5102637,Campo Novo do Parecis - MT,51,1.5,0.4409,0.4682,0.4697,0.8077,0.0029,True,True,0.0,45345,0.45,0.4458,0.4728,0.4409,0.4682,0.4392,0.4666
5102678,Campo Verde - MT,51,1.5,0.44,0.4681,0.463,0.8233,0.0068,True,False,0.0,44447,0.51,0.4499,0.4776,0.44,0.4681,0.4366,0.4649
5102686,Campos de Júlio - MT,51,1.5,0.4265,0.455,0.4394,0.7995,0.0047,True,False,0.0,8597,0.62,0.4344,0.4625,0.4265,0.455,0.4238,0.4525
5102694,Canabrava do Norte - MT,51,1.5,0.414,0.4434,0.4354,0.7746,0.0114,True,False,0.0,4459,0.52,0.414,0.4434,0.414,0.4434,0.414,0.4434
5102702,Canarana - MT,51,1.5,0.5302,0.5521,0.5013,0.9282,0.0115,True,False,0.0,25806,0.53,0.5888,0.6084,0.5302,0.5521,0.5067,0.5295
5102793,Carlinda - MT,51,1.5,0.4193,0.4542,0.4382,0.7583,0.0107,True,False,0.0,10295,0.52,0.4355,0.4694,0.4193,0.4542,0.4136,0.4489
5102850,Castanheira - MT,51,1.5,0.3749,0.411,0.3914,0.7177,0.0108,True,False,0.0,7466,0.55,0.3749,0.411,0.3749,0.411,0.3749,0.411
5103007,Chapada dos Guimarães - MT,51,1.5,0.5704,0.5923,0.4983,0.9072,0.0201,True,False,0.0,18894,0.53,0.6273,0.6468,0.5704,0.5923,0.5473,0.5702
5103056,Cláudia - MT,51,1.5,0.3845,0.4196,0.4168,0.7349,0.0096,True,False,0.0,9582,0.57,0.3845,0.4196,0.3845,0.4196,0.3845,0.4196
5103106,Cocalinho - MT,51,1.5,0.4104,0.4453,0.4177,0.7352,0.0064,True,False,0.0,6199,0.48,0.4244,0.4585,0.4104,0.4453,0.4056,0.4408
5103205,Colíder - MT,51,1.5,0.4403,0.4714,0.4218,0.7409,0.0108,True,False,0.0,31206,0.56,0.4883,0.5168,0.4403,0.4714,0.4223,0.4543
5103254,Colniza - MT,51,1.5,0.4883,0.5157,0.5177,0.8708,0.0053,True,True,0.0,25484,0.58,0.5006,0.5273,0.4883,0.5157,0.4841,0.5117
5103304,Comodoro - MT,51,1.5,0.4549,0.4845,0.473,0.8686,0.0139,True,False,0.0,18152,0.54,0.4815,0.5097,0.4549,0.4845,0.4454,0.4756
5103353,Confresa - MT,51,1.5,0.4585,0.488,0.4651,0.8178,0.0066,True,False,0.0,35015,0.58,0.4791,0.5075,0.4585,0.488,0.4512,0.4812
5103361,Conquista D'Oeste - MT,51,1.5,0.4224,0.4556,0.4475,0.8136,0.0146,True,False,0.0,3754,0.5,0.4224,0.4556,0.4224,0.4556,0.4224,0.4556
5103379,Cotriguaçu - MT,51,1.5,0.4759,0.5017,0.4943,0.9043,0.0054,True,False,0.0,10996,0.57,0.4759,0.5017,0.4759,0.5017,0.4759,0.5017
5103403,Cuiabá - MT,51,1.5,0.5647,0.5828,0.554,0.9864,0.0088,True,False,0.0,646692,0.59,0.6024,0.6192,0.5647,0.5828,0.5504,0.5691
5103437,Curvelândia - MT,51,1.5,0.3966,0.4313,0.4027,0.7421,0.0149,True,False,0.0,4904,0.47,0.3966,0.4313,0.3966,0.4313,0.3966,0.4313
5103452,Denise - MT,51,1.5,0.4066,0.4389,0.4222,0.7725,0.0053,True,False,0.0,7016,0.42,0.4066,0.4389,0.4066,0.4389,0.4066,0.4389
5103502,Diamantino - MT,51,1.5,0.4163,0.4457,0.4547,0.7913,0.0067,True,True,0.0,21780,0.47,0.4163,0.4457,0.4163,0.4457,0.4163,0.4457
5103601,Dom Aquino - MT,51,1.5,0.414,0.4458,0.4356,0.7836,0.0041,True,False,0.0,7783,0.51,0.414,0.4458,0.414,0.4458,0.414,0.4458
5103700,Feliz Natal - MT,51,1.5,0.4705,0.4981,0.4936,0.9168,0.0145,True,False,0.0,10447,0.46,0.4705,0.4981,0.4705,0.4981,0.4705,0.4981
5103809,Figueirópolis D'Oeste - MT,51,1.5,0.4016,0.4346,0.4014,0.7304,0.0152,True,False,0.0,3133,0.42,0.4016,0.4346,0.4016,0.4346,0.4016,0.4346
5103858,Gaúcha do Norte - MT,51,1.5,0.4867,0.5134,0.5254,0.9331,0.0141,True,True,0.0,8627,0.67,0.5049,0.5307,0.4867,0.5134,0.4804,0.5074
5103908,General Carneiro - MT,51,1.5,0.4763,0.5062,0.5048,0.8869,0.0071,True,False,0.0,6017,0.59,0.4763,0.5062,0.4763,0.5062,0.4763,0.5062
5103957,Glória D'Oeste - MT,51,1.5,0.4585,0.4886,0.4933,0.8207,0.0137,True,True,0.0,2889,0.48,0.4585,0.4886,0.4585,0.4886,0.4585,0.4886
5104104,Guarantã do Norte - MT,51,1.5,0.5081,0.5333,0.4554,0.8188,0.0095,True,False,0.0,31006,0.48,0.5673,0.5899,0.5081,0.5333,0.4845,0.5109
5104203,Guiratinga - MT,51,1.5,0.4368,0.4691,0.4213,0.7574,0.0165,True,False,0.0,10750,0.48,0.4588,0.4899,0.4368,0.4691,0.429,0.4618
5104500,Indiavaí - MT,51,1.5,0.3639,0.4035,0.3861,0.701,0.0115,True,False,0.0,2197,0.46,0.3639,0.4035,0.3639,0.4035,0.3639,0.4035
5104526,Ipiranga do Norte - MT,51,1.5,0.3696,0.4047,0.3884,0.7126,0.0082,True,False,0.0,7643,0.48,0.3696,0.4047,0.3696,0.4047,0.3696,0.4047
5104542,Itanhangá - MT,51,1.5,0.414,0.4477,0.4215,0.7385,0.0086,True,False,0.0,7490,0.51,0.447,0.4789,0.414,0.4477,0.4021,0.4365
5104559,Itaúba - MT,51,1.5,0.3625,0.4005,0.3771,0.6914,0.0138,True,False,0.0,5001,0.58,0.3625,0.4005,0.3625,0.4005,0.3625,0.4005
5104609,Itiquira - MT,51,1.5,0.4407,0.4698,0.4586,0.8292,0.0056,True,False,0.0,12178,0.47,0.4407,0.4698,0.4407,0.4698,0.4407,0.4698
5104807,Jaciara - MT,51,1.5,0.4904,0.5167,0.4751,0.8404,0.0097,True,False,0.0,28433,0.51,0.5155,0.5405,0.4904,0.5167,0.4814,0.5082
5104906,Jangada - MT,51,1.5,0.393,0.4315,0.4138,0.7495,0.0185,True,False,0.0,7426,0.56,0.393,0.4315,0.393,0.4315,0.393,0.4315
5105002,Jauru - MT,51,1.5,0.4343,0.4638,0.4419,0.8043,0.0083,True,False,0.0,8329,0.52,0.4486,0.4774,0.4343,0.4638,0.4294,0.4591
5105101,Juara - MT,51,1.5,0.4455,0.4759,0.4419,0.7666,0.006,True,False,0.0,34701,0.49,0.4742,0.503,0.4455,0.4759,0.4353,0.4662
5105150,Juína - MT,51,1.5,0.4245,0.4569,0.4507,0.7833,0.0155,True,False,0.0,45585,0.58,0.4245,0.4569,0.4245,0.4569,0.4245,0.4569
5105176,Juruena - MT,51,1.5,0.44,0.4688,0.4248,0.7626,0.0098,True,False,0.0,10196,0.44,0.4736,0.5007,0.44,0.4688,0.4279,0.4572
5105200,Juscimeira - MT,51,1.5,0.3991,0.4348,0.4394,0.7812,0.0137,True,True,0.0,11433,0.43,0.3991,0.4348,0.3991,0.4348,0.3991,0.4348
5105234,Lambari D'Oeste - MT,51,1.5,0.341,0.3846,0.389,0.6737,0.02,True,True,0.0,4781,0.48,0.341,0.3846,0.341,0.3846,0.341,0.3846
5105259,Lucas do Rio Verde - MT,51,1.5,0.4674,0.4928,0.4669,0.814,0.0091,True,False,0.0,83558,0.46,0.4988,0.5228,0.4674,0.4928,0.456,0.4819
5105309,Luciara - MT,51,1.5,0.4611,0.4924,0.5067,0.8676,0.0145,True,True,0.0,2509,0.43,0.4611,0.4924,0.4611,0.4924,0.4611,0.4924
5105507,Vila Bela da Santíssima Trindade - MT,51,1.5,0.4322,0.4646,0.4624,0.7509,0.0098,True,False,0.0,16657,0.59,0.4322,0.4646,0.4322,0.4646,0.4322,0.4646
5105580,Marcelândia - MT,51,1.5,0.472,0.4993,0.4727,0.8593,0.0049,True,False,0.0,11375,0.55,0.4943,0.5205,0.472,0.4993,0.4641,0.4918
5105606,Matupá - MT,51,1.5,0.4261,0.4565,0.4389,0.7903,0.011,True,False,0.0,20026,0.55,0.4261,0.4565,0.4261,0.4565,0.4261,0.4565
5105622,Mirassol d'Oeste - MT,51,1.5,0.4598,0.4891,0.4577,0.8063,0.0124,True,False,0.0,26549,0.55,0.4829,0.511,0.4598,0.4891,0.4517,0.4814
5105903,Nobres - MT,51,1.5,0.4652,0.4955,0.4308,0.7837,0.0147,True,False,0.0,15418,0.46,0.5127,0.5405,0.4652,0.4955,0.4472,0.4785
5106000,Nortelândia - MT,51,1.5,0.4202,0.4518,0.435,0.7985,0.0133,True,False,0.0,5865,0.43,0.4202,0.4518,0.4202,0.4518,0.4202,0.4518
5106109,Nossa Senhora do Livramento - MT,51,1.5,0.4296,0.463,0.439,0.7708,0.0148,True,False,0.0,12871,0.47,0.4296,0.463,0.4296,0.463,0.4296,0.463
5106158,Nova Bandeirantes - MT,51,1.5,0.4806,0.5099,0.5527,0.8447,0.0187,True,True,0.0,13515,0.62,0.4806,0.5099,0.4806,0.5099,0.4806,0.5099
5106174,Nova Nazaré - MT,51,1.5,0.5424,0.567,0.5999,1.1524,0.0217,True,True,0.0,4164,0.55,0.5424,0.567,0.5424,0.567,0.5424,0.567
5106182,Nova Lacerda - MT,51,1.5,0.4046,0.4383,0.441,0.7999,0.0124,True,True,0.0,6664,0.51,0.4046,0.4383,0.4046,0.4383,0.4046,0.4383
5106190,Nova Santa Helena - MT,51,1.5,0.4001,0.4324,0.4196,0.775,0.0085,True,False,0.0,4228,0.64,0.4001,0.4324,0.4001,0.4324,0.4001,0.4324
5106208,Nova Brasilândia - MT,51,1.5,0.4014,0.4379,0.4445,0.7469,0.013,True,True,0.0,3893,0.64,0.4014,0.4379,0.4014,0.4379,0.4014,0.4379
5106216,Nova Canaã do Norte - MT,51,1.5,0.3885,0.4258,0.3958,0.7034,0.0123,True,False,0.0,11704,0.55,0.3885,0.4258,0.3885,0.4258,0.3885,0.4258
5106224,Nova Mutum - MT,51,1.5,0.466,0.493,0.4261,0.7717,0.011,True,False,0.0,55582,0.51,0.518,0.5427,0.466,0.493,0.446,0.4739
5106232,Nova Olímpia - MT,51,1.5,0.4329,0.4652,0.4342,0.7714,0.0054,True,False,0.0,16290,0.56,0.4557,0.4868,0.4329,0.4652,0.4248,0.4575
5106240,Nova Ubiratã - MT,51,1.5,0.3941,0.4277,0.4234,0.7678,0.0071,True,False,0.0,11419,0.5,0.3941,0.4277,0.3941,0.4277,0.3941,0.4277
5106257,Nova Xavantina - MT,51,1.5,0.4561,0.4842,0.4706,0.7813,0.0109,True,False,0.0,24161,0.53,0.4801,0.507,0.4561,0.4842,0.4476,0.4761
5106265,Novo Mundo - MT,51,1.5,0.4061,0.4408,0.3989,0.7395,0.0152,True,False,0.0,6482,0.52,0.4061,0.4408,0.4061,0.4408,0.4061,0.4408
5106273,Novo Horizonte do Norte - MT,51,1.5,0.3448,0.3864,0.3733,0.6766,0.0116,True,False,0.0,3349,0.49,0.3448,0.3864,0.3448,0.3864,0.3448,0.3864
5106281,Novo São Joaquim - MT,51,1.5,0.391,0.428,0.4019,0.7198,0.015,True,False,0.0,6819,0.48,0.4077,0.4437,0.391,0.428,0.3852,0.4225
5106299,Paranaíta - MT,51,1.5,0.4004,0.4342,0.4266,0.781,0.0096,True,False,0.0,11607,0.53,0.4004,0.4342,0.4004,0.4342,0.4004,0.4342
5106307,Paranatinga - MT,51,1.5,0.438,0.4689,0.4744,0.8125,0.0132,True,True,0.0,26239,0.5,0.438,0.4689,0.438,0.4689,0.438,0.4689
5106315,Novo Santo Antônio - MT,51,1.5,0.3975,0.4323,0.4349,0.8006,0.0147,True,True,0.0,2007,0.51,0.3975,0.4323,0.3975,0.4323,0.3975,0.4323
5106372,Pedra Preta - MT,51,1.5,0.4301,0.4636,0.4232,0.7552,0.0124,True,False,0.0,17969,0.43,0.4593,0.4912,0.4301,0.4636,0.4196,0.4537
5106422,Peixoto de Azevedo - MT,51,1.5,0.4686,0.4989,0.533,0.8271,0.0093,True,True,0.0,32443,0.67,0.4795,0.5091,0.4686,0.4989,0.4649,0.4954
5106455,Planalto da Serra - MT,51,1.5,0.401,0.4355,0.4209,0.7413,0.0059,True,False,0.0,3166,0.44,0.401,0.4355,0.401,0.4355,0.401,0.4355
5106505,Poconé - MT,51,1.5,0.3831,0.4214,0.4243,0.7573,0.0139,True,True,0.0,31180,0.52,0.3831,0.4214,0.3831,0.4214,0.3831,0.4214
5106653,Pontal do Araguaia - MT,51,1.5,0.4581,0.4854,0.4443,0.802,0.0055,True,False,0.0,6930,0.48,0.4854,0.5114,0.4581,0.4854,0.4483,0.4761
5106703,Ponte Branca - MT,51,1.5,0.3872,0.4234,0.3979,0.7214,0.015,True,False,0.0,2001,0.49,0.3872,0.4234,0.3872,0.4234,0.3872,0.4234
5106752,Pontes e Lacerda - MT,51,1.5,0.4366,0.4676,0.4639,0.7702,0.0099,True,False,0.0,51713,0.49,0.4366,0.4676,0.4366,0.4676,0.4366,0.4676
5106778,Porto Alegre do Norte - MT,51,1.5,0.4131,0.4453,0.4391,0.7931,0.0044,True,False,0.0,12021,0.52,0.4131,0.4453,0.4131,0.4453,0.4131,0.4453
5106802,Porto dos Gaúchos - MT,51,1.5,0.4405,0.4696,0.4588,0.8181,0.0109,True,False,0.0,5541,0.5,0.4524,0.481,0.4405,0.4696,0.4364,0.4658
5106828,Porto Esperidião - MT,51,1.5,0.4267,0.4606,0.4192,0.7306,0.0135,True,False,0.0,10131,0.59,0.4592,0.4912,0.4267,0.4606,0.4151,0.4496
5106851,Porto Estrela - MT,51,1.5,0.428,0.4611,0.4473,0.8065,0.0085,True,False,0.0,3224,0.51,0.428,0.4611,0.428,0.4611,0.428,0.4611
5107008,Poxoréu - MT,51,1.5,0.4727,0.5032,0.526,0.8072,0.011,True,True,0.0,23159,0.49,0.48,0.5101,0.4727,0.5032,0.4702,0.5009
5107040,Primavera do Leste - MT,51,1.5,0.4588,0.4848,0.4582,0.8208,0.0094,True,False,0.0,84643,0.51,0.49,0.5147,0.4588,0.4848,0.4475,0.4741
5107065,Querência - MT,51,1.5,0.5058,0.5309,0.51,0.8595,0.0143,True,False,0.0,26333,0.5,0.5485,0.5717,0.5058,0.5309,0.4897,0.5156
5107107,São José dos Quatro Marcos - MT,51,1.5,0.4289,0.4617,0.4382,0.7477,0.0088,True,False,0.0,17818,0.54,0.4457,0.4775,0.4289,0.4617,0.4231,0.4562
5107156,Reserva do Cabaçal - MT,51,1.5,0.3968,0.4334,0.4071,0.7341,0.0099,True,False,0.0,2121,0.4,0.3968,0.4334,0.3968,0.4334,0.3968,0.4334
5107180,Ribeirão Cascalheira - MT,51,1.5,0.4073,0.4412,0.4496,0.8281,0.0191,True,True,0.0,9974,0.54,0.4073,0.4412,0.4073,0.4412,0.4073,0.4412
5107198,Ribeirãozinho - MT,51,1.5,0.3967,0.4298,0.4126,0.7456,0.0079,True,False,0.0,2582,0.47,0.3967,0.4298,0.3967,0.4298,0.3967,0.4298
5107206,Rio Branco - MT,51,1.5,0.4499,0.4789,0.466,0.827,0.0114,True,False,0.0,4520,0.5,0.4673,0.4954,0.4499,0.4789,0.4439,0.4732
5107248,Santa Carmem - MT,51,1.5,0.3871,0.4215,0.3891,0.7065,0.0129,True,False,0.0,5353,0.48,0.3871,0.4215,0.3871,0.4215,0.3871,0.4215
5107263,Santo Afonso - MT,51,1.5,0.3862,0.4215,0.4039,0.7013,0.0071,True,False,0.0,2521,0.43,0.3862,0.4215,0.3862,0.4215,0.3862,0.4215
5107297,São José do Povo - MT,51,1.5,0.4006,0.4369,0.4129,0.7252,0.0118,True,False,0.0,2874,0.43,0.4006,0.4369,0.4006,0.4369,0.4006,0.4369
5107305,São José do Rio Claro - MT,51,1.5,0.4609,0.4937,0.4703,0.7533,0.0146,True,False,0.0,14743,0.48,0.4986,0.5292,0.4609,0.4937,0.447,0.4806
5107354,São José do Xingu - MT,51,1.5,0.4609,0.4924,0.4618,0.8136,0.0124,True,False,0.0,5933,0.62,0.5032,0.5324,0.4609,0.4924,0.4451,0.4776
5107404,São Pedro da Cipa - MT,51,1.5,0.4061,0.4421,0.4266,0.7721,0.0186,True,False,0.0,4171,0.38,0.4061,0.4421,0.4061,0.4421,0.4061,0.4421
5107578,Rondolândia - MT,51,1.5,0.4974,0.5252,0.5533,0.9134,0.0056,True,True,0.0,3475,0.52,0.4974,0.5252,0.4974,0.5252,0.4974,0.5252
5107602,Rondonópolis - MT,51,1.5,0.4798,0.5055,0.4661,0.8494,0.0079,True,False,0.0,242712,0.52,0.5083,0.5327,0.4798,0.5055,0.4696,0.4958
5107701,Rosário Oeste - MT,51,1.5,0.4191,0.4511,0.4399,0.7933,0.0061,True,False,0.0,15360,0.49,0.4191,0.4511,0.4191,0.4511,0.4191,0.4511
5107743,Santa Cruz do Xingu - MT,51,1.5,0.5999,0.6228,0.4509,0.8213,0.0251,True,False,0.0,2619,0.55,0.6913,0.7112,0.5999,0.6228,0.5556,0.5801
5107750,Salto do Céu - MT,51,1.5,0.3724,0.4109,0.3849,0.6838,0.007,True,False,0.0,3668,0.48,0.3724,0.4109,0.3724,0.4109,0.3724,0.4109
5107768,Santa Rita do Trivelato - MT,51,1.5,0.4318,0.4615,0.4396,0.7963,0.0063,True,False,0.0,3255,0.5,0.4545,0.483,0.4318,0.4615,0.4239,0.454
5107776,Santa Terezinha - MT,51,1.5,0.5205,0.5469,0.537,0.9851,0.0086,True,False,0.0,7569,0.57,0.5205,0.5469,0.5205,0.5469,0.5205,0.5469
5107792,Santo Antônio do Leste - MT,51,1.5,0.4339,0.4675,0.4816,0.8922,0.0318,True,True,0.0,4097,0.47,0.4339,0.4675,0.4339,0.4675,0.4339,0.4675
5107800,Santo Antônio de Leverger - MT,51,1.5,0.4543,0.484,0.467,0.8318,0.0104,True,False,0.0,15180,0.49,0.4543,0.484,0.4543,0.484,0.4543,0.484
5107859,São Félix do Araguaia - MT,51,1.5,0.44,0.4689,0.4697,0.829,0.0056,True,True,0.0,13108,0.61,0.44,0.4689,0.44,0.4689,0.44,0.4689
5107875,Sapezal - MT,51,1.5,0.3932,0.4252,0.4117,0.7414,0.0078,True,False,0.0,27690,0.47,0.3932,0.4252,0.3932,0.4252,0.3932,0.4252
5107883,Serra Nova Dourada - MT,51,1.5,0.3246,0.3662,0.3558,0.6403,0.0068,True,False,0.0,1792,0.44,0.3246,0.3662,0.3246,0.3662,0.3246,0.3662
5107909,Sinop - MT,51,1.5,0.4651,0.4902,0.464,0.8328,0.0059,True,False,0.0,195332,0.49,0.49,0.514,0.4651,0.4902,0.4562,0.4817
5107925,Sorriso - MT,51,1.5,0.4557,0.4819,0.4555,0.8283,0.0084,True,False,0.0,110033,0.54,0.4798,0.5048,0.4557,0.4819,0.4472,0.4737
5107941,Tabaporã - MT,51,1.5,0.4019,0.4332,0.4168,0.7568,0.0077,True,False,0.0,9636,0.44,0.4019,0.4332,0.4019,0.4332,0.4019,0.4332
5107958,Tangará da Serra - MT,51,1.5,0.4567,0.4842,0.4564,0.8102,0.0064,True,False,0.0,105891,0.55,0.4748,0.5014,0.4567,0.4842,0.4504,0.4781
5108006,Tapurah - MT,51,1.5,0.3873,0.4213,0.4163,0.7418,0.0091,True,False,0.0,14019,0.49,0.3873,0.4213,0.3873,0.4213,0.3873,0.4213
5108055,Terra Nova do Norte - MT,51,1.5,0.4155,0.4486,0.424,0.7447,0.0069,True,False,0.0,10600,0.51,0.4449,0.4765,0.4155,0.4486,0.4049,0.4387
5108105,Tesouro - MT,51,1.5,0.4419,0.4745,0.4302,0.7678,0.011,True,False,0.0,3023,0.5,0.4703,0.5013,0.4419,0.4745,0.4317,0.4649
5108204,Torixoréu - MT,51,1.5,0.388,0.4239,0.4191,0.7073,0.0161,True,False,0.0,4142,0.53,0.388,0.4239,0.388,0.4239,0.388,0.4239
5108303,União do Sul - MT,51,1.5,0.4425,0.4731,0.4373,0.805,0.0194,True,False,0.0,3830,0.45,0.4425,0.4731,0.4425,0.4731,0.4425,0.4731
5108352,Vale de São Domingos - MT,51,1.5,0.3536,0.3947,0.3813,0.6987,0.0144,True,False,0.0,2906,0.43,0.3536,0.3947,0.3536,0.3947,0.3536,0.3947
5108402,Várzea Grande - MT,51,1.5,0.4312,0.4624,0.4535,0.7953,0.0045,True,False,0.0,299039,0.46,0.4362,0.4672,0.4312,0.4624,0.4295,0.4608
5108501,Vera - MT,51,1.5,0.4092,0.4416,0.4328,0.7824,0.0074,True,False,0.0,12726,0.42,0.4092,0.4416,0.4092,0.4416,0.4092,0.4416
5108600,Vila Rica - MT,51,1.5,0.4467,0.4768,0.4373,0.7822,0.004,True,False,0.0,19677,0.56,0.4814,0.5096,0.4467,0.4768,0.4341,0.4648
5108808,Nova Guarita - MT,51,1.5,0.5081,0.5384,0.6082,0.6746,0.0069,True,True,0.0,4543,0.51,0.5396,0.568,0.5081,0.5384,0.4966,0.5276
5108857,Nova Marilândia - MT,51,1.5,0.4676,0.4988,0.4088,0.7239,0.0092,True,False,0.0,3522,0.43,0.5371,0.5646,0.4676,0.4988,0.4396,0.4723
5108907,Nova Maringá - MT,51,1.5,0.4518,0.4821,0.4674,0.8318,0.0213,True,False,0.0,5718,0.49,0.4709,0.5002,0.4518,0.4821,0.4451,0.4758
5108956,Nova Monte Verde - MT,51,1.5,0.4381,0.4675,0.4337,0.7958,0.0081,True,False,0.0,8288,0.51,0.456,0.4845,0.4381,0.4675,0.4318,0.4615
5200050,Abadia de Goiás - GO,52,1.5,0.4311,0.4642,0.4463,0.7985,0.008,True,False,0.0,18744,0.42,0.4311,0.4642,0.4311,0.4642,0.4311,0.4642
5200100,Abadiânia - GO,52,1.5,0.3846,0.4234,0.4171,0.7227,0.019,True,False,0.0,16928,0.43,0.3846,0.4234,0.3846,0.4234,0.3846,0.4234
5200134,Acreúna - GO,52,1.5,0.4456,0.476,0.4587,0.8196,0.0165,True,False,0.0,21286,0.53,0.4456,0.476,0.4456,0.476,0.4456,0.476
5200159,Adelândia - GO,52,1.5,0.4763,0.5055,0.4327,0.7623,0.0205,True,False,0.0,2279,0.43,0.533,0.5593,0.4763,0.5055,0.4542,0.4845
5200175,Água Fria de Goiás - GO,52,1.5,0.3884,0.4301,0.3935,0.6748,0.0189,True,False,0.0,4919,0.6,0.4134,0.4534,0.3884,0.4301,0.3796,0.4219
5200209,Água Limpa - GO,52,1.5,0.384,0.4218,0.4023,0.7277,0.0162,True,False,0.0,1858,0.46,0.384,0.4218,0.384,0.4218,0.384,0.4218
5200258,Águas Lindas de Goiás - GO,52,1.5,0.3951,0.4322,0.4208,0.7335,0.0048,True,False,0.0,225223,0.43,0.4006,0.4374,0.3951,0.4322,0.3932,0.4305
5200308,Alexânia - GO,52,1.5,0.4668,0.4964,0.4637,0.8069,0.0087,True,False,0.0,26904,0.46,0.4861,0.5147,0.4668,0.4964,0.46,0.49
5200506,Aloândia - GO,52,1.5,0.4211,0.4568,0.3894,0.6821,0.0083,True,False,0.0,1974,0.44,0.4764,0.5089,0.4211,0.4568,0.3999,0.4369
5200555,Alto Horizonte - GO,52,1.5,0.3968,0.4312,0.3936,0.7093,0.0147,True,False,0.0,6055,0.49,0.415,0.4484,0.3968,0.4312,0.3905,0.4253
5200605,Alto Paraíso de Goiás - GO,52,1.5,0.4566,0.4832,0.4616,0.8464,0.0124,True,False,0.0,10035,0.65,0.4632,0.4895,0.4566,0.4832,0.4543,0.481
5200803,Alvorada do Norte - GO,52,1.5,0.4857,0.5144,0.491,0.868,0.015,True,False,0.0,8445,0.48,0.4857,0.5144,0.4857,0.5144,0.4857,0.5144
5200829,Amaralina - GO,52,1.5,0.4112,0.4478,0.4266,0.759,0.0171,True,False,0.0,3253,0.53,0.4112,0.4478,0.4112,0.4478,0.4112,0.4478
5200852,Americano do Brasil - GO,52,1.5,0.4966,0.5276,0.5932,0.7777,0.0183,True,True,0.0,5244,0.4,0.4966,0.5276,0.4966,0.5276,0.4966,0.5276
5200902,Amorinópolis - GO,52,1.5,0.4217,0.4596,0.3925,0.7064,0.019,True,False,0.0,2992,0.41,0.4719,0.5066,0.4217,0.4596,0.4028,0.4418
5201108,Anápolis - GO,52,1.5,0.4752,0.5014,0.4745,0.8478,0.0058,True,False,0.0,396964,0.5,0.4957,0.5209,0.4752,0.5014,0.468,0.4946
5201207,Anhanguera - GO,52,1.5,0.3324,0.3763,0.3901,0.6471,0.0211,True,True,0.0,923,0.39,0.3324,0.3763,0.3324,0.3763,0.3324,0.3763
5201306,Anicuns - GO,52,1.5,0.4492,0.4807,0.4306,0.7818,0.0071,True,False,0.0,18450,0.46,0.4833,0.5129,0.4492,0.4807,0.4368,0.469
5201405,Aparecida de Goiânia - GO,52,1.5,0.4279,0.4603,0.4482,0.7686,0.0056,True,False,0.0,522680,0.47,0.4439,0.4754,0.4279,0.4603,0.4223,0.4551
5201454,Aparecida do Rio Doce - GO,52,1.5,0.3921,0.4271,0.404,0.7318,0.0142,True,False,0.0,2869,0.49,0.3921,0.4271,0.3921,0.4271,0.3921,0.4271
5201504,Aporé - GO,52,1.5,0.323,0.3634,0.3416,0.6193,0.0128,True,False,0.0,4315,0.45,0.323,0.3634,0.323,0.3634,0.323,0.3634
5201603,Araçu - GO,52,1.5,0.4313,0.4649,0.4147,0.7399,0.0147,True,False,0.0,3761,0.53,0.4687,0.5002,0.4313,0.4649,0.4176,0.452
5201702,Aragarças - GO,52,1.5,0.4239,0.4588,0.4601,0.7636,0.0157,True,True,0.0,18218,0.45,0.4239,0.4588,0.4239,0.4588,0.4239,0.4588
5201801,Aragoiânia - GO,52,1.5,0.5334,0.5586,0.6022,0.887,0.0068,True,True,0.0,11879,0.45,0.548,0.5725,0.5334,0.5586,0.5282,0.5538
5202155,Araguapaz - GO,52,1.5,0.3814,0.419,0.384,0.6791,0.0136,True,False,0.0,7133,0.53,0.396,0.4327,0.3814,0.419,0.3764,0.4143
5202353,Arenópolis - GO,52,1.5,0.3487,0.3909,0.3793,0.6647,0.025,True,False,0.0,2945,0.5,0.3487,0.3909,0.3487,0.3909,0.3487,0.3909
5202502,Aruanã - GO,52,1.5,0.4001,0.4344,0.4068,0.7329,0.0115,True,False,0.0,8223,0.51,0.4001,0.4344,0.4001,0.4344,0.4001,0.4344
5202601,Aurilândia - GO,52,1.5,0.4818,0.511,0.4509,0.7893,0.0199,True,False,0.0,3260,0.43,0.5239,0.5509,0.4818,0.511,0.466,0.496
5202809,Avelinópolis - GO,52,1.5,0.3838,0.42,0.4017,0.715,0.01,True,False,0.0,2868,0.55,0.3838,0.42,0.3838,0.42,0.3838,0.42
5203104,Baliza - GO,52,1.5,0.4204,0.4534,0.445,0.7442,0.0145,True,False,0.0,3333,0.58,0.4204,0.4534,0.4204,0.4534,0.4204,0.4534
5203203,Barro Alto - GO,52,1.5,0.4018,0.4371,0.418,0.7343,0.0091,True,False,0.0,10328,0.44,0.4205,0.4548,0.4018,0.4371,0.3953,0.431
5203302,Bela Vista de Goiás - GO,52,1.5,0.454,0.4844,0.4274,0.7863,0.0112,True,False,0.0,34331,0.51,0.4745,0.5038,0.454,0.4844,0.4468,0.4776
5203401,Bom Jardim de Goiás - GO,52,1.5,0.3901,0.4263,0.4163,0.7212,0.0234,True,False,0.0,7769,0.49,0.3901,0.4263,0.3901,0.4263,0.3901,0.4263
5203500,Bom Jesus de Goiás - GO,52,1.5,0.4105,0.444,0.4444,0.7215,0.0128,True,True,0.0,23894,0.47,0.4215,0.4544,0.4105,0.444,0.4067,0.4404
5203559,Bonfinópolis - GO,52,1.5,0.3915,0.4274,0.4,0.7204,0.0049,True,False,0.0,10244,0.44,0.404,0.4393,0.3915,0.4274,0.3872,0.4234
5203575,Bonópolis - GO,52,1.5,0.3684,0.4071,0.4078,0.7031,0.0192,True,True,0.0,3275,0.41,0.3684,0.4071,0.3684,0.4071,0.3684,0.4071
5203609,Brazabrantes - GO,52,1.5,0.3814,0.4205,0.406,0.7055,0.0058,True,False,0.0,3991,0.4,0.3814,0.4205,0.3814,0.4205,0.3814,0.4205
5203807,Britânia - GO,52,1.5,0.424,0.4569,0.4215,0.7562,0.0117,True,False,0.0,5663,0.55,0.4391,0.4711,0.424,0.4569,0.4189,0.452
5203906,Buriti Alegre - GO,52,1.5,0.3615,0.4047,0.374,0.6653,0.0154,True,False,0.0,10420,0.43,0.3615,0.4047,0.3615,0.4047,0.3615,0.4047
5203939,Buriti de Goiás - GO,52,1.5,0.407,0.4417,0.4175,0.7263,0.0106,True,False,0.0,2733,0.49,0.407,0.4417,0.407,0.4417,0.407,0.4417
5203962,Buritinópolis - GO,52,1.5,0.3474,0.39,0.3821,0.6855,0.0105,True,False,0.0,3144,0.77,0.3474,0.39,0.3474,0.39,0.3474,0.39
5204003,Cabeceiras - GO,52,1.5,0.4158,0.4501,0.4323,0.7796,0.0138,True,False,0.0,7531,0.48,0.4158,0.4501,0.4158,0.4501,0.4158,0.4501
5204102,Cachoeira Alta - GO,52,1.5,0.4574,0.4868,0.4562,0.8254,0.0157,True,False,0.0,11356,0.51,0.4574,0.4868,0.4574,0.4868,0.4574,0.4868
5204201,Cachoeira de Goiás - GO,52,1.5,0.3462,0.3872,0.3719,0.6671,0.0131,True,False,0.0,1403,0.47,0.3462,0.3872,0.3462,0.3872,0.3462,0.3872
5204250,Cachoeira Dourada - GO,52,1.5,0.4311,0.4624,0.427,0.755,0.0094,True,False,0.0,7771,0.47,0.4513,0.4815,0.4311,0.4624,0.424,0.4557
5204300,Caçu - GO,52,1.5,0.4932,0.52,0.4537,0.829,0.0128,True,False,0.0,13671,0.53,0.5288,0.5539,0.4932,0.52,0.4801,0.5076
5204409,Caiapônia - GO,52,1.5,0.4975,0.5249,0.4809,0.8006,0.0127,True,False,0.0,16416,0.52,0.5355,0.561,0.4975,0.5249,0.4834,0.5115
5204508,Caldas Novas - GO,52,1.5,0.4462,0.4758,0.4534,0.8049,0.0103,True,False,0.0,98262,0.49,0.4511,0.4804,0.4462,0.4758,0.4446,0.4743
5204557,Caldazinha - GO,52,1.5,0.3893,0.4243,0.4084,0.7415,0.004,True,False,0.0,4508,0.44,0.3893,0.4243,0.3893,0.4243,0.3893,0.4243
5204607,Campestre de Goiás - GO,52,1.5,0.4115,0.4479,0.3955,0.7253,0.0122,True,False,0.0,3755,0.42,0.4363,0.4712,0.4115,0.4479,0.4028,0.4397
5204656,Campinaçu - GO,52,1.5,0.3766,0.4139,0.4023,0.7224,0.0108,True,False,0.0,3707,0.49,0.3766,0.4139,0.3766,0.4139,0.3766,0.4139
5204706,Campinorte - GO,52,1.5,0.4318,0.4644,0.4484,0.759,0.0122,True,False,0.0,12501,0.49,0.4318,0.4644,0.4318,0.4644,0.4318,0.4644
5204805,Campo Alegre de Goiás - GO,52,1.5,0.4106,0.4446,0.3931,0.717,0.0062,True,False,0.0,7403,0.46,0.4429,0.4751,0.4106,0.4446,0.399,0.4336
5204854,Campo Limpo de Goiás - GO,52,1.5,0.3753,0.4132,0.4048,0.7276,0.0059,True,False,0.0,8067,0.42,0.3753,0.4132,0.3753,0.4132,0.3753,0.4132
5204904,Campos Belos - GO,52,1.5,0.3889,0.4249,0.4038,0.7322,0.014,True,False,0.0,18014,0.55,0.3889,0.4249,0.3889,0.4249,0.3889,0.4249
5204953,Campos Verdes - GO,52,1.5,0.4174,0.4532,0.4209,0.7628,0.0147,True,False,0.0,4006,0.45,0.4174,0.4532,0.4174,0.4532,0.4174,0.4532
5205000,Carmo do Rio Verde - GO,52,1.5,0.3747,0.4158,0.4402,0.6973,0.0188,True,True,0.0,9667,0.44,0.3747,0.4158,0.3747,0.4158,0.3747,0.4158
5205059,Castelândia - GO,52,1.5,0.4366,0.4692,0.4304,0.7898,0.0132,True,False,0.0,2972,0.58,0.4366,0.4692,0.4366,0.4692,0.4366,0.4692
5205109,Catalão - GO,52,1.5,0.477,0.5037,0.4462,0.7981,0.011,True,False,0.0,113885,0.51,0.5196,0.5443,0.477,0.5037,0.4611,0.4885
5205208,Caturaí - GO,52,1.5,0.3943,0.4305,0.4179,0.7552,0.0116,True,False,0.0,5181,0.44,0.3943,0.4305,0.3943,0.4305,0.3943,0.4305
5205307,Cavalcante - GO,52,1.5,0.4928,0.5221,0.5269,0.8725,0.0134,True,True,0.0,9539,0.62,0.4928,0.5221,0.4928,0.5221,0.4928,0.5221
5205406,Ceres - GO,52,1.5,0.4798,0.506,0.4568,0.8262,0.0092,True,False,0.0,21939,0.53,0.5115,0.5362,0.4798,0.506,0.4683,0.4951
5205455,Cezarina - GO,52,1.5,0.4355,0.4682,0.4292,0.7689,0.0134,True,False,0.0,8090,0.47,0.4523,0.4841,0.4355,0.4682,0.4296,0.4627
5205471,Chapadão do Céu - GO,52,1.5,0.3876,0.422,0.3844,0.6868,0.0081,True,False,0.0,12853,0.41,0.412,0.4451,0.3876,0.422,0.379,0.4139
5205497,Cidade Ocidental - GO,52,1.5,0.4413,0.4719,0.4586,0.8262,0.0071,True,False,0.0,91549,0.5,0.4413,0.4719,0.4413,0.4719,0.4413,0.4719
5205513,Cocalzinho de Goiás - GO,52,1.5,0.4179,0.4521,0.4424,0.7742,0.0126,True,False,0.0,24718,0.47,0.4179,0.4521,0.4179,0.4521,0.4179,0.4521
5205521,Colinas do Sul - GO,52,1.5,0.3867,0.424,0.4009,0.7312,0.0048,True,False,0.0,4024,0.5,0.3867,0.424,0.3867,0.424,0.3867,0.424
5205703,Córrego do Ouro - GO,52,1.5,0.3854,0.42,0.3914,0.708,0.024,True,False,0.0,2453,0.48,0.3854,0.42,0.3854,0.42,0.3854,0.42
5205802,Corumbá de Goiás - GO,52,1.5,0.4192,0.4528,0.4318,0.7704,0.0113,True,False,0.0,10361,0.51,0.4192,0.4528,0.4192,0.4528,0.4192,0.4528
5205901,Corumbaíba - GO,52,1.5,0.3564,0.3955,0.3957,0.6967,0.0101,True,True,0.0,9114,0.43,0.3564,0.3955,0.3564,0.3955,0.3564,0.3955
5206206,Cristalina - GO,52,1.5,0.4605,0.4892,0.4605,0.8431,0.0118,True,False,0.0,61951,0.57,0.4605,0.4892,0.4605,0.4892,0.4605,0.4892
5206305,Cristianópolis - GO,52,1.5,0.4673,0.4996,0.4284,0.7383,0.0141,True,False,0.0,3482,0.52,0.5231,0.5523,0.4673,0.4996,0.4457,0.4792
5206404,Crixás - GO,52,1.5,0.4198,0.4535,0.4102,0.7266,0.0072,True,False,0.0,16966,0.55,0.4463,0.4785,0.4198,0.4535,0.4104,0.4446
5206503,Cromínia - GO,52,1.5,0.4673,0.4954,0.4733,0.8312,0.0207,True,False,0.0,3879,0.43,0.4673,0.4954,0.4673,0.4954,0.4673,0.4954
5206602,Cumari - GO,52,1.5,0.3954,0.431,0.4179,0.7379,0.0143,True,False,0.0,2908,0.58,0.3954,0.431,0.3954,0.431,0.3954,0.431
5206701,Damianópolis - GO,52,1.5,0.3729,0.4136,0.391,0.7023,0.0119,True,False,0.0,3770,0.55,0.3729,0.4136,0.3729,0.4136,0.3729,0.4136
5206800,Damolândia - GO,52,1.5,0.3728,0.4131,0.4024,0.722,0.0144,True,False,0.0,2722,0.47,0.3728,0.4131,0.3728,0.4131,0.3728,0.4131
5206909,Davinópolis - GO,52,1.5,0.385,0.4244,0.4294,0.7285,0.0176,True,True,0.0,1898,0.4,0.385,0.4244,0.385,0.4244,0.385,0.4244
5207105,Diorama - GO,52,1.5,0.3361,0.3755,0.3665,0.6583,0.0158,True,False,0.0,2054,0.4,0.3361,0.3755,0.3361,0.3755,0.3361,0.3755
5207253,Doverlândia - GO,52,1.5,0.4209,0.4543,0.4352,0.748,0.0125,True,False,0.0,6930,0.45,0.4209,0.4543,0.4209,0.4543,0.4209,0.4543
5207352,Edealina - GO,52,1.5,0.4059,0.4387,0.4365,0.7359,0.0066,True,False,0.0,3981,0.5,0.4059,0.4387,0.4059,0.4387,0.4059,0.4387
5207402,Edéia - GO,52,1.5,0.4403,0.4718,0.4237,0.7583,0.015,True,False,0.0,11691,0.53,0.4745,0.5042,0.4403,0.4718,0.4279,0.4601
5207501,Estrela do Norte - GO,52,1.5,0.3918,0.4284,0.4147,0.7419,0.0214,True,False,0.0,3204,0.48,0.3918,0.4284,0.3918,0.4284,0.3918,0.4284
5207535,Faina - GO,52,1.5,0.3786,0.4169,0.3928,0.7168,0.0069,True,False,0.0,7059,0.44,0.3786,0.4169,0.3786,0.4169,0.3786,0.4169
5207600,Fazenda Nova - GO,52,1.5,0.3591,0.3966,0.3863,0.6802,0.0071,True,False,0.0,5857,0.45,0.3591,0.3966,0.3591,0.3966,0.3591,0.3966
5207808,Firminópolis - GO,52,1.5,0.4286,0.4587,0.4232,0.7706,0.0169,True,False,0.0,10359,0.42,0.4286,0.4587,0.4286,0.4587,0.4286,0.4587
5207907,Flores de Goiás - GO,52,1.5,0.4305,0.4664,0.4418,0.7799,0.011,True,False,0.0,13168,0.63,0.4305,0.4664,0.4305,0.4664,0.4305,0.4664
5208004,Formosa - GO,52,1.5,0.4778,0.5026,0.4941,0.8869,0.0053,True,False,0.0,114834,0.56,0.4865,0.5108,0.4778,0.5026,0.4749,0.4998
5208103,Formoso - GO,52,1.5,0.4156,0.4476,0.4233,0.7698,0.0152,True,False,0.0,4652,0.55,0.4156,0.4476,0.4156,0.4476,0.4156,0.4476
5208152,Gameleira de Goiás - GO,52,1.5,0.4972,0.5276,0.4268,0.7659,0.0136,True,False,0.0,3450,0.54,0.5685,0.595,0.4972,0.5276,0.4678,0.4998
5208301,Divinópolis de Goiás - GO,52,1.5,0.3839,0.4241,0.4089,0.7081,0.0185,True,False,0.0,4457,0.57,0.3839,0.4241,0.3839,0.4241,0.3839,0.4241
5208400,Goianápolis - GO,52,1.5,0.397,0.432,0.4171,0.724,0.0077,True,False,0.0,13883,0.52,0.397,0.432,0.397,0.432,0.397,0.432
5208509,Goiandira - GO,52,1.5,0.3616,0.3985,0.3878,0.6758,0.0086,True,False,0.0,4958,0.43,0.3616,0.3985,0.3616,0.3985,0.3616,0.3985
5208608,Goianésia - GO,52,1.5,0.4229,0.4554,0.436,0.758,0.0073,True,False,0.0,72849,0.47,0.4343,0.4662,0.4229,0.4554,0.419,0.4517
5208707,Goiânia - GO,52,1.5,0.5647,0.5825,0.5434,0.9761,0.0086,True,False,0.0,1434578,0.58,0.6102,0.6265,0.5647,0.5825,0.5471,0.5654
5208806,Goianira - GO,52,1.5,0.3756,0.4151,0.4109,0.7247,0.012,True,False,0.0,71856,0.39,0.3756,0.4151,0.3756,0.4151,0.3756,0.4151
5208905,Goiás - GO,52,1.5,0.4789,0.5058,0.4761,0.8472,0.0181,True,False,0.0,23955,0.52,0.4789,0.5058,0.4789,0.5058,0.4789,0.5058
5209101,Goiatuba - GO,52,1.5,0.4681,0.4981,0.4303,0.7532,0.0099,True,False,0.0,35489,0.5,0.5254,0.5524,0.4681,0.4981,0.4458,0.4769
5209150,Gouvelândia - GO,52,1.5,0.3619,0.4028,0.4007,0.6765,0.0124,True,False,0.0,4369,0.44,0.3619,0.4028,0.3619,0.4028,0.3619,0.4028
5209200,Guapó - GO,52,1.5,0.4074,0.4416,0.4303,0.7485,0.0092,True,False,0.0,19515,0.54,0.4074,0.4416,0.4074,0.4416,0.4074,0.4416
5209291,Guaraíta - GO,52,1.5,0.3497,0.3927,0.3685,0.6668,0.0183,True,False,0.0,2189,0.41,0.3497,0.3927,0.3497,0.3927,0.3497,0.3927
5209408,Guarani de Goiás - GO,52,1.5,0.3828,0.4227,0.4206,0.7261,0.0157,True,False,0.0,4086,0.48,0.3828,0.4227,0.3828,0.4227,0.3828,0.4227
5209457,Guarinos - GO,52,1.5,0.3739,0.4123,0.4255,0.6964,0.0108,True,True,0.0,2162,0.43,0.3739,0.4123,0.3739,0.4123,0.3739,0.4123
5209606,Heitoraí - GO,52,1.5,0.371,0.4103,0.3769,0.68,0.014,True,False,0.0,3348,0.5,0.371,0.4103,0.371,0.4103,0.371,0.4103
5209705,Hidrolândia - GO,52,1.5,0.4685,0.4959,0.4604,0.8228,0.0111,True,False,0.0,27585,0.47,0.477,0.504,0.4685,0.4959,0.4656,0.4932
5209804,Hidrolina - GO,52,1.5,0.3995,0.4369,0.3985,0.7198,0.0246,True,False,0.0,3542,0.42,0.3995,0.4369,0.3995,0.4369,0.3995,0.4369
5209903,Iaciara - GO,52,1.5,0.4022,0.4405,0.4308,0.7271,0.0165,True,False,0.0,10580,0.53,0.4022,0.4405,0.4022,0.4405,0.4022,0.4405
5209937,Inaciolândia - GO,52,1.5,0.3632,0.403,0.3879,0.6952,0.0054,True,False,0.0,5891,0.45,0.3632,0.403,0.3632,0.403,0.3632,0.403
5209952,Indiara - GO,52,1.5,0.4143,0.45,0.4057,0.7146,0.0116,True,False,0.0,16983,0.45,0.4453,0.4792,0.4143,0.45,0.4031,0.4395
5210000,Inhumas - GO,52,1.5,0.4634,0.4928,0.4534,0.7862,0.0103,True,False,0.0,51817,0.45,0.494,0.5218,0.4634,0.4928,0.4523,0.4823
5210109,Ipameri - GO,52,1.5,0.4243,0.456,0.4312,0.767,0.0104,True,False,0.0,25412,0.49,0.4298,0.4613,0.4243,0.456,0.4224,0.4543
5210158,Ipiranga de Goiás - GO,52,1.5,0.3505,0.3916,0.3844,0.6809,0.0068,True,False,0.0,2920,0.42,0.3505,0.3916,0.3505,0.3916,0.3505,0.3916
5210208,Iporá - GO,52,1.5,0.4617,0.4891,0.4759,0.8203,0.0066,True,False,0.0,35310,0.51,0.4701,0.497,0.4617,0.4891,0.4588,0.4864
5210307,Israelândia - GO,52,1.5,0.4072,0.4436,0.4414,0.731,0.0098,True,False,0.0,2494,0.43,0.4072,0.4436,0.4072,0.4436,0.4072,0.4436
5210406,Itaberaí - GO,52,1.5,0.4145,0.4481,0.4201,0.7405,0.0106,True,False,0.0,44619,0.55,0.4145,0.4481,0.4145,0.4481,0.4145,0.4481
5210562,Itaguari - GO,52,1.5,0.3701,0.4104,0.3862,0.6866,0.0176,True,False,0.0,4964,0.39,0.3701,0.4104,0.3701,0.4104,0.3701,0.4104
5210604,Itaguaru - GO,52,1.5,0.3786,0.4204,0.3932,0.6616,0.0156,True,False,0.0,4884,0.46,0.404,0.4441,0.3786,0.4204,0.3697,0.412
5210802,Itajá - GO,52,1.5,0.4996,0.5265,0.4425,0.775,0.0114,True,False,0.0,4368,0.44,0.5689,0.5926,0.4996,0.5265,0.4712,0.4995
5210901,Itapaci - GO,52,1.5,0.4288,0.462,0.4475,0.7622,0.0172,True,False,0.0,21022,0.56,0.4288,0.462,0.4288,0.462,0.4288,0.462
5211008,Itapirapuã - GO,52,1.5,0.4302,0.4654,0.3948,0.7175,0.0183,True,False,0.0,7979,0.46,0.4685,0.5014,0.4302,0.4654,0.4161,0.4522
5211206,Itapuranga - GO,52,1.5,0.4084,0.442,0.4383,0.7522,0.0107,True,False,0.0,25935,0.48,0.4084,0.442,0.4084,0.442,0.4084,0.442
5211305,Itarumã - GO,52,1.5,0.5115,0.5384,0.4364,0.7946,0.0206,True,False,0.0,6050,0.6,0.5742,0.598,0.5115,0.5384,0.4863,0.5144
5211404,Itauçu - GO,52,1.5,0.3779,0.4127,0.3943,0.7284,0.0082,True,False,0.0,7631,0.46,0.3779,0.4127,0.3779,0.4127,0.3779,0.4127
5211503,Itumbiara - GO,52,1.5,0.4852,0.5107,0.4828,0.8393,0.0078,True,False,0.0,107347,0.49,0.5053,0.5299,0.4852,0.5107,0.4781,0.504
5211602,Ivolândia - GO,52,1.5,0.4904,0.5206,0.4105,0.7439,0.035,True,False,0.0,2683,0.45,0.5614,0.5879,0.4904,0.5206,0.4613,0.4931
5211701,Jandaia - GO,52,1.5,0.4327,0.4628,0.4409,0.8064,0.0109,True,False,0.0,6263,0.44,0.4327,0.4628,0.4327,0.4628,0.4327,0.4628
5211800,Jaraguá - GO,52,1.5,0.4164,0.4516,0.4213,0.7429,0.0096,True,False,0.0,45017,0.45,0.423,0.4578,0.4164,0.4516,0.4142,0.4495
5211909,Jataí - GO,52,1.5,0.4816,0.5075,0.4727,0.8254,0.0071,True,False,0.0,104934,0.55,0.5143,0.5387,0.4816,0.5075,0.4696,0.4961
5212006,Jaupaci - GO,52,1.5,0.3606,0.4029,0.4183,0.6506,0.0063,True,True,0.0,2840,0.41,0.3606,0.4029,0.3606,0.4029,0.3606,0.4029
5212055,Jesúpolis - GO,52,1.5,0.4904,0.519,0.4637,0.8471,0.017,True,False,0.0,2123,0.45,0.516,0.5432,0.4904,0.519,0.4812,0.5104
5212105,Joviânia - GO,52,1.5,0.4913,0.52,0.4139,0.7563,0.0178,True,False,0.0,7101,0.48,0.5621,0.5873,0.4913,0.52,0.4623,0.4924
5212204,Jussara - GO,52,1.5,0.4622,0.4914,0.4324,0.7652,0.0165,True,False,0.0,19499,0.66,0.4982,0.5255,0.4622,0.4914,0.4491,0.4789
5212253,Lagoa Santa - GO,52,1.5,0.3874,0.4235,0.426,0.769,0.0258,True,True,0.0,1388,0.52,0.3874,0.4235,0.3874,0.4235,0.3874,0.4235
5212303,Leopoldo de Bulhões - GO,52,1.5,0.4573,0.489,0.4292,0.7759,0.0115,True,False,0.0,8640,0.44,0.4967,0.5262,0.4573,0.489,0.4428,0.4753
5212501,Luziânia - GO,52,1.5,0.4354,0.4676,0.4589,0.8041,0.0067,True,False,0.0,207999,0.5,0.4354,0.4676,0.4354,0.4676,0.4354,0.4676
5212600,Mairipotaba - GO,52,1.5,0.4587,0.4889,0.4377,0.7997,0.0143,True,False,0.0,2541,0.66,0.477,0.5062,0.4587,0.4889,0.4523,0.4829
5212709,Mambaí - GO,52,1.5,0.3664,0.4072,0.3962,0.681,0.0128,True,False,0.0,8092,0.53,0.3664,0.4072,0.3664,0.4072,0.3664,0.4072
5212808,Mara Rosa - GO,52,1.5,0.4391,0.4709,0.4327,0.7784,0.0157,True,False,0.0,10653,0.48,0.4391,0.4709,0.4391,0.4709,0.4391,0.4709
5212907,Marzagão - GO,52,1.5,0.4777,0.5088,0.418,0.7732,0.0131,True,False,0.0,2758,0.46,0.5442,0.5717,0.4777,0.5088,0.451,0.4836
5212956,Matrinchã - GO,52,1.5,0.3618,0.4045,0.3814,0.6886,0.0188,True,False,0.0,4034,0.41,0.3618,0.4045,0.3618,0.4045,0.3618,0.4045
5213004,Maurilândia - GO,52,1.5,0.4015,0.4359,0.4318,0.7762,0.011,True,False,0.0,10214,0.42,0.4015,0.4359,0.4015,0.4359,0.4015,0.4359
5213053,Mimoso de Goiás - GO,52,1.5,0.3783,0.4167,0.3769,0.6651,0.0259,True,False,0.0,2607,0.58,0.3783,0.4167,0.3783,0.4167,0.3783,0.4167
5213087,Minaçu - GO,52,1.5,0.464,0.4946,0.4821,0.8295,0.009,True,False,0.0,26721,0.52,0.4842,0.5137,0.464,0.4946,0.457,0.488
5213103,Mineiros - GO,52,1.5,0.5132,0.54,0.4942,0.8245,0.0112,True,False,0.0,69686,0.55,0.559,0.5835,0.5132,0.54,0.4957,0.5234
5213400,Moiporá - GO,52,1.5,0.4242,0.4594,0.3862,0.702,0.0173,True,False,0.0,1685,0.43,0.4795,0.5115,0.4242,0.4594,0.403,0.4394
5213509,Monte Alegre de Goiás - GO,52,1.5,0.4867,0.5201,0.4661,0.8442,0.0103,True,False,0.0,6692,0.61,0.5303,0.5609,0.4867,0.5201,0.4704,0.5048
5213707,Montes Claros de Goiás - GO,52,1.5,0.4514,0.4822,0.4252,0.7548,0.0173,True,False,0.0,8732,0.49,0.4839,0.5129,0.4514,0.4822,0.4397,0.4711
5213756,Montividiu - GO,52,1.5,0.4106,0.4426,0.409,0.7517,0.0081,True,False,0.0,12422,0.49,0.4201,0.4516,0.4106,0.4426,0.4073,0.4395
5213772,Montividiu do Norte - GO,52,1.5,0.3546,0.3975,0.3735,0.6675,0.0218,True,False,0.0,3773,0.55,0.3546,0.3975,0.3546,0.3975,0.3546,0.3975
5213806,Morrinhos - GO,52,1.5,0.4518,0.4804,0.4872,0.7835,0.0076,True,True,0.0,50966,0.49,0.4518,0.4804,0.4518,0.4804,0.4518,0.4804
5213855,Morro Agudo de Goiás - GO,52,1.5,0.3901,0.4288,0.4337,0.7322,0.0216,True,True,0.0,2421,0.42,0.3901,0.4288,0.3901,0.4288,0.3901,0.4288
5213905,Mossâmedes - GO,52,1.5,0.459,0.4895,0.458,0.7932,0.022,True,False,0.0,4650,0.51,0.459,0.4895,0.459,0.4895,0.459,0.4895
5214002,Mozarlândia - GO,52,1.5,0.3441,0.3851,0.3655,0.6601,0.0087,True,False,0.0,14601,0.42,0.3441,0.3851,0.3441,0.3851,0.3441,0.3851
5214051,Mundo Novo - GO,52,1.5,0.4255,0.463,0.3855,0.6797,0.0144,True,False,0.0,6166,0.47,0.4861,0.5199,0.4255,0.463,0.402,0.441
5214101,Mutunópolis - GO,52,1.5,0.5104,0.5383,0.526,0.8491,0.0157,True,False,0.0,3533,0.54,0.5104,0.5383,0.5104,0.5383,0.5104,0.5383
5214408,Nazário - GO,52,1.5,0.369,0.407,0.3976,0.7138,0.0209,True,False,0.0,8173,0.49,0.369,0.407,0.369,0.407,0.369,0.407
5214507,Nerópolis - GO,52,1.5,0.4434,0.4739,0.4579,0.8139,0.0068,True,False,0.0,31895,0.42,0.4434,0.4739,0.4434,0.4739,0.4434,0.4739
5214606,Niquelândia - GO,52,1.5,0.4895,0.5172,0.4812,0.8337,0.0078,True,False,0.0,34716,0.53,0.5217,0.5478,0.4895,0.5172,0.4777,0.5061
5214705,Nova América - GO,52,1.5,0.3122,0.3585,0.3464,0.6215,0.0062,True,False,0.0,2338,0.37,0.3122,0.3585,0.3122,0.3585,0.3122,0.3585
5214804,Nova Aurora - GO,52,1.5,0.3958,0.4309,0.4043,0.748,0.0045,True,False,0.0,2086,0.43,0.3958,0.4309,0.3958,0.4309,0.3958,0.4309
5214838,Nova Crixás - GO,52,1.5,0.4155,0.4506,0.4021,0.7193,0.0108,True,False,0.0,12699,0.48,0.443,0.4765,0.4155,0.4506,0.4057,0.4414
5214861,Nova Glória - GO,52,1.5,0.435,0.4691,0.4388,0.788,0.0107,True,False,0.0,8293,0.47,0.4556,0.4884,0.435,0.4691,0.4278,0.4623
5214879,Nova Iguaçu de Goiás - GO,52,1.5,0.3806,0.4197,0.3835,0.6874,0.0317,True,False,0.0,3007,0.39,0.3806,0.4197,0.3806,0.4197,0.3806,0.4197
5214903,Nova Roma - GO,52,1.5,0.3921,0.4308,0.4026,0.7349,0.0162,True,False,0.0,3074,0.44,0.3921,0.4308,0.3921,0.4308,0.3921,0.4308
5215009,Nova Veneza - GO,52,1.5,0.391,0.4256,0.4011,0.7164,0.0128,True,False,0.0,9435,0.43,0.391,0.4256,0.391,0.4256,0.391,0.4256
5215207,Novo Brasil - GO,52,1.5,0.3637,0.4016,0.38,0.6777,0.018,True,False,0.0,3527,0.43,0.3637,0.4016,0.3637,0.4016,0.3637,0.4016
5215231,Novo Gama - GO,52,1.5,0.3862,0.4241,0.423,0.7311,0.005,True,False,0.0,103531,0.46,0.3862,0.4241,0.3862,0.4241,0.3862,0.4241
5215256,Novo Planalto - GO,52,1.5,0.3631,0.4042,0.3724,0.6758,0.0203,True,False,0.0,3709,0.49,0.3631,0.4042,0.3631,0.4042,0.3631,0.4042
5215306,Orizona - GO,52,1.5,0.4804,0.5064,0.4601,0.8419,0.0104,True,False,0.0,16297,0.51,0.4953,0.5205,0.4804,0.5064,0.4753,0.5015
5215405,Ouro Verde de Goiás - GO,52,1.5,0.3934,0.4275,0.4077,0.7453,0.0139,True,False,0.0,4058,0.49,0.3934,0.4275,0.3934,0.4275,0.3934,0.4275
5215504,Ouvidor - GO,52,1.5,0.4316,0.4645,0.4454,0.7424,0.0149,True,False,0.0,7155,0.44,0.4316,0.4645,0.4316,0.4645,0.4316,0.4645
5215603,Padre Bernardo - GO,52,1.5,0.4293,0.463,0.4455,0.7848,0.0101,True,False,0.0,34771,0.56,0.4293,0.463,0.4293,0.463,0.4293,0.463
5215652,Palestina de Goiás - GO,52,1.5,0.4185,0.4546,0.429,0.7469,0.0226,True,False,0.0,3133,0.38,0.4185,0.4546,0.4185,0.4546,0.4185,0.4546
5215702,Palmeiras de Goiás - GO,52,1.5,0.4013,0.436,0.4176,0.7458,0.0113,True,False,0.0,31795,0.44,0.4013,0.436,0.4013,0.436,0.4013,0.436
5215801,Palmelo - GO,52,1.5,0.4192,0.453,0.4082,0.7451,0.0232,True,False,0.0,2227,0.56,0.4192,0.453,0.4192,0.453,0.4192,0.453
5215900,Palminópolis - GO,52,1.5,0.3589,0.3977,0.3753,0.6814,0.0081,True,False,0.0,3848,0.52,0.3589,0.3977,0.3589,0.3977,0.3589,0.3977
5216007,Panamá - GO,52,1.5,0.394,0.4308,0.3674,0.6659,0.0143,True,False,0.0,2454,0.42,0.4311,0.4657,0.394,0.4308,0.3805,0.4181
5216304,Paranaiguara - GO,52,1.5,0.3734,0.4118,0.4107,0.7062,0.0165,True,False,0.0,7540,0.43,0.3734,0.4118,0.3734,0.4118,0.3734,0.4118
5216403,Paraúna - GO,52,1.5,0.4053,0.4389,0.4194,0.7141,0.0218,True,False,0.0,10608,0.46,0.4053,0.4389,0.4053,0.4389,0.4053,0.4389
5216452,Perolândia - GO,52,1.5,0.4221,0.4528,0.4403,0.7901,0.0073,True,False,0.0,2955,0.49,0.4221,0.4528,0.4221,0.4528,0.4221,0.4528
5216809,Petrolina de Goiás - GO,52,1.5,0.4134,0.4471,0.427,0.7534,0.0116,True,False,0.0,9555,0.41,0.4134,0.4471,0.4134,0.4471,0.4134,0.4471
5216908,Pilar de Goiás - GO,52,1.5,0.3696,0.4085,0.3995,0.6936,0.0144,True,False,0.0,2328,0.54,0.3696,0.4085,0.3696,0.4085,0.3696,0.4085
5217104,Piracanjuba - GO,52,1.5,0.4932,0.5174,0.4719,0.8451,0.0127,True,False,0.0,24682,0.47,0.5152,0.5384,0.4932,0.5174,0.4854,0.51
5217203,Piranhas - GO,52,1.5,0.3901,0.426,0.391,0.709,0.0143,True,False,0.0,11651,0.49,0.3901,0.426,0.3901,0.426,0.3901,0.426
5217302,Pirenópolis - GO,52,1.5,0.4474,0.4791,0.4431,0.7804,0.0109,True,False,0.0,26582,0.49,0.4574,0.4886,0.4474,0.4791,0.444,0.4759
5217401,Pires do Rio - GO,52,1.5,0.4281,0.4592,0.4272,0.7709,0.0155,True,False,0.0,32120,0.45,0.435,0.4657,0.4281,0.4592,0.4258,0.457
5217609,Planaltina - GO,52,1.5,0.4105,0.4454,0.4486,0.7634,0.0025,True,True,0.0,104122,0.43,0.4105,0.4454,0.4105,0.4454,0.4105,0.4454
5217708,Pontalina - GO,52,1.5,0.4377,0.4699,0.4403,0.7733,0.0134,True,False,0.0,18130,0.54,0.451,0.4825,0.4377,0.4699,0.4331,0.4656
5218003,Porangatu - GO,52,1.5,0.4807,0.509,0.4688,0.8271,0.0097,True,False,0.0,44117,0.56,0.5061,0.5331,0.4807,0.509,0.4716,0.5004
5218052,Porteirão - GO,52,1.5,0.398,0.4343,0.3933,0.6913,0.0112,True,False,0.0,4067,0.39,0.4106,0.4461,0.398,0.4343,0.3937,0.4302
5218102,Portelândia - GO,52,1.5,0.4398,0.4727,0.4594,0.7853,0.0123,True,False,0.0,3280,0.39,0.4731,0.5041,0.4398,0.4727,0.4278,0.4614
5218300,Posse - GO,52,1.5,0.4601,0.4891,0.4609,0.8357,0.0136,True,False,0.0,34718,0.54,0.4601,0.4891,0.4601,0.4891,0.4601,0.4891
5218391,Professor Jamil - GO,52,1.5,0.4055,0.4419,0.4087,0.7271,0.0253,True,False,0.0,3647,0.43,0.4055,0.4419,0.4055,0.4419,0.4055,0.4419
5218508,Quirinópolis - GO,52,1.5,0.4253,0.4572,0.4245,0.7634,0.0125,True,False,0.0,48153,0.46,0.4451,0.476,0.4253,0.4572,0.4184,0.4507
5218607,Rialma - GO,52,1.5,0.4227,0.4542,0.4249,0.7658,0.01,True,False,0.0,12080,0.44,0.4343,0.4652,0.4227,0.4542,0.4187,0.4504
5218706,Rianápolis - GO,52,1.5,0.3823,0.4176,0.4008,0.7246,0.0106,True,False,0.0,3965,0.41,0.3823,0.4176,0.3823,0.4176,0.3823,0.4176
5218789,Rio Quente - GO,52,1.5,0.4147,0.4489,0.4173,0.7613,0.0171,True,False,0.0,3825,0.44,0.4347,0.4677,0.4147,0.4489,0.4078,0.4423
5218805,Rio Verde - GO,52,1.5,0.5135,0.538,0.4948,0.8342,0.0096,True,False,0.0,224591,0.54,0.5573,0.5799,0.5135,0.538,0.4968,0.5221
5218904,Rubiataba - GO,52,1.5,0.3811,0.4165,0.3967,0.6921,0.0159,True,False,0.0,19668,0.43,0.3811,0.4165,0.3811,0.4165,0.3811,0.4165
5219001,Sanclerlândia - GO,52,1.5,0.4068,0.44,0.4082,0.7144,0.0203,True,False,0.0,7874,0.53,0.4173,0.4499,0.4068,0.44,0.4032,0.4366
5219100,Santa Bárbara de Goiás - GO,52,1.5,0.4283,0.4617,0.4074,0.7355,0.0115,True,False,0.0,6150,0.39,0.4595,0.4911,0.4283,0.4617,0.4171,0.4511
5219209,Santa Cruz de Goiás - GO,52,1.5,0.4167,0.4478,0.4255,0.7828,0.0164,True,False,0.0,2998,0.49,0.4167,0.4478,0.4167,0.4478,0.4167,0.4478
5219258,Santa Fé de Goiás - GO,52,1.5,0.4627,0.4958,0.4084,0.7029,0.0129,True,False,0.0,4937,0.48,0.5346,0.5637,0.4627,0.4958,0.4335,0.4683
5219308,Santa Helena de Goiás - GO,52,1.5,0.4357,0.4671,0.4455,0.7735,0.0094,True,False,0.0,38298,0.53,0.4434,0.4744,0.4357,0.4671,0.4331,0.4646
5219357,Santa Isabel - GO,52,1.5,0.3929,0.4308,0.4096,0.7398,0.0107,True,False,0.0,3530,0.4,0.3929,0.4308,0.3929,0.4308,0.3929,0.4308
5219407,Santa Rita do Araguaia - GO,52,1.5,0.5143,0.5394,0.5728,0.9317,0.005,True,True,0.0,5910,0.48,0.5143,0.5394,0.5143,0.5394,0.5143,0.5394
5219456,Santa Rita do Novo Destino - GO,52,1.5,0.4027,0.4391,0.4578,0.7548,0.0081,True,True,0.0,2688,0.44,0.4027,0.4391,0.4027,0.4391,0.4027,0.4391
5219506,Santa Rosa de Goiás - GO,52,1.5,0.3937,0.4289,0.4048,0.7349,0.0127,True,False,0.0,2812,0.43,0.3937,0.4289,0.3937,0.4289,0.3937,0.4289
5219605,Santa Tereza de Goiás - GO,52,1.5,0.3701,0.4092,0.3955,0.7053,0.0142,True,False,0.0,3294,0.46,0.3701,0.4092,0.3701,0.4092,0.3701,0.4092
5219704,Santa Terezinha de Goiás - GO,52,1.5,0.4064,0.443,0.4279,0.7572,0.0118,True,False,0.0,10598,0.5,0.4064,0.443,0.4064,0.443,0.4064,0.443
5219712,Santo Antônio da Barra - GO,52,1.5,0.3858,0.4238,0.3948,0.6914,0.0243,True,False,0.0,4261,0.42,0.3858,0.4238,0.3858,0.4238,0.3858,0.4238
5219738,Santo Antônio de Goiás - GO,52,1.5,0.4542,0.4826,0.4465,0.821,0.0163,True,False,0.0,7382,0.43,0.4542,0.4826,0.4542,0.4826,0.4542,0.4826
5219753,Santo Antônio do Descoberto - GO,52,1.5,0.4273,0.4616,0.4345,0.7681,0.0036,True,False,0.0,71881,0.45,0.4453,0.4785,0.4273,0.4616,0.421,0.4557
5219803,São Domingos - GO,52,1.5,0.446,0.4794,0.458,0.8215,0.0112,True,False,0.0,9668,0.6,0.446,0.4794,0.446,0.4794,0.446,0.4794
5219902,São Francisco de Goiás - GO,52,1.5,0.4152,0.4511,0.4588,0.7013,0.0086,True,True,0.0,6361,0.47,0.4332,0.468,0.4152,0.4511,0.409,0.4453
5220009,São João d'Aliança - GO,52,1.5,0.4602,0.4931,0.4916,0.8663,0.0182,True,False,0.0,14002,0.53,0.4602,0.4931,0.4602,0.4931,0.4602,0.4931
5220058,São João da Paraúna - GO,52,1.5,0.5193,0.5494,0.4901,0.741,0.0264,True,False,0.0,1774,0.49,0.5771,0.6039,0.5193,0.5494,0.4964,0.5277
5220108,São Luís de Montes Belos - GO,52,1.5,0.4845,0.511,0.45,0.8088,0.0126,True,False,0.0,33556,0.48,0.5207,0.5455,0.4845,0.511,0.4712,0.4984
5220157,São Luiz do Norte - GO,52,1.5,0.3893,0.4264,0.4088,0.7172,0.0099,True,False,0.0,4835,0.39,0.3893,0.4264,0.3893,0.4264,0.3893,0.4264
5220207,São Miguel do Araguaia - GO,52,1.5,0.4295,0.4616,0.4151,0.7369,0.017,True,False,0.0,21727,0.45,0.4542,0.4849,0.4295,0.4616,0.4208,0.4533
5220264,São Miguel do Passa Quatro - GO,52,1.5,0.5241,0.5491,0.4909,0.8758,0.0192,True,False,0.0,4367,0.44,0.5442,0.5681,0.5241,0.5491,0.517,0.5423
5220280,São Patrício - GO,52,1.5,0.3758,0.4155,0.4095,0.6921,0.009,True,False,0.0,2136,0.45,0.3758,0.4155,0.3758,0.4155,0.3758,0.4155
5220405,São Simão - GO,52,1.5,0.3966,0.4305,0.4172,0.7681,0.0095,True,False,0.0,16982,0.55,0.3966,0.4305,0.3966,0.4305,0.3966,0.4305
5220454,Senador Canedo - GO,52,1.5,0.4218,0.4553,0.4425,0.7624,0.0073,True,False,0.0,155440,0.43,0.4256,0.4589,0.4218,0.4553,0.4205,0.454
5220504,Serranópolis - GO,52,1.5,0.4106,0.4455,0.4085,0.7011,0.0046,True,False,0.0,7895,0.48,0.4426,0.4757,0.4106,0.4455,0.3991,0.4346
5220603,Silvânia - GO,52,1.5,0.4612,0.4896,0.4725,0.8192,0.0163,True,False,0.0,22123,0.51,0.4612,0.4896,0.4612,0.4896,0.4612,0.4896
5220686,Simolândia - GO,52,1.5,0.3912,0.428,0.407,0.7158,0.0158,True,False,0.0,5727,0.47,0.3912,0.428,0.3912,0.428,0.3912,0.428
5220702,Sítio d'Abadia - GO,52,1.5,0.4314,0.4654,0.4406,0.765,0.0189,True,False,0.0,2914,0.56,0.4314,0.4654,0.4314,0.4654,0.4314,0.4654
5221007,Taquaral de Goiás - GO,52,1.5,0.4288,0.4629,0.3874,0.7075,0.0248,True,False,0.0,4019,0.43,0.475,0.5066,0.4288,0.4629,0.4115,0.4466
5221080,Teresina de Goiás - GO,52,1.5,0.4304,0.4649,0.4536,0.7911,0.0054,True,False,0.0,2696,0.52,0.4304,0.4649,0.4304,0.4649,0.4304,0.4649
5221197,Terezópolis de Goiás - GO,52,1.5,0.4792,0.5134,0.4387,0.7497,0.0233,True,False,0.0,7935,0.43,0.531,0.562,0.4792,0.5134,0.4593,0.4947
5221304,Três Ranchos - GO,52,1.5,0.3855,0.4235,0.401,0.7377,0.0163,True,False,0.0,2918,0.47,0.3855,0.4235,0.3855,0.4235,0.3855,0.4235
5221403,Trindade - GO,52,1.5,0.4334,0.4649,0.4479,0.7897,0.0069,True,False,0.0,141530,0.42,0.4403,0.4715,0.4334,0.4649,0.4311,0.4627
5221452,Trombas - GO,52,1.5,0.3851,0.42,0.4025,0.7238,0.0185,True,False,0.0,3114,0.52,0.3851,0.42,0.3851,0.42,0.3851,0.42
5221502,Turvânia - GO,52,1.5,0.4503,0.4844,0.3952,0.6877,0.0128,True,False,0.0,4472,0.47,0.5169,0.5472,0.4503,0.4844,0.4238,0.4595
5221551,Turvelândia - GO,52,1.5,0.3961,0.4327,0.4112,0.74,0.0089,True,False,0.0,4986,0.45,0.3961,0.4327,0.3961,0.4327,0.3961,0.4327
5221577,Uirapuru - GO,52,1.5,0.3897,0.426,0.4017,0.7124,0.0113,True,False,0.0,2797,0.44,0.3897,0.426,0.3897,0.426,0.3897,0.426
5221601,Uruaçu - GO,52,1.5,0.4522,0.4806,0.444,0.7898,0.0128,True,False,0.0,42354,0.57,0.4661,0.4939,0.4522,0.4806,0.4474,0.4761
5221700,Uruana - GO,52,1.5,0.408,0.4416,0.4104,0.7479,0.0114,True,False,0.0,13629,0.46,0.408,0.4416,0.408,0.4416,0.408,0.4416
5221809,Urutaí - GO,52,1.5,0.4216,0.4513,0.4308,0.7848,0.0125,True,False,0.0,3542,0.49,0.4216,0.4513,0.4216,0.4513,0.4216,0.4513
5221858,Valparaíso de Goiás - GO,52,1.5,0.4237,0.4538,0.4546,0.8058,0.0038,True,True,0.0,198533,0.5,0.4237,0.4538,0.4237,0.4538,0.4237,0.4538
5221908,Varjão - GO,52,1.5,0.4978,0.5277,0.4235,0.7565,0.0161,True,False,0.0,3716,0.46,0.5644,0.5907,0.4978,0.5277,0.4708,0.5021
5222005,Vianópolis - GO,52,1.5,0.4801,0.5064,0.4457,0.7952,0.0165,True,False,0.0,14869,0.46,0.514,0.5388,0.4801,0.5064,0.4677,0.4946
5222054,Vicentinópolis - GO,52,1.5,0.3564,0.3975,0.3756,0.6876,0.0122,True,False,0.0,8673,0.46,0.3564,0.3975,0.3564,0.3975,0.3564,0.3975
5222203,Vila Boa - GO,52,1.5,0.4347,0.4702,0.497,0.7338,0.0149,True,True,0.0,4183,0.48,0.4347,0.4702,0.4347,0.4702,0.4347,0.4702
5222302,Vila Propício - GO,52,1.5,0.4561,0.4893,0.419,0.7242,0.0094,True,False,0.0,5802,0.47,0.5141,0.544,0.4561,0.4893,0.4336,0.468
5300108,Brasília - DF,53,1.5,0.5915,0.6071,0.5872,1.0974,0.0109,True,False,0.0,2791115,0.63,0.6332,0.6476,0.5915,0.6071,0.5754,0.5914
